#pragma once
#include <stdint.h>
static const uint8_t embedded_coreutils_elf[] = {
    0x7f, 0x45, 0x4c, 0x46, 0x01, 0x01, 0x01, 0x00, 0x00, 0x00, 0x00, 0x00,
    0x00, 0x00, 0x00, 0x00, 0x02, 0x00, 0x03, 0x00, 0x01, 0x00, 0x00, 0x00,
    0x00, 0x00, 0x40, 0x00, 0x34, 0x00, 0x00, 0x00, 0x30, 0x41, 0x00, 0x00,
    0x00, 0x00, 0x00, 0x00, 0x34, 0x00, 0x20, 0x00, 0x02, 0x00, 0x28, 0x00,
    0x08, 0x00, 0x07, 0x00, 0x01, 0x00, 0x00, 0x00, 0x00, 0x10, 0x00, 0x00,
    0x00, 0x00, 0x40, 0x00, 0x00, 0x00, 0x40, 0x00, 0x30, 0x29, 0x00, 0x00,
    0x44, 0xf1, 0x00, 0x00, 0x07, 0x00, 0x00, 0x00, 0x00, 0x10, 0x00, 0x00,
    0x51, 0xe5, 0x74, 0x64, 0x00, 0x00, 0x00, 0x00, 0x00, 0x00, 0x00, 0x00,
    0x00, 0x00, 0x00, 0x00, 0x00, 0x00, 0x00, 0x00, 0x00, 0x00, 0x00, 0x00,
    0x06, 0x00, 0x00, 0x00, 0x10, 0x00, 0x00, 0x00, 0x00, 0x00, 0x00, 0x00,
    0x00, 0x00, 0x00, 0x00, 0x00, 0x00, 0x00, 0x00, 0x00, 0x00, 0x00, 0x00,
    0x00, 0x00, 0x00, 0x00, 0x00, 0x00, 0x00, 0x00, 0x00, 0x00, 0x00, 0x00,
    0x00, 0x00, 0x00, 0x00, 0x00, 0x00, 0x00, 0x00, 0x00, 0x00, 0x00, 0x00,
    0x00, 0x00, 0x00, 0x00, 0x00, 0x00, 0x00, 0x00, 0x00, 0x00, 0x00, 0x00,
    0x00, 0x00, 0x00, 0x00, 0x00, 0x00, 0x00, 0x00, 0x00, 0x00, 0x00, 0x00,
    0x00, 0x00, 0x00, 0x00, 0x00, 0x00, 0x00, 0x00, 0x00, 0x00, 0x00, 0x00,
    0x00, 0x00, 0x00, 0x00, 0x00, 0x00, 0x00, 0x00, 0x00, 0x00, 0x00, 0x00,
    0x00, 0x00, 0x00, 0x00, 0x00, 0x00, 0x00, 0x00, 0x00, 0x00, 0x00, 0x00,
    0x00, 0x00, 0x00, 0x00, 0x00, 0x00, 0x00, 0x00, 0x00, 0x00, 0x00, 0x00,
    0x00, 0x00, 0x00, 0x00, 0x00, 0x00, 0x00, 0x00, 0x00, 0x00, 0x00, 0x00,
    0x00, 0x00, 0x00, 0x00, 0x00, 0x00, 0x00, 0x00, 0x00, 0x00, 0x00, 0x00,
    0x00, 0x00, 0x00, 0x00, 0x00, 0x00, 0x00, 0x00, 0x00, 0x00, 0x00, 0x00,
    0x00, 0x00, 0x00, 0x00, 0x00, 0x00, 0x00, 0x00, 0x00, 0x00, 0x00, 0x00,
    0x00, 0x00, 0x00, 0x00, 0x00, 0x00, 0x00, 0x00, 0x00, 0x00, 0x00, 0x00,
    0x00, 0x00, 0x00, 0x00, 0x00, 0x00, 0x00, 0x00, 0x00, 0x00, 0x00, 0x00,
    0x00, 0x00, 0x00, 0x00, 0x00, 0x00, 0x00, 0x00, 0x00, 0x00, 0x00, 0x00,
    0x00, 0x00, 0x00, 0x00, 0x00, 0x00, 0x00, 0x00, 0x00, 0x00, 0x00, 0x00,
    0x00, 0x00, 0x00, 0x00, 0x00, 0x00, 0x00, 0x00, 0x00, 0x00, 0x00, 0x00,
    0x00, 0x00, 0x00, 0x00, 0x00, 0x00, 0x00, 0x00, 0x00, 0x00, 0x00, 0x00,
    0x00, 0x00, 0x00, 0x00, 0x00, 0x00, 0x00, 0x00, 0x00, 0x00, 0x00, 0x00,
    0x00, 0x00, 0x00, 0x00, 0x00, 0x00, 0x00, 0x00, 0x00, 0x00, 0x00, 0x00,
    0x00, 0x00, 0x00, 0x00, 0x00, 0x00, 0x00, 0x00, 0x00, 0x00, 0x00, 0x00,
    0x00, 0x00, 0x00, 0x00, 0x00, 0x00, 0x00, 0x00, 0x00, 0x00, 0x00, 0x00,
    0x00, 0x00, 0x00, 0x00, 0x00, 0x00, 0x00, 0x00, 0x00, 0x00, 0x00, 0x00,
    0x00, 0x00, 0x00, 0x00, 0x00, 0x00, 0x00, 0x00, 0x00, 0x00, 0x00, 0x00,
    0x00, 0x00, 0x00, 0x00, 0x00, 0x00, 0x00, 0x00, 0x00, 0x00, 0x00, 0x00,
    0x00, 0x00, 0x00, 0x00, 0x00, 0x00, 0x00, 0x00, 0x00, 0x00, 0x00, 0x00,
    0x00, 0x00, 0x00, 0x00, 0x00, 0x00, 0x00, 0x00, 0x00, 0x00, 0x00, 0x00,
    0x00, 0x00, 0x00, 0x00, 0x00, 0x00, 0x00, 0x00, 0x00, 0x00, 0x00, 0x00,
    0x00, 0x00, 0x00, 0x00, 0x00, 0x00, 0x00, 0x00, 0x00, 0x00, 0x00, 0x00,
    0x00, 0x00, 0x00, 0x00, 0x00, 0x00, 0x00, 0x00, 0x00, 0x00, 0x00, 0x00,
    0x00, 0x00, 0x00, 0x00, 0x00, 0x00, 0x00, 0x00, 0x00, 0x00, 0x00, 0x00,
    0x00, 0x00, 0x00, 0x00, 0x00, 0x00, 0x00, 0x00, 0x00, 0x00, 0x00, 0x00,
    0x00, 0x00, 0x00, 0x00, 0x00, 0x00, 0x00, 0x00, 0x00, 0x00, 0x00, 0x00,
    0x00, 0x00, 0x00, 0x00, 0x00, 0x00, 0x00, 0x00, 0x00, 0x00, 0x00, 0x00,
    0x00, 0x00, 0x00, 0x00, 0x00, 0x00, 0x00, 0x00, 0x00, 0x00, 0x00, 0x00,
    0x00, 0x00, 0x00, 0x00, 0x00, 0x00, 0x00, 0x00, 0x00, 0x00, 0x00, 0x00,
    0x00, 0x00, 0x00, 0x00, 0x00, 0x00, 0x00, 0x00, 0x00, 0x00, 0x00, 0x00,
    0x00, 0x00, 0x00, 0x00, 0x00, 0x00, 0x00, 0x00, 0x00, 0x00, 0x00, 0x00,
    0x00, 0x00, 0x00, 0x00, 0x00, 0x00, 0x00, 0x00, 0x00, 0x00, 0x00, 0x00,
    0x00, 0x00, 0x00, 0x00, 0x00, 0x00, 0x00, 0x00, 0x00, 0x00, 0x00, 0x00,
    0x00, 0x00, 0x00, 0x00, 0x00, 0x00, 0x00, 0x00, 0x00, 0x00, 0x00, 0x00,
    0x00, 0x00, 0x00, 0x00, 0x00, 0x00, 0x00, 0x00, 0x00, 0x00, 0x00, 0x00,
    0x00, 0x00, 0x00, 0x00, 0x00, 0x00, 0x00, 0x00, 0x00, 0x00, 0x00, 0x00,
    0x00, 0x00, 0x00, 0x00, 0x00, 0x00, 0x00, 0x00, 0x00, 0x00, 0x00, 0x00,
    0x00, 0x00, 0x00, 0x00, 0x00, 0x00, 0x00, 0x00, 0x00, 0x00, 0x00, 0x00,
    0x00, 0x00, 0x00, 0x00, 0x00, 0x00, 0x00, 0x00, 0x00, 0x00, 0x00, 0x00,
    0x00, 0x00, 0x00, 0x00, 0x00, 0x00, 0x00, 0x00, 0x00, 0x00, 0x00, 0x00,
    0x00, 0x00, 0x00, 0x00, 0x00, 0x00, 0x00, 0x00, 0x00, 0x00, 0x00, 0x00,
    0x00, 0x00, 0x00, 0x00, 0x00, 0x00, 0x00, 0x00, 0x00, 0x00, 0x00, 0x00,
    0x00, 0x00, 0x00, 0x00, 0x00, 0x00, 0x00, 0x00, 0x00, 0x00, 0x00, 0x00,
    0x00, 0x00, 0x00, 0x00, 0x00, 0x00, 0x00, 0x00, 0x00, 0x00, 0x00, 0x00,
    0x00, 0x00, 0x00, 0x00, 0x00, 0x00, 0x00, 0x00, 0x00, 0x00, 0x00, 0x00,
    0x00, 0x00, 0x00, 0x00, 0x00, 0x00, 0x00, 0x00, 0x00, 0x00, 0x00, 0x00,
    0x00, 0x00, 0x00, 0x00, 0x00, 0x00, 0x00, 0x00, 0x00, 0x00, 0x00, 0x00,
    0x00, 0x00, 0x00, 0x00, 0x00, 0x00, 0x00, 0x00, 0x00, 0x00, 0x00, 0x00,
    0x00, 0x00, 0x00, 0x00, 0x00, 0x00, 0x00, 0x00, 0x00, 0x00, 0x00, 0x00,
    0x00, 0x00, 0x00, 0x00, 0x00, 0x00, 0x00, 0x00, 0x00, 0x00, 0x00, 0x00,
    0x00, 0x00, 0x00, 0x00, 0x00, 0x00, 0x00, 0x00, 0x00, 0x00, 0x00, 0x00,
    0x00, 0x00, 0x00, 0x00, 0x00, 0x00, 0x00, 0x00, 0x00, 0x00, 0x00, 0x00,
    0x00, 0x00, 0x00, 0x00, 0x00, 0x00, 0x00, 0x00, 0x00, 0x00, 0x00, 0x00,
    0x00, 0x00, 0x00, 0x00, 0x00, 0x00, 0x00, 0x00, 0x00, 0x00, 0x00, 0x00,
    0x00, 0x00, 0x00, 0x00, 0x00, 0x00, 0x00, 0x00, 0x00, 0x00, 0x00, 0x00,
    0x00, 0x00, 0x00, 0x00, 0x00, 0x00, 0x00, 0x00, 0x00, 0x00, 0x00, 0x00,
    0x00, 0x00, 0x00, 0x00, 0x00, 0x00, 0x00, 0x00, 0x00, 0x00, 0x00, 0x00,
    0x00, 0x00, 0x00, 0x00, 0x00, 0x00, 0x00, 0x00, 0x00, 0x00, 0x00, 0x00,
    0x00, 0x00, 0x00, 0x00, 0x00, 0x00, 0x00, 0x00, 0x00, 0x00, 0x00, 0x00,
    0x00, 0x00, 0x00, 0x00, 0x00, 0x00, 0x00, 0x00, 0x00, 0x00, 0x00, 0x00,
    0x00, 0x00, 0x00, 0x00, 0x00, 0x00, 0x00, 0x00, 0x00, 0x00, 0x00, 0x00,
    0x00, 0x00, 0x00, 0x00, 0x00, 0x00, 0x00, 0x00, 0x00, 0x00, 0x00, 0x00,
    0x00, 0x00, 0x00, 0x00, 0x00, 0x00, 0x00, 0x00, 0x00, 0x00, 0x00, 0x00,
    0x00, 0x00, 0x00, 0x00, 0x00, 0x00, 0x00, 0x00, 0x00, 0x00, 0x00, 0x00,
    0x00, 0x00, 0x00, 0x00, 0x00, 0x00, 0x00, 0x00, 0x00, 0x00, 0x00, 0x00,
    0x00, 0x00, 0x00, 0x00, 0x00, 0x00, 0x00, 0x00, 0x00, 0x00, 0x00, 0x00,
    0x00, 0x00, 0x00, 0x00, 0x00, 0x00, 0x00, 0x00, 0x00, 0x00, 0x00, 0x00,
    0x00, 0x00, 0x00, 0x00, 0x00, 0x00, 0x00, 0x00, 0x00, 0x00, 0x00, 0x00,
    0x00, 0x00, 0x00, 0x00, 0x00, 0x00, 0x00, 0x00, 0x00, 0x00, 0x00, 0x00,
    0x00, 0x00, 0x00, 0x00, 0x00, 0x00, 0x00, 0x00, 0x00, 0x00, 0x00, 0x00,
    0x00, 0x00, 0x00, 0x00, 0x00, 0x00, 0x00, 0x00, 0x00, 0x00, 0x00, 0x00,
    0x00, 0x00, 0x00, 0x00, 0x00, 0x00, 0x00, 0x00, 0x00, 0x00, 0x00, 0x00,
    0x00, 0x00, 0x00, 0x00, 0x00, 0x00, 0x00, 0x00, 0x00, 0x00, 0x00, 0x00,
    0x00, 0x00, 0x00, 0x00, 0x00, 0x00, 0x00, 0x00, 0x00, 0x00, 0x00, 0x00,
    0x00, 0x00, 0x00, 0x00, 0x00, 0x00, 0x00, 0x00, 0x00, 0x00, 0x00, 0x00,
    0x00, 0x00, 0x00, 0x00, 0x00, 0x00, 0x00, 0x00, 0x00, 0x00, 0x00, 0x00,
    0x00, 0x00, 0x00, 0x00, 0x00, 0x00, 0x00, 0x00, 0x00, 0x00, 0x00, 0x00,
    0x00, 0x00, 0x00, 0x00, 0x00, 0x00, 0x00, 0x00, 0x00, 0x00, 0x00, 0x00,
    0x00, 0x00, 0x00, 0x00, 0x00, 0x00, 0x00, 0x00, 0x00, 0x00, 0x00, 0x00,
    0x00, 0x00, 0x00, 0x00, 0x00, 0x00, 0x00, 0x00, 0x00, 0x00, 0x00, 0x00,
    0x00, 0x00, 0x00, 0x00, 0x00, 0x00, 0x00, 0x00, 0x00, 0x00, 0x00, 0x00,
    0x00, 0x00, 0x00, 0x00, 0x00, 0x00, 0x00, 0x00, 0x00, 0x00, 0x00, 0x00,
    0x00, 0x00, 0x00, 0x00, 0x00, 0x00, 0x00, 0x00, 0x00, 0x00, 0x00, 0x00,
    0x00, 0x00, 0x00, 0x00, 0x00, 0x00, 0x00, 0x00, 0x00, 0x00, 0x00, 0x00,
    0x00, 0x00, 0x00, 0x00, 0x00, 0x00, 0x00, 0x00, 0x00, 0x00, 0x00, 0x00,
    0x00, 0x00, 0x00, 0x00, 0x00, 0x00, 0x00, 0x00, 0x00, 0x00, 0x00, 0x00,
    0x00, 0x00, 0x00, 0x00, 0x00, 0x00, 0x00, 0x00, 0x00, 0x00, 0x00, 0x00,
    0x00, 0x00, 0x00, 0x00, 0x00, 0x00, 0x00, 0x00, 0x00, 0x00, 0x00, 0x00,
    0x00, 0x00, 0x00, 0x00, 0x00, 0x00, 0x00, 0x00, 0x00, 0x00, 0x00, 0x00,
    0x00, 0x00, 0x00, 0x00, 0x00, 0x00, 0x00, 0x00, 0x00, 0x00, 0x00, 0x00,
    0x00, 0x00, 0x00, 0x00, 0x00, 0x00, 0x00, 0x00, 0x00, 0x00, 0x00, 0x00,
    0x00, 0x00, 0x00, 0x00, 0x00, 0x00, 0x00, 0x00, 0x00, 0x00, 0x00, 0x00,
    0x00, 0x00, 0x00, 0x00, 0x00, 0x00, 0x00, 0x00, 0x00, 0x00, 0x00, 0x00,
    0x00, 0x00, 0x00, 0x00, 0x00, 0x00, 0x00, 0x00, 0x00, 0x00, 0x00, 0x00,
    0x00, 0x00, 0x00, 0x00, 0x00, 0x00, 0x00, 0x00, 0x00, 0x00, 0x00, 0x00,
    0x00, 0x00, 0x00, 0x00, 0x00, 0x00, 0x00, 0x00, 0x00, 0x00, 0x00, 0x00,
    0x00, 0x00, 0x00, 0x00, 0x00, 0x00, 0x00, 0x00, 0x00, 0x00, 0x00, 0x00,
    0x00, 0x00, 0x00, 0x00, 0x00, 0x00, 0x00, 0x00, 0x00, 0x00, 0x00, 0x00,
    0x00, 0x00, 0x00, 0x00, 0x00, 0x00, 0x00, 0x00, 0x00, 0x00, 0x00, 0x00,
    0x00, 0x00, 0x00, 0x00, 0x00, 0x00, 0x00, 0x00, 0x00, 0x00, 0x00, 0x00,
    0x00, 0x00, 0x00, 0x00, 0x00, 0x00, 0x00, 0x00, 0x00, 0x00, 0x00, 0x00,
    0x00, 0x00, 0x00, 0x00, 0x00, 0x00, 0x00, 0x00, 0x00, 0x00, 0x00, 0x00,
    0x00, 0x00, 0x00, 0x00, 0x00, 0x00, 0x00, 0x00, 0x00, 0x00, 0x00, 0x00,
    0x00, 0x00, 0x00, 0x00, 0x00, 0x00, 0x00, 0x00, 0x00, 0x00, 0x00, 0x00,
    0x00, 0x00, 0x00, 0x00, 0x00, 0x00, 0x00, 0x00, 0x00, 0x00, 0x00, 0x00,
    0x00, 0x00, 0x00, 0x00, 0x00, 0x00, 0x00, 0x00, 0x00, 0x00, 0x00, 0x00,
    0x00, 0x00, 0x00, 0x00, 0x00, 0x00, 0x00, 0x00, 0x00, 0x00, 0x00, 0x00,
    0x00, 0x00, 0x00, 0x00, 0x00, 0x00, 0x00, 0x00, 0x00, 0x00, 0x00, 0x00,
    0x00, 0x00, 0x00, 0x00, 0x00, 0x00, 0x00, 0x00, 0x00, 0x00, 0x00, 0x00,
    0x00, 0x00, 0x00, 0x00, 0x00, 0x00, 0x00, 0x00, 0x00, 0x00, 0x00, 0x00,
    0x00, 0x00, 0x00, 0x00, 0x00, 0x00, 0x00, 0x00, 0x00, 0x00, 0x00, 0x00,
    0x00, 0x00, 0x00, 0x00, 0x00, 0x00, 0x00, 0x00, 0x00, 0x00, 0x00, 0x00,
    0x00, 0x00, 0x00, 0x00, 0x00, 0x00, 0x00, 0x00, 0x00, 0x00, 0x00, 0x00,
    0x00, 0x00, 0x00, 0x00, 0x00, 0x00, 0x00, 0x00, 0x00, 0x00, 0x00, 0x00,
    0x00, 0x00, 0x00, 0x00, 0x00, 0x00, 0x00, 0x00, 0x00, 0x00, 0x00, 0x00,
    0x00, 0x00, 0x00, 0x00, 0x00, 0x00, 0x00, 0x00, 0x00, 0x00, 0x00, 0x00,
    0x00, 0x00, 0x00, 0x00, 0x00, 0x00, 0x00, 0x00, 0x00, 0x00, 0x00, 0x00,
    0x00, 0x00, 0x00, 0x00, 0x00, 0x00, 0x00, 0x00, 0x00, 0x00, 0x00, 0x00,
    0x00, 0x00, 0x00, 0x00, 0x00, 0x00, 0x00, 0x00, 0x00, 0x00, 0x00, 0x00,
    0x00, 0x00, 0x00, 0x00, 0x00, 0x00, 0x00, 0x00, 0x00, 0x00, 0x00, 0x00,
    0x00, 0x00, 0x00, 0x00, 0x00, 0x00, 0x00, 0x00, 0x00, 0x00, 0x00, 0x00,
    0x00, 0x00, 0x00, 0x00, 0x00, 0x00, 0x00, 0x00, 0x00, 0x00, 0x00, 0x00,
    0x00, 0x00, 0x00, 0x00, 0x00, 0x00, 0x00, 0x00, 0x00, 0x00, 0x00, 0x00,
    0x00, 0x00, 0x00, 0x00, 0x00, 0x00, 0x00, 0x00, 0x00, 0x00, 0x00, 0x00,
    0x00, 0x00, 0x00, 0x00, 0x00, 0x00, 0x00, 0x00, 0x00, 0x00, 0x00, 0x00,
    0x00, 0x00, 0x00, 0x00, 0x00, 0x00, 0x00, 0x00, 0x00, 0x00, 0x00, 0x00,
    0x00, 0x00, 0x00, 0x00, 0x00, 0x00, 0x00, 0x00, 0x00, 0x00, 0x00, 0x00,
    0x00, 0x00, 0x00, 0x00, 0x00, 0x00, 0x00, 0x00, 0x00, 0x00, 0x00, 0x00,
    0x00, 0x00, 0x00, 0x00, 0x00, 0x00, 0x00, 0x00, 0x00, 0x00, 0x00, 0x00,
    0x00, 0x00, 0x00, 0x00, 0x00, 0x00, 0x00, 0x00, 0x00, 0x00, 0x00, 0x00,
    0x00, 0x00, 0x00, 0x00, 0x00, 0x00, 0x00, 0x00, 0x00, 0x00, 0x00, 0x00,
    0x00, 0x00, 0x00, 0x00, 0x00, 0x00, 0x00, 0x00, 0x00, 0x00, 0x00, 0x00,
    0x00, 0x00, 0x00, 0x00, 0x00, 0x00, 0x00, 0x00, 0x00, 0x00, 0x00, 0x00,
    0x00, 0x00, 0x00, 0x00, 0x00, 0x00, 0x00, 0x00, 0x00, 0x00, 0x00, 0x00,
    0x00, 0x00, 0x00, 0x00, 0x00, 0x00, 0x00, 0x00, 0x00, 0x00, 0x00, 0x00,
    0x00, 0x00, 0x00, 0x00, 0x00, 0x00, 0x00, 0x00, 0x00, 0x00, 0x00, 0x00,
    0x00, 0x00, 0x00, 0x00, 0x00, 0x00, 0x00, 0x00, 0x00, 0x00, 0x00, 0x00,
    0x00, 0x00, 0x00, 0x00, 0x00, 0x00, 0x00, 0x00, 0x00, 0x00, 0x00, 0x00,
    0x00, 0x00, 0x00, 0x00, 0x00, 0x00, 0x00, 0x00, 0x00, 0x00, 0x00, 0x00,
    0x00, 0x00, 0x00, 0x00, 0x00, 0x00, 0x00, 0x00, 0x00, 0x00, 0x00, 0x00,
    0x00, 0x00, 0x00, 0x00, 0x00, 0x00, 0x00, 0x00, 0x00, 0x00, 0x00, 0x00,
    0x00, 0x00, 0x00, 0x00, 0x00, 0x00, 0x00, 0x00, 0x00, 0x00, 0x00, 0x00,
    0x00, 0x00, 0x00, 0x00, 0x00, 0x00, 0x00, 0x00, 0x00, 0x00, 0x00, 0x00,
    0x00, 0x00, 0x00, 0x00, 0x00, 0x00, 0x00, 0x00, 0x00, 0x00, 0x00, 0x00,
    0x00, 0x00, 0x00, 0x00, 0x00, 0x00, 0x00, 0x00, 0x00, 0x00, 0x00, 0x00,
    0x00, 0x00, 0x00, 0x00, 0x00, 0x00, 0x00, 0x00, 0x00, 0x00, 0x00, 0x00,
    0x00, 0x00, 0x00, 0x00, 0x00, 0x00, 0x00, 0x00, 0x00, 0x00, 0x00, 0x00,
    0x00, 0x00, 0x00, 0x00, 0x00, 0x00, 0x00, 0x00, 0x00, 0x00, 0x00, 0x00,
    0x00, 0x00, 0x00, 0x00, 0x00, 0x00, 0x00, 0x00, 0x00, 0x00, 0x00, 0x00,
    0x00, 0x00, 0x00, 0x00, 0x00, 0x00, 0x00, 0x00, 0x00, 0x00, 0x00, 0x00,
    0x00, 0x00, 0x00, 0x00, 0x00, 0x00, 0x00, 0x00, 0x00, 0x00, 0x00, 0x00,
    0x00, 0x00, 0x00, 0x00, 0x00, 0x00, 0x00, 0x00, 0x00, 0x00, 0x00, 0x00,
    0x00, 0x00, 0x00, 0x00, 0x00, 0x00, 0x00, 0x00, 0x00, 0x00, 0x00, 0x00,
    0x00, 0x00, 0x00, 0x00, 0x00, 0x00, 0x00, 0x00, 0x00, 0x00, 0x00, 0x00,
    0x00, 0x00, 0x00, 0x00, 0x00, 0x00, 0x00, 0x00, 0x00, 0x00, 0x00, 0x00,
    0x00, 0x00, 0x00, 0x00, 0x00, 0x00, 0x00, 0x00, 0x00, 0x00, 0x00, 0x00,
    0x00, 0x00, 0x00, 0x00, 0x00, 0x00, 0x00, 0x00, 0x00, 0x00, 0x00, 0x00,
    0x00, 0x00, 0x00, 0x00, 0x00, 0x00, 0x00, 0x00, 0x00, 0x00, 0x00, 0x00,
    0x00, 0x00, 0x00, 0x00, 0x00, 0x00, 0x00, 0x00, 0x00, 0x00, 0x00, 0x00,
    0x00, 0x00, 0x00, 0x00, 0x00, 0x00, 0x00, 0x00, 0x00, 0x00, 0x00, 0x00,
    0x00, 0x00, 0x00, 0x00, 0x00, 0x00, 0x00, 0x00, 0x00, 0x00, 0x00, 0x00,
    0x00, 0x00, 0x00, 0x00, 0x00, 0x00, 0x00, 0x00, 0x00, 0x00, 0x00, 0x00,
    0x00, 0x00, 0x00, 0x00, 0x00, 0x00, 0x00, 0x00, 0x00, 0x00, 0x00, 0x00,
    0x00, 0x00, 0x00, 0x00, 0x00, 0x00, 0x00, 0x00, 0x00, 0x00, 0x00, 0x00,
    0x00, 0x00, 0x00, 0x00, 0x00, 0x00, 0x00, 0x00, 0x00, 0x00, 0x00, 0x00,
    0x00, 0x00, 0x00, 0x00, 0x00, 0x00, 0x00, 0x00, 0x00, 0x00, 0x00, 0x00,
    0x00, 0x00, 0x00, 0x00, 0x00, 0x00, 0x00, 0x00, 0x00, 0x00, 0x00, 0x00,
    0x00, 0x00, 0x00, 0x00, 0x00, 0x00, 0x00, 0x00, 0x00, 0x00, 0x00, 0x00,
    0x00, 0x00, 0x00, 0x00, 0x00, 0x00, 0x00, 0x00, 0x00, 0x00, 0x00, 0x00,
    0x00, 0x00, 0x00, 0x00, 0x00, 0x00, 0x00, 0x00, 0x00, 0x00, 0x00, 0x00,
    0x00, 0x00, 0x00, 0x00, 0x00, 0x00, 0x00, 0x00, 0x00, 0x00, 0x00, 0x00,
    0x00, 0x00, 0x00, 0x00, 0x00, 0x00, 0x00, 0x00, 0x00, 0x00, 0x00, 0x00,
    0x00, 0x00, 0x00, 0x00, 0x00, 0x00, 0x00, 0x00, 0x00, 0x00, 0x00, 0x00,
    0x00, 0x00, 0x00, 0x00, 0x00, 0x00, 0x00, 0x00, 0x00, 0x00, 0x00, 0x00,
    0x00, 0x00, 0x00, 0x00, 0x00, 0x00, 0x00, 0x00, 0x00, 0x00, 0x00, 0x00,
    0x00, 0x00, 0x00, 0x00, 0x00, 0x00, 0x00, 0x00, 0x00, 0x00, 0x00, 0x00,
    0x00, 0x00, 0x00, 0x00, 0x00, 0x00, 0x00, 0x00, 0x00, 0x00, 0x00, 0x00,
    0x00, 0x00, 0x00, 0x00, 0x00, 0x00, 0x00, 0x00, 0x00, 0x00, 0x00, 0x00,
    0x00, 0x00, 0x00, 0x00, 0x00, 0x00, 0x00, 0x00, 0x00, 0x00, 0x00, 0x00,
    0x00, 0x00, 0x00, 0x00, 0x00, 0x00, 0x00, 0x00, 0x00, 0x00, 0x00, 0x00,
    0x00, 0x00, 0x00, 0x00, 0x00, 0x00, 0x00, 0x00, 0x00, 0x00, 0x00, 0x00,
    0x00, 0x00, 0x00, 0x00, 0x00, 0x00, 0x00, 0x00, 0x00, 0x00, 0x00, 0x00,
    0x00, 0x00, 0x00, 0x00, 0x00, 0x00, 0x00, 0x00, 0x00, 0x00, 0x00, 0x00,
    0x00, 0x00, 0x00, 0x00, 0x00, 0x00, 0x00, 0x00, 0x00, 0x00, 0x00, 0x00,
    0x00, 0x00, 0x00, 0x00, 0x00, 0x00, 0x00, 0x00, 0x00, 0x00, 0x00, 0x00,
    0x00, 0x00, 0x00, 0x00, 0x00, 0x00, 0x00, 0x00, 0x00, 0x00, 0x00, 0x00,
    0x00, 0x00, 0x00, 0x00, 0x00, 0x00, 0x00, 0x00, 0x00, 0x00, 0x00, 0x00,
    0x00, 0x00, 0x00, 0x00, 0x00, 0x00, 0x00, 0x00, 0x00, 0x00, 0x00, 0x00,
    0x00, 0x00, 0x00, 0x00, 0x00, 0x00, 0x00, 0x00, 0x00, 0x00, 0x00, 0x00,
    0x00, 0x00, 0x00, 0x00, 0x00, 0x00, 0x00, 0x00, 0x00, 0x00, 0x00, 0x00,
    0x00, 0x00, 0x00, 0x00, 0x00, 0x00, 0x00, 0x00, 0x00, 0x00, 0x00, 0x00,
    0x00, 0x00, 0x00, 0x00, 0x00, 0x00, 0x00, 0x00, 0x00, 0x00, 0x00, 0x00,
    0x00, 0x00, 0x00, 0x00, 0x00, 0x00, 0x00, 0x00, 0x00, 0x00, 0x00, 0x00,
    0x00, 0x00, 0x00, 0x00, 0x00, 0x00, 0x00, 0x00, 0x00, 0x00, 0x00, 0x00,
    0x00, 0x00, 0x00, 0x00, 0x00, 0x00, 0x00, 0x00, 0x00, 0x00, 0x00, 0x00,
    0x00, 0x00, 0x00, 0x00, 0x00, 0x00, 0x00, 0x00, 0x00, 0x00, 0x00, 0x00,
    0x00, 0x00, 0x00, 0x00, 0x00, 0x00, 0x00, 0x00, 0x00, 0x00, 0x00, 0x00,
    0x00, 0x00, 0x00, 0x00, 0x00, 0x00, 0x00, 0x00, 0x00, 0x00, 0x00, 0x00,
    0x00, 0x00, 0x00, 0x00, 0x00, 0x00, 0x00, 0x00, 0x00, 0x00, 0x00, 0x00,
    0x00, 0x00, 0x00, 0x00, 0x00, 0x00, 0x00, 0x00, 0x00, 0x00, 0x00, 0x00,
    0x00, 0x00, 0x00, 0x00, 0x00, 0x00, 0x00, 0x00, 0x00, 0x00, 0x00, 0x00,
    0x00, 0x00, 0x00, 0x00, 0x00, 0x00, 0x00, 0x00, 0x00, 0x00, 0x00, 0x00,
    0x00, 0x00, 0x00, 0x00, 0x00, 0x00, 0x00, 0x00, 0x00, 0x00, 0x00, 0x00,
    0x00, 0x00, 0x00, 0x00, 0x00, 0x00, 0x00, 0x00, 0x00, 0x00, 0x00, 0x00,
    0x00, 0x00, 0x00, 0x00, 0x00, 0x00, 0x00, 0x00, 0x00, 0x00, 0x00, 0x00,
    0x00, 0x00, 0x00, 0x00, 0x00, 0x00, 0x00, 0x00, 0x00, 0x00, 0x00, 0x00,
    0x00, 0x00, 0x00, 0x00, 0x00, 0x00, 0x00, 0x00, 0x00, 0x00, 0x00, 0x00,
    0x00, 0x00, 0x00, 0x00, 0x00, 0x00, 0x00, 0x00, 0x00, 0x00, 0x00, 0x00,
    0x00, 0x00, 0x00, 0x00, 0x00, 0x00, 0x00, 0x00, 0x00, 0x00, 0x00, 0x00,
    0x00, 0x00, 0x00, 0x00, 0x00, 0x00, 0x00, 0x00, 0x00, 0x00, 0x00, 0x00,
    0x00, 0x00, 0x00, 0x00, 0x00, 0x00, 0x00, 0x00, 0x00, 0x00, 0x00, 0x00,
    0x00, 0x00, 0x00, 0x00, 0x00, 0x00, 0x00, 0x00, 0x00, 0x00, 0x00, 0x00,
    0x00, 0x00, 0x00, 0x00, 0x00, 0x00, 0x00, 0x00, 0x00, 0x00, 0x00, 0x00,
    0x00, 0x00, 0x00, 0x00, 0x00, 0x00, 0x00, 0x00, 0x00, 0x00, 0x00, 0x00,
    0x00, 0x00, 0x00, 0x00, 0x00, 0x00, 0x00, 0x00, 0x00, 0x00, 0x00, 0x00,
    0x00, 0x00, 0x00, 0x00, 0x00, 0x00, 0x00, 0x00, 0x00, 0x00, 0x00, 0x00,
    0x00, 0x00, 0x00, 0x00, 0x00, 0x00, 0x00, 0x00, 0x00, 0x00, 0x00, 0x00,
    0x00, 0x00, 0x00, 0x00, 0x00, 0x00, 0x00, 0x00, 0x00, 0x00, 0x00, 0x00,
    0x00, 0x00, 0x00, 0x00, 0x00, 0x00, 0x00, 0x00, 0x00, 0x00, 0x00, 0x00,
    0x00, 0x00, 0x00, 0x00, 0x00, 0x00, 0x00, 0x00, 0x00, 0x00, 0x00, 0x00,
    0x00, 0x00, 0x00, 0x00, 0x00, 0x00, 0x00, 0x00, 0x00, 0x00, 0x00, 0x00,
    0x00, 0x00, 0x00, 0x00, 0x00, 0x00, 0x00, 0x00, 0x00, 0x00, 0x00, 0x00,
    0x00, 0x00, 0x00, 0x00, 0x00, 0x00, 0x00, 0x00, 0x00, 0x00, 0x00, 0x00,
    0x00, 0x00, 0x00, 0x00, 0x00, 0x00, 0x00, 0x00, 0x00, 0x00, 0x00, 0x00,
    0x00, 0x00, 0x00, 0x00, 0x00, 0x00, 0x00, 0x00, 0x00, 0x00, 0x00, 0x00,
    0x00, 0x00, 0x00, 0x00, 0x00, 0x00, 0x00, 0x00, 0x00, 0x00, 0x00, 0x00,
    0x00, 0x00, 0x00, 0x00, 0x00, 0x00, 0x00, 0x00, 0x00, 0x00, 0x00, 0x00,
    0x00, 0x00, 0x00, 0x00, 0x00, 0x00, 0x00, 0x00, 0x00, 0x00, 0x00, 0x00,
    0x00, 0x00, 0x00, 0x00, 0x00, 0x00, 0x00, 0x00, 0x00, 0x00, 0x00, 0x00,
    0x00, 0x00, 0x00, 0x00, 0x00, 0x00, 0x00, 0x00, 0x00, 0x00, 0x00, 0x00,
    0x00, 0x00, 0x00, 0x00, 0x00, 0x00, 0x00, 0x00, 0x00, 0x00, 0x00, 0x00,
    0x00, 0x00, 0x00, 0x00, 0x00, 0x00, 0x00, 0x00, 0x00, 0x00, 0x00, 0x00,
    0x00, 0x00, 0x00, 0x00, 0x00, 0x00, 0x00, 0x00, 0x00, 0x00, 0x00, 0x00,
    0x00, 0x00, 0x00, 0x00, 0x00, 0x00, 0x00, 0x00, 0x00, 0x00, 0x00, 0x00,
    0x00, 0x00, 0x00, 0x00, 0x00, 0x00, 0x00, 0x00, 0x00, 0x00, 0x00, 0x00,
    0x00, 0x00, 0x00, 0x00, 0x00, 0x00, 0x00, 0x00, 0x00, 0x00, 0x00, 0x00,
    0x00, 0x00, 0x00, 0x00, 0x00, 0x00, 0x00, 0x00, 0x00, 0x00, 0x00, 0x00,
    0x00, 0x00, 0x00, 0x00, 0x00, 0x00, 0x00, 0x00, 0x00, 0x00, 0x00, 0x00,
    0x00, 0x00, 0x00, 0x00, 0x00, 0x00, 0x00, 0x00, 0x00, 0x00, 0x00, 0x00,
    0x00, 0x00, 0x00, 0x00, 0x00, 0x00, 0x00, 0x00, 0x00, 0x00, 0x00, 0x00,
    0x00, 0x00, 0x00, 0x00, 0x00, 0x00, 0x00, 0x00, 0x00, 0x00, 0x00, 0x00,
    0x00, 0x00, 0x00, 0x00, 0x00, 0x00, 0x00, 0x00, 0x00, 0x00, 0x00, 0x00,
    0x00, 0x00, 0x00, 0x00, 0x00, 0x00, 0x00, 0x00, 0x00, 0x00, 0x00, 0x00,
    0x00, 0x00, 0x00, 0x00, 0x00, 0x00, 0x00, 0x00, 0x00, 0x00, 0x00, 0x00,
    0x00, 0x00, 0x00, 0x00, 0x00, 0x00, 0x00, 0x00, 0x00, 0x00, 0x00, 0x00,
    0x00, 0x00, 0x00, 0x00, 0x00, 0x00, 0x00, 0x00, 0x00, 0x00, 0x00, 0x00,
    0x00, 0x00, 0x00, 0x00, 0x00, 0x00, 0x00, 0x00, 0x00, 0x00, 0x00, 0x00,
    0x00, 0x00, 0x00, 0x00, 0x00, 0x00, 0x00, 0x00, 0x00, 0x00, 0x00, 0x00,
    0x00, 0x00, 0x00, 0x00, 0x00, 0x00, 0x00, 0x00, 0x00, 0x00, 0x00, 0x00,
    0x00, 0x00, 0x00, 0x00, 0x00, 0x00, 0x00, 0x00, 0x00, 0x00, 0x00, 0x00,
    0x00, 0x00, 0x00, 0x00, 0x00, 0x00, 0x00, 0x00, 0x00, 0x00, 0x00, 0x00,
    0x00, 0x00, 0x00, 0x00, 0x00, 0x00, 0x00, 0x00, 0x00, 0x00, 0x00, 0x00,
    0x00, 0x00, 0x00, 0x00, 0x00, 0x00, 0x00, 0x00, 0x00, 0x00, 0x00, 0x00,
    0x00, 0x00, 0x00, 0x00, 0x00, 0x00, 0x00, 0x00, 0x00, 0x00, 0x00, 0x00,
    0x00, 0x00, 0x00, 0x00, 0x00, 0x00, 0x00, 0x00, 0x00, 0x00, 0x00, 0x00,
    0x00, 0x00, 0x00, 0x00, 0x00, 0x00, 0x00, 0x00, 0x00, 0x00, 0x00, 0x00,
    0x00, 0x00, 0x00, 0x00, 0x00, 0x00, 0x00, 0x00, 0x00, 0x00, 0x00, 0x00,
    0x00, 0x00, 0x00, 0x00, 0x00, 0x00, 0x00, 0x00, 0x00, 0x00, 0x00, 0x00,
    0x00, 0x00, 0x00, 0x00, 0x00, 0x00, 0x00, 0x00, 0x00, 0x00, 0x00, 0x00,
    0x00, 0x00, 0x00, 0x00, 0x00, 0x00, 0x00, 0x00, 0x00, 0x00, 0x00, 0x00,
    0x00, 0x00, 0x00, 0x00, 0x00, 0x00, 0x00, 0x00, 0x00, 0x00, 0x00, 0x00,
    0x00, 0x00, 0x00, 0x00, 0x00, 0x00, 0x00, 0x00, 0x00, 0x00, 0x00, 0x00,
    0x00, 0x00, 0x00, 0x00, 0x00, 0x00, 0x00, 0x00, 0x00, 0x00, 0x00, 0x00,
    0x00, 0x00, 0x00, 0x00, 0x00, 0x00, 0x00, 0x00, 0x00, 0x00, 0x00, 0x00,
    0x00, 0x00, 0x00, 0x00, 0x00, 0x00, 0x00, 0x00, 0x00, 0x00, 0x00, 0x00,
    0x00, 0x00, 0x00, 0x00, 0x00, 0x00, 0x00, 0x00, 0x00, 0x00, 0x00, 0x00,
    0x00, 0x00, 0x00, 0x00, 0x00, 0x00, 0x00, 0x00, 0x00, 0x00, 0x00, 0x00,
    0x00, 0x00, 0x00, 0x00, 0x00, 0x00, 0x00, 0x00, 0x00, 0x00, 0x00, 0x00,
    0x00, 0x00, 0x00, 0x00, 0x00, 0x00, 0x00, 0x00, 0x00, 0x00, 0x00, 0x00,
    0x00, 0x00, 0x00, 0x00, 0x00, 0x00, 0x00, 0x00, 0x00, 0x00, 0x00, 0x00,
    0x00, 0x00, 0x00, 0x00, 0x00, 0x00, 0x00, 0x00, 0x00, 0x00, 0x00, 0x00,
    0x00, 0x00, 0x00, 0x00, 0x00, 0x00, 0x00, 0x00, 0x00, 0x00, 0x00, 0x00,
    0x00, 0x00, 0x00, 0x00, 0x00, 0x00, 0x00, 0x00, 0x00, 0x00, 0x00, 0x00,
    0x00, 0x00, 0x00, 0x00, 0x00, 0x00, 0x00, 0x00, 0x00, 0x00, 0x00, 0x00,
    0x00, 0x00, 0x00, 0x00, 0x00, 0x00, 0x00, 0x00, 0x00, 0x00, 0x00, 0x00,
    0x00, 0x00, 0x00, 0x00, 0x00, 0x00, 0x00, 0x00, 0x00, 0x00, 0x00, 0x00,
    0x00, 0x00, 0x00, 0x00, 0x00, 0x00, 0x00, 0x00, 0x00, 0x00, 0x00, 0x00,
    0x00, 0x00, 0x00, 0x00, 0x00, 0x00, 0x00, 0x00, 0x00, 0x00, 0x00, 0x00,
    0x00, 0x00, 0x00, 0x00, 0x00, 0x00, 0x00, 0x00, 0x00, 0x00, 0x00, 0x00,
    0x00, 0x00, 0x00, 0x00, 0x00, 0x00, 0x00, 0x00, 0x00, 0x00, 0x00, 0x00,
    0x00, 0x00, 0x00, 0x00, 0x00, 0x00, 0x00, 0x00, 0x00, 0x00, 0x00, 0x00,
    0x00, 0x00, 0x00, 0x00, 0x00, 0x00, 0x00, 0x00, 0x00, 0x00, 0x00, 0x00,
    0x00, 0x00, 0x00, 0x00, 0x00, 0x00, 0x00, 0x00, 0x00, 0x00, 0x00, 0x00,
    0x00, 0x00, 0x00, 0x00, 0x00, 0x00, 0x00, 0x00, 0x00, 0x00, 0x00, 0x00,
    0x00, 0x00, 0x00, 0x00, 0x00, 0x00, 0x00, 0x00, 0x00, 0x00, 0x00, 0x00,
    0x00, 0x00, 0x00, 0x00, 0x00, 0x00, 0x00, 0x00, 0x00, 0x00, 0x00, 0x00,
    0x00, 0x00, 0x00, 0x00, 0x00, 0x00, 0x00, 0x00, 0x00, 0x00, 0x00, 0x00,
    0x00, 0x00, 0x00, 0x00, 0x00, 0x00, 0x00, 0x00, 0x00, 0x00, 0x00, 0x00,
    0x00, 0x00, 0x00, 0x00, 0x00, 0x00, 0x00, 0x00, 0x00, 0x00, 0x00, 0x00,
    0x00, 0x00, 0x00, 0x00, 0x00, 0x00, 0x00, 0x00, 0x00, 0x00, 0x00, 0x00,
    0x00, 0x00, 0x00, 0x00, 0x00, 0x00, 0x00, 0x00, 0x00, 0x00, 0x00, 0x00,
    0x00, 0x00, 0x00, 0x00, 0x00, 0x00, 0x00, 0x00, 0x00, 0x00, 0x00, 0x00,
    0x00, 0x00, 0x00, 0x00, 0x00, 0x00, 0x00, 0x00, 0x00, 0x00, 0x00, 0x00,
    0x00, 0x00, 0x00, 0x00, 0x00, 0x00, 0x00, 0x00, 0x00, 0x00, 0x00, 0x00,
    0x00, 0x00, 0x00, 0x00, 0x00, 0x00, 0x00, 0x00, 0x00, 0x00, 0x00, 0x00,
    0x00, 0x00, 0x00, 0x00, 0x00, 0x00, 0x00, 0x00, 0x00, 0x00, 0x00, 0x00,
    0x00, 0x00, 0x00, 0x00, 0x00, 0x00, 0x00, 0x00, 0x00, 0x00, 0x00, 0x00,
    0x00, 0x00, 0x00, 0x00, 0x00, 0x00, 0x00, 0x00, 0x00, 0x00, 0x00, 0x00,
    0x00, 0x00, 0x00, 0x00, 0x00, 0x00, 0x00, 0x00, 0x00, 0x00, 0x00, 0x00,
    0x00, 0x00, 0x00, 0x00, 0x00, 0x00, 0x00, 0x00, 0x00, 0x00, 0x00, 0x00,
    0x00, 0x00, 0x00, 0x00, 0x00, 0x00, 0x00, 0x00, 0x00, 0x00, 0x00, 0x00,
    0x00, 0x00, 0x00, 0x00, 0x00, 0x00, 0x00, 0x00, 0x00, 0x00, 0x00, 0x00,
    0x00, 0x00, 0x00, 0x00, 0x00, 0x00, 0x00, 0x00, 0x00, 0x00, 0x00, 0x00,
    0x00, 0x00, 0x00, 0x00, 0x00, 0x00, 0x00, 0x00, 0x00, 0x00, 0x00, 0x00,
    0x00, 0x00, 0x00, 0x00, 0x00, 0x00, 0x00, 0x00, 0x00, 0x00, 0x00, 0x00,
    0x00, 0x00, 0x00, 0x00, 0x00, 0x00, 0x00, 0x00, 0x00, 0x00, 0x00, 0x00,
    0x00, 0x00, 0x00, 0x00, 0x00, 0x00, 0x00, 0x00, 0x00, 0x00, 0x00, 0x00,
    0x00, 0x00, 0x00, 0x00, 0x00, 0x00, 0x00, 0x00, 0x00, 0x00, 0x00, 0x00,
    0x00, 0x00, 0x00, 0x00, 0x00, 0x00, 0x00, 0x00, 0x00, 0x00, 0x00, 0x00,
    0x00, 0x00, 0x00, 0x00, 0x00, 0x00, 0x00, 0x00, 0x00, 0x00, 0x00, 0x00,
    0x00, 0x00, 0x00, 0x00, 0x00, 0x00, 0x00, 0x00, 0x00, 0x00, 0x00, 0x00,
    0x00, 0x00, 0x00, 0x00, 0x00, 0x00, 0x00, 0x00, 0x00, 0x00, 0x00, 0x00,
    0x00, 0x00, 0x00, 0x00, 0x00, 0x00, 0x00, 0x00, 0x00, 0x00, 0x00, 0x00,
    0x00, 0x00, 0x00, 0x00, 0x00, 0x00, 0x00, 0x00, 0x00, 0x00, 0x00, 0x00,
    0x00, 0x00, 0x00, 0x00, 0x00, 0x00, 0x00, 0x00, 0x00, 0x00, 0x00, 0x00,
    0x00, 0x00, 0x00, 0x00, 0x00, 0x00, 0x00, 0x00, 0x00, 0x00, 0x00, 0x00,
    0x00, 0x00, 0x00, 0x00, 0x00, 0x00, 0x00, 0x00, 0x00, 0x00, 0x00, 0x00,
    0x00, 0x00, 0x00, 0x00, 0x00, 0x00, 0x00, 0x00, 0x00, 0x00, 0x00, 0x00,
    0x00, 0x00, 0x00, 0x00, 0x00, 0x00, 0x00, 0x00, 0x00, 0x00, 0x00, 0x00,
    0x00, 0x00, 0x00, 0x00, 0x00, 0x00, 0x00, 0x00, 0x00, 0x00, 0x00, 0x00,
    0x00, 0x00, 0x00, 0x00, 0x00, 0x00, 0x00, 0x00, 0x00, 0x00, 0x00, 0x00,
    0x00, 0x00, 0x00, 0x00, 0x00, 0x00, 0x00, 0x00, 0x00, 0x00, 0x00, 0x00,
    0x00, 0x00, 0x00, 0x00, 0x00, 0x00, 0x00, 0x00, 0x00, 0x00, 0x00, 0x00,
    0x00, 0x00, 0x00, 0x00, 0x31, 0xed, 0x89, 0xe0, 0x83, 0xe4, 0xf0, 0x83,
    0xec, 0x0c, 0x50, 0xe8, 0x03, 0x00, 0x00, 0x00, 0xf4, 0xeb, 0xfd, 0x55,
    0x89, 0xe5, 0x83, 0xec, 0x28, 0xc7, 0x45, 0xf4, 0x00, 0x00, 0x00, 0x00,
    0xc7, 0x45, 0xf0, 0x00, 0x00, 0x00, 0x00, 0xc7, 0x45, 0xec, 0x00, 0x00,
    0x00, 0x00, 0x83, 0x7d, 0x08, 0x00, 0x74, 0x38, 0x8b, 0x45, 0x08, 0x8b,
    0x00, 0x89, 0x45, 0xe8, 0x83, 0x7d, 0xe8, 0x00, 0x78, 0x2a, 0x83, 0x7d,
    0xe8, 0x40, 0x7f, 0x24, 0x8b, 0x45, 0xe8, 0x89, 0x45, 0xf4, 0x8b, 0x45,
    0x08, 0x83, 0xc0, 0x04, 0x89, 0x45, 0xf0, 0x8b, 0x45, 0xf4, 0x83, 0xc0,
    0x01, 0x8d, 0x14, 0x85, 0x00, 0x00, 0x00, 0x00, 0x8b, 0x45, 0xf0, 0x01,
    0xd0, 0x89, 0x45, 0xec, 0x83, 0xec, 0x04, 0xff, 0x75, 0xec, 0xff, 0x75,
    0xf0, 0xff, 0x75, 0xf4, 0xe8, 0x96, 0x1a, 0x00, 0x00, 0x83, 0xc4, 0x10,
    0x89, 0x45, 0xe4, 0x83, 0xec, 0x0c, 0xff, 0x75, 0xe4, 0xe8, 0xe3, 0x1b,
    0x00, 0x00, 0x83, 0xc4, 0x10, 0xf4, 0xeb, 0xfd, 0x55, 0x89, 0xe5, 0x83,
    0xec, 0x10, 0x8b, 0x45, 0x08, 0x89, 0x45, 0xfc, 0xeb, 0x17, 0x8b, 0x45,
    0x08, 0x0f, 0xb6, 0x00, 0x3c, 0x2f, 0x75, 0x09, 0x8b, 0x45, 0x08, 0x83,
    0xc0, 0x01, 0x89, 0x45, 0xfc, 0x83, 0x45, 0x08, 0x01, 0x8b, 0x45, 0x08,
    0x0f, 0xb6, 0x00, 0x84, 0xc0, 0x75, 0xdf, 0x8b, 0x45, 0xfc, 0xc9, 0xc3,
    0x55, 0x89, 0xe5, 0x83, 0xec, 0x08, 0x83, 0xec, 0x0c, 0xff, 0x75, 0x08,
    0xe8, 0xd6, 0x1d, 0x00, 0x00, 0x83, 0xc4, 0x10, 0x83, 0xec, 0x04, 0x50,
    0xff, 0x75, 0x08, 0x6a, 0x01, 0xe8, 0x1e, 0x1b, 0x00, 0x00, 0x83, 0xc4,
    0x10, 0x90, 0xc9, 0xc3, 0x55, 0x89, 0xe5, 0x83, 0xec, 0x08, 0x83, 0xec,
    0x0c, 0xff, 0x75, 0x08, 0xe8, 0xae, 0x1d, 0x00, 0x00, 0x83, 0xc4, 0x10,
    0x83, 0xec, 0x04, 0x50, 0xff, 0x75, 0x08, 0x6a, 0x02, 0xe8, 0xf6, 0x1a,
    0x00, 0x00, 0x83, 0xc4, 0x10, 0x90, 0xc9, 0xc3, 0x55, 0x89, 0xe5, 0x83,
    0xec, 0x18, 0xc7, 0x45, 0xf4, 0x01, 0x00, 0x00, 0x00, 0xeb, 0x3c, 0x8b,
    0x45, 0xf4, 0x8d, 0x14, 0x85, 0x00, 0x00, 0x00, 0x00, 0x8b, 0x45, 0x0c,
    0x01, 0xd0, 0x8b, 0x00, 0x83, 0xec, 0x0c, 0x50, 0xe8, 0x87, 0xff, 0xff,
    0xff, 0x83, 0xc4, 0x10, 0x8b, 0x45, 0xf4, 0x83, 0xc0, 0x01, 0x39, 0x45,
    0x08, 0x7e, 0x10, 0x83, 0xec, 0x0c, 0x68, 0xe0, 0x22, 0x40, 0x00, 0xe8,
    0x6c, 0xff, 0xff, 0xff, 0x83, 0xc4, 0x10, 0x83, 0x45, 0xf4, 0x01, 0x8b,
    0x45, 0xf4, 0x3b, 0x45, 0x08, 0x7c, 0xbc, 0x83, 0xec, 0x0c, 0x68, 0xe2,
    0x22, 0x40, 0x00, 0xe8, 0x50, 0xff, 0xff, 0xff, 0x83, 0xc4, 0x10, 0xb8,
    0x00, 0x00, 0x00, 0x00, 0xc9, 0xc3, 0x55, 0x89, 0xe5, 0xb8, 0x00, 0x00,
    0x00, 0x00, 0x5d, 0xc3, 0x55, 0x89, 0xe5, 0xb8, 0x01, 0x00, 0x00, 0x00,
    0x5d, 0xc3, 0x55, 0x89, 0xe5, 0x81, 0xec, 0x88, 0x00, 0x00, 0x00, 0x83,
    0xec, 0x08, 0x68, 0x80, 0x00, 0x00, 0x00, 0x8d, 0x85, 0x78, 0xff, 0xff,
    0xff, 0x50, 0xe8, 0xd7, 0x1a, 0x00, 0x00, 0x83, 0xc4, 0x10, 0x85, 0xc0,
    0x75, 0x17, 0x83, 0xec, 0x0c, 0x68, 0xe4, 0x22, 0x40, 0x00, 0xe8, 0x29,
    0xff, 0xff, 0xff, 0x83, 0xc4, 0x10, 0xb8, 0x01, 0x00, 0x00, 0x00, 0xeb,
    0x27, 0x83, 0xec, 0x0c, 0x8d, 0x85, 0x78, 0xff, 0xff, 0xff, 0x50, 0xe8,
    0xe8, 0xfe, 0xff, 0xff, 0x83, 0xc4, 0x10, 0x83, 0xec, 0x0c, 0x68, 0xe2,
    0x22, 0x40, 0x00, 0xe8, 0xd8, 0xfe, 0xff, 0xff, 0x83, 0xc4, 0x10, 0xb8,
    0x00, 0x00, 0x00, 0x00, 0xc9, 0xc3, 0x55, 0x89, 0xe5, 0x81, 0xec, 0x98,
    0x00, 0x00, 0x00, 0x83, 0x7d, 0x08, 0x01, 0x7f, 0x47, 0x83, 0xec, 0x04,
    0x68, 0x80, 0x00, 0x00, 0x00, 0x8d, 0x85, 0x68, 0xff, 0xff, 0xff, 0x50,
    0x6a, 0x00, 0xe8, 0x04, 0x1a, 0x00, 0x00, 0x83, 0xc4, 0x10, 0x89, 0x45,
    0xe8, 0x83, 0x7d, 0xe8, 0x00, 0x7e, 0x1a, 0x8b, 0x45, 0xe8, 0x83, 0xec,
    0x04, 0x50, 0x8d, 0x85, 0x68, 0xff, 0xff, 0xff, 0x50, 0x6a, 0x01, 0xe8,
    0xc8, 0x19, 0x00, 0x00, 0x83, 0xc4, 0x10, 0xeb, 0xc4, 0x90, 0xb8, 0x00,
    0x00, 0x00, 0x00, 0xe9, 0xd4, 0x00, 0x00, 0x00, 0xc7, 0x45, 0xf4, 0x01,
    0x00, 0x00, 0x00, 0xe9, 0xb7, 0x00, 0x00, 0x00, 0x8b, 0x45, 0xf4, 0x8d,
    0x14, 0x85, 0x00, 0x00, 0x00, 0x00, 0x8b, 0x45, 0x0c, 0x01, 0xd0, 0x8b,
    0x00, 0x83, 0xec, 0x08, 0x6a, 0x00, 0x50, 0xe8, 0xc6, 0x19, 0x00, 0x00,
    0x83, 0xc4, 0x10, 0x89, 0x45, 0xf0, 0x83, 0x7d, 0xf0, 0x00, 0x79, 0x3f,
    0x83, 0xec, 0x0c, 0x68, 0xef, 0x22, 0x40, 0x00, 0xe8, 0x5f, 0xfe, 0xff,
    0xff, 0x83, 0xc4, 0x10, 0x8b, 0x45, 0xf4, 0x8d, 0x14, 0x85, 0x00, 0x00,
    0x00, 0x00, 0x8b, 0x45, 0x0c, 0x01, 0xd0, 0x8b, 0x00, 0x83, 0xec, 0x0c,
    0x50, 0xe8, 0x42, 0xfe, 0xff, 0xff, 0x83, 0xc4, 0x10, 0x83, 0xec, 0x0c,
    0x68, 0xe2, 0x22, 0x40, 0x00, 0xe8, 0x32, 0xfe, 0xff, 0xff, 0x83, 0xc4,
    0x10, 0xeb, 0x4c, 0x83, 0xec, 0x04, 0x68, 0x80, 0x00, 0x00, 0x00, 0x8d,
    0x85, 0x68, 0xff, 0xff, 0xff, 0x50, 0xff, 0x75, 0xf0, 0xe8, 0x49, 0x19,
    0x00, 0x00, 0x83, 0xc4, 0x10, 0x89, 0x45, 0xec, 0x83, 0x7d, 0xec, 0x00,
    0x7e, 0x1a, 0x8b, 0x45, 0xec, 0x83, 0xec, 0x04, 0x50, 0x8d, 0x85, 0x68,
    0xff, 0xff, 0xff, 0x50, 0x6a, 0x01, 0xe8, 0x0d, 0x19, 0x00, 0x00, 0x83,
    0xc4, 0x10, 0xeb, 0xc3, 0x90, 0x83, 0xec, 0x0c, 0xff, 0x75, 0xf0, 0xe8,
    0x4d, 0x19, 0x00, 0x00, 0x83, 0xc4, 0x10, 0x83, 0x45, 0xf4, 0x01, 0x8b,
    0x45, 0xf4, 0x3b, 0x45, 0x08, 0x0f, 0x8c, 0x3d, 0xff, 0xff, 0xff, 0xb8,
    0x00, 0x00, 0x00, 0x00, 0xc9, 0xc3, 0x55, 0x89, 0xe5, 0x81, 0xec, 0x98,
    0x00, 0x00, 0x00, 0xc7, 0x45, 0xf4, 0x01, 0x23, 0x40, 0x00, 0x83, 0x7d,
    0x08, 0x01, 0x7e, 0x6a, 0x8b, 0x45, 0x0c, 0x83, 0xc0, 0x04, 0x8b, 0x00,
    0x85, 0xc0, 0x74, 0x5e, 0x8b, 0x45, 0x0c, 0x83, 0xc0, 0x04, 0x8b, 0x00,
    0x0f, 0xb6, 0x00, 0x84, 0xc0, 0x74, 0x4f, 0x8b, 0x45, 0x0c, 0x8b, 0x40,
    0x04, 0x89, 0x45, 0xf4, 0x8b, 0x45, 0xf4, 0x0f, 0xb6, 0x00, 0x3c, 0x2e,
    0x75, 0x6b, 0x8b, 0x45, 0xf4, 0x83, 0xc0, 0x01, 0x0f, 0xb6, 0x00, 0x84,
    0xc0, 0x75, 0x5e, 0x83, 0xec, 0x08, 0x68, 0x80, 0x00, 0x00, 0x00, 0x8d,
    0x85, 0x6c, 0xff, 0xff, 0xff, 0x50, 0xe8, 0xff, 0x18, 0x00, 0x00, 0x83,
    0xc4, 0x10, 0x85, 0xc0, 0x74, 0x0b, 0x8d, 0x85, 0x6c, 0xff, 0xff, 0xff,
    0x89, 0x45, 0xf4, 0xeb, 0x38, 0xc7, 0x45, 0xf4, 0x01, 0x23, 0x40, 0x00,
    0xeb, 0x2f, 0x83, 0xec, 0x08, 0x68, 0x80, 0x00, 0x00, 0x00, 0x8d, 0x85,
    0x6c, 0xff, 0xff, 0xff, 0x50, 0xe8, 0xd0, 0x18, 0x00, 0x00, 0x83, 0xc4,
    0x10, 0x85, 0xc0, 0x74, 0x0b, 0x8d, 0x85, 0x6c, 0xff, 0xff, 0xff, 0x89,
    0x45, 0xf4, 0xeb, 0x0a, 0xc7, 0x45, 0xf4, 0x01, 0x23, 0x40, 0x00, 0xeb,
    0x01, 0x90, 0x83, 0xec, 0x0c, 0xff, 0x75, 0xf4, 0xe8, 0x1f, 0x19, 0x00,
    0x00, 0x83, 0xc4, 0x10, 0x89, 0x45, 0xf0, 0x83, 0x7d, 0xf0, 0x00, 0x75,
    0x6a, 0x83, 0xec, 0x0c, 0x68, 0x03, 0x23, 0x40, 0x00, 0xe8, 0xf6, 0xfc,
    0xff, 0xff, 0x83, 0xc4, 0x10, 0x83, 0xec, 0x0c, 0xff, 0x75, 0xf4, 0xe8,
    0xe8, 0xfc, 0xff, 0xff, 0x83, 0xc4, 0x10, 0x83, 0xec, 0x0c, 0x68, 0xe2,
    0x22, 0x40, 0x00, 0xe8, 0xd8, 0xfc, 0xff, 0xff, 0x83, 0xc4, 0x10, 0xb8,
    0x01, 0x00, 0x00, 0x00, 0xeb, 0x5f, 0x8b, 0x45, 0xec, 0x83, 0xc0, 0x07,
    0x83, 0xec, 0x0c, 0x50, 0xe8, 0x97, 0xfc, 0xff, 0xff, 0x83, 0xc4, 0x10,
    0x8b, 0x45, 0xec, 0x0f, 0xb6, 0x40, 0x06, 0x3c, 0x04, 0x75, 0x07, 0xb8,
    0x14, 0x23, 0x40, 0x00, 0xeb, 0x05, 0xb8, 0xe2, 0x22, 0x40, 0x00, 0x83,
    0xec, 0x0c, 0x50, 0xe8, 0x74, 0xfc, 0xff, 0xff, 0x83, 0xc4, 0x10, 0x83,
    0xec, 0x0c, 0xff, 0x75, 0xf0, 0xe8, 0x14, 0x19, 0x00, 0x00, 0x83, 0xc4,
    0x10, 0x89, 0x45, 0xec, 0x83, 0x7d, 0xec, 0x00, 0x75, 0xb4, 0x83, 0xec,
    0x0c, 0xff, 0x75, 0xf0, 0xe8, 0xfc, 0x19, 0x00, 0x00, 0x83, 0xc4, 0x10,
    0xb8, 0x00, 0x00, 0x00, 0x00, 0xc9, 0xc3, 0x55, 0x89, 0xe5, 0x83, 0xec,
    0x18, 0x83, 0x7d, 0x08, 0x01, 0x7f, 0x17, 0x83, 0xec, 0x0c, 0x68, 0x17,
    0x23, 0x40, 0x00, 0xe8, 0x54, 0xfc, 0xff, 0xff, 0x83, 0xc4, 0x10, 0xb8,
    0x01, 0x00, 0x00, 0x00, 0xeb, 0x7d, 0xc7, 0x45, 0xf4, 0x01, 0x00, 0x00,
    0x00, 0xeb, 0x67, 0x8b, 0x45, 0xf4, 0x8d, 0x14, 0x85, 0x00, 0x00, 0x00,
    0x00, 0x8b, 0x45, 0x0c, 0x01, 0xd0, 0x8b, 0x00, 0x83, 0xec, 0x08, 0x68,
    0xed, 0x01, 0x00, 0x00, 0x50, 0xe8, 0xea, 0x17, 0x00, 0x00, 0x83, 0xc4,
    0x10, 0x85, 0xc0, 0x79, 0x3d, 0x83, 0xec, 0x0c, 0x68, 0x2f, 0x23, 0x40,
    0x00, 0xe8, 0x0e, 0xfc, 0xff, 0xff, 0x83, 0xc4, 0x10, 0x8b, 0x45, 0xf4,
    0x8d, 0x14, 0x85, 0x00, 0x00, 0x00, 0x00, 0x8b, 0x45, 0x0c, 0x01, 0xd0,
    0x8b, 0x00, 0x83, 0xec, 0x0c, 0x50, 0xe8, 0xf1, 0xfb, 0xff, 0xff, 0x83,
    0xc4, 0x10, 0x83, 0xec, 0x0c, 0x68, 0xe2, 0x22, 0x40, 0x00, 0xe8, 0xe1,
    0xfb, 0xff, 0xff, 0x83, 0xc4, 0x10, 0x83, 0x45, 0xf4, 0x01, 0x8b, 0x45,
    0xf4, 0x3b, 0x45, 0x08, 0x7c, 0x91, 0xb8, 0x00, 0x00, 0x00, 0x00, 0xc9,
    0xc3, 0x55, 0x89, 0xe5, 0x83, 0xec, 0x18, 0x83, 0x7d, 0x08, 0x01, 0x7f,
    0x1a, 0x83, 0xec, 0x0c, 0x68, 0x3c, 0x23, 0x40, 0x00, 0xe8, 0xb2, 0xfb,
    0xff, 0xff, 0x83, 0xc4, 0x10, 0xb8, 0x01, 0x00, 0x00, 0x00, 0xe9, 0xa0,
    0x00, 0x00, 0x00, 0xc7, 0x45, 0xf4, 0x01, 0x00, 0x00, 0x00, 0xe9, 0x83,
    0x00, 0x00, 0x00, 0x8b, 0x45, 0xf4, 0x8d, 0x14, 0x85, 0x00, 0x00, 0x00,
    0x00, 0x8b, 0x45, 0x0c, 0x01, 0xd0, 0x8b, 0x00, 0x83, 0xec, 0x0c, 0x50,
    0xe8, 0x77, 0x17, 0x00, 0x00, 0x83, 0xc4, 0x10, 0x85, 0xc0, 0x79, 0x5e,
    0x8b, 0x45, 0xf4, 0x8d, 0x14, 0x85, 0x00, 0x00, 0x00, 0x00, 0x8b, 0x45,
    0x0c, 0x01, 0xd0, 0x8b, 0x00, 0x83, 0xec, 0x0c, 0x50, 0xe8, 0x3e, 0x17,
    0x00, 0x00, 0x83, 0xc4, 0x10, 0x85, 0xc0, 0x79, 0x3d, 0x83, 0xec, 0x0c,
    0x68, 0x51, 0x23, 0x40, 0x00, 0xe8, 0x4a, 0xfb, 0xff, 0xff, 0x83, 0xc4,
    0x10, 0x8b, 0x45, 0xf4, 0x8d, 0x14, 0x85, 0x00, 0x00, 0x00, 0x00, 0x8b,
    0x45, 0x0c, 0x01, 0xd0, 0x8b, 0x00, 0x83, 0xec, 0x0c, 0x50, 0xe8, 0x2d,
    0xfb, 0xff, 0xff, 0x83, 0xc4, 0x10, 0x83, 0xec, 0x0c, 0x68, 0xe2, 0x22,
    0x40, 0x00, 0xe8, 0x1d, 0xfb, 0xff, 0xff, 0x83, 0xc4, 0x10, 0x83, 0x45,
    0xf4, 0x01, 0x8b, 0x45, 0xf4, 0x3b, 0x45, 0x08, 0x0f, 0x8c, 0x71, 0xff,
    0xff, 0xff, 0xb8, 0x00, 0x00, 0x00, 0x00, 0xc9, 0xc3, 0x55, 0x89, 0xe5,
    0x83, 0xec, 0x18, 0x83, 0x7d, 0x08, 0x01, 0x7f, 0x07, 0xb8, 0x01, 0x00,
    0x00, 0x00, 0xeb, 0x50, 0xc7, 0x45, 0xf4, 0x01, 0x00, 0x00, 0x00, 0xeb,
    0x3a, 0x8b, 0x45, 0xf4, 0x8d, 0x14, 0x85, 0x00, 0x00, 0x00, 0x00, 0x8b,
    0x45, 0x0c, 0x01, 0xd0, 0x8b, 0x00, 0x83, 0xec, 0x08, 0x6a, 0x40, 0x50,
    0xe8, 0x19, 0x16, 0x00, 0x00, 0x83, 0xc4, 0x10, 0x89, 0x45, 0xf0, 0x83,
    0x7d, 0xf0, 0x00, 0x78, 0x0e, 0x83, 0xec, 0x0c, 0xff, 0x75, 0xf0, 0xe8,
    0x1d, 0x16, 0x00, 0x00, 0x83, 0xc4, 0x10, 0x83, 0x45, 0xf4, 0x01, 0x8b,
    0x45, 0xf4, 0x3b, 0x45, 0x08, 0x7c, 0xbe, 0xb8, 0x00, 0x00, 0x00, 0x00,
    0xc9, 0xc3, 0x55, 0x89, 0xe5, 0x83, 0xec, 0x08, 0x83, 0xec, 0x0c, 0x68,
    0x5b, 0x23, 0x40, 0x00, 0xe8, 0x63, 0xfa, 0xff, 0xff, 0x83, 0xc4, 0x10,
    0x83, 0xec, 0x0c, 0x68, 0x78, 0x23, 0x40, 0x00, 0xe8, 0x53, 0xfa, 0xff,
    0xff, 0x83, 0xc4, 0x10, 0x83, 0xec, 0x0c, 0x68, 0xb8, 0x23, 0x40, 0x00,
    0xe8, 0x43, 0xfa, 0xff, 0xff, 0x83, 0xc4, 0x10, 0x83, 0xec, 0x0c, 0x68,
    0xec, 0x23, 0x40, 0x00, 0xe8, 0x33, 0xfa, 0xff, 0xff, 0x83, 0xc4, 0x10,
    0x83, 0xec, 0x0c, 0x68, 0x20, 0x24, 0x40, 0x00, 0xe8, 0x23, 0xfa, 0xff,
    0xff, 0x83, 0xc4, 0x10, 0x83, 0xec, 0x0c, 0x68, 0x60, 0x24, 0x40, 0x00,
    0xe8, 0x13, 0xfa, 0xff, 0xff, 0x83, 0xc4, 0x10, 0x83, 0xec, 0x0c, 0x68,
    0x98, 0x24, 0x40, 0x00, 0xe8, 0x03, 0xfa, 0xff, 0xff, 0x83, 0xc4, 0x10,
    0x83, 0xec, 0x0c, 0x68, 0xd0, 0x24, 0x40, 0x00, 0xe8, 0xf3, 0xf9, 0xff,
    0xff, 0x83, 0xc4, 0x10, 0x83, 0xec, 0x0c, 0x68, 0x10, 0x25, 0x40, 0x00,
    0xe8, 0xe3, 0xf9, 0xff, 0xff, 0x83, 0xc4, 0x10, 0x83, 0xec, 0x0c, 0x68,
    0x48, 0x25, 0x40, 0x00, 0xe8, 0xd3, 0xf9, 0xff, 0xff, 0x83, 0xc4, 0x10,
    0x83, 0xec, 0x0c, 0x68, 0x84, 0x25, 0x40, 0x00, 0xe8, 0xc3, 0xf9, 0xff,
    0xff, 0x83, 0xc4, 0x10, 0x83, 0xec, 0x0c, 0x68, 0xbc, 0x25, 0x40, 0x00,
    0xe8, 0xb3, 0xf9, 0xff, 0xff, 0x83, 0xc4, 0x10, 0x83, 0xec, 0x0c, 0x68,
    0xf4, 0x25, 0x40, 0x00, 0xe8, 0xa3, 0xf9, 0xff, 0xff, 0x83, 0xc4, 0x10,
    0x90, 0xc9, 0xc3, 0x55, 0x89, 0xe5, 0x83, 0xec, 0x08, 0x8b, 0x45, 0x0c,
    0x8b, 0x00, 0x85, 0xc0, 0x75, 0x10, 0x83, 0xec, 0x0c, 0x68, 0xe0, 0x22,
    0x40, 0x00, 0xe8, 0x81, 0xf9, 0xff, 0xff, 0x83, 0xc4, 0x10, 0x83, 0xec,
    0x0c, 0xff, 0x75, 0x08, 0xe8, 0x73, 0xf9, 0xff, 0xff, 0x83, 0xc4, 0x10,
    0x8b, 0x45, 0x0c, 0xc7, 0x00, 0x00, 0x00, 0x00, 0x00, 0x90, 0xc9, 0xc3,
    0x55, 0x89, 0xe5, 0x81, 0xec, 0x48, 0x02, 0x00, 0x00, 0x83, 0xec, 0x0c,
    0x8d, 0x85, 0xc8, 0xfd, 0xff, 0xff, 0x50, 0xe8, 0x74, 0x14, 0x00, 0x00,
    0x83, 0xc4, 0x10, 0x85, 0xc0, 0x79, 0x0a, 0xb8, 0x01, 0x00, 0x00, 0x00,
    0xe9, 0x0c, 0x05, 0x00, 0x00, 0x83, 0x7d, 0x08, 0x01, 0x75, 0x2c, 0x83,
    0xec, 0x0c, 0x8d, 0x85, 0xc8, 0xfd, 0xff, 0xff, 0x50, 0xe8, 0x26, 0xf9,
    0xff, 0xff, 0x83, 0xc4, 0x10, 0x83, 0xec, 0x0c, 0x68, 0xe2, 0x22, 0x40,
    0x00, 0xe8, 0x16, 0xf9, 0xff, 0xff, 0x83, 0xc4, 0x10, 0xb8, 0x00, 0x00,
    0x00, 0x00, 0xe9, 0xda, 0x04, 0x00, 0x00, 0xc7, 0x45, 0xf4, 0x00, 0x00,
    0x00, 0x00, 0xc7, 0x85, 0xc4, 0xfd, 0xff, 0xff, 0x01, 0x00, 0x00, 0x00,
    0xc7, 0x45, 0xf0, 0x00, 0x00, 0x00, 0x00, 0xc7, 0x45, 0xec, 0x00, 0x00,
    0x00, 0x00, 0xc7, 0x45, 0xe8, 0x00, 0x00, 0x00, 0x00, 0xc7, 0x45, 0xe4,
    0x00, 0x00, 0x00, 0x00, 0xc7, 0x45, 0xe0, 0x00, 0x00, 0x00, 0x00, 0xc7,
    0x45, 0xdc, 0x00, 0x00, 0x00, 0x00, 0xc7, 0x45, 0xd8, 0x00, 0x00, 0x00,
    0x00, 0xc7, 0x45, 0xd4, 0x00, 0x00, 0x00, 0x00, 0xc7, 0x45, 0xd0, 0x01,
    0x00, 0x00, 0x00, 0xe9, 0xdf, 0x02, 0x00, 0x00, 0x8b, 0x45, 0xd0, 0x8d,
    0x14, 0x85, 0x00, 0x00, 0x00, 0x00, 0x8b, 0x45, 0x0c, 0x01, 0xd0, 0x8b,
    0x00, 0x89, 0x45, 0xc8, 0x83, 0xec, 0x08, 0x68, 0x35, 0x26, 0x40, 0x00,
    0xff, 0x75, 0xc8, 0xe8, 0x2b, 0x17, 0x00, 0x00, 0x83, 0xc4, 0x10, 0x85,
    0xc0, 0x75, 0x0f, 0xe8, 0x0e, 0xfe, 0xff, 0xff, 0xb8, 0x00, 0x00, 0x00,
    0x00, 0xe9, 0x4b, 0x04, 0x00, 0x00, 0x83, 0xec, 0x08, 0x68, 0x3c, 0x26,
    0x40, 0x00, 0xff, 0x75, 0xc8, 0xe8, 0x05, 0x17, 0x00, 0x00, 0x83, 0xc4,
    0x10, 0x85, 0xc0, 0x75, 0x1a, 0x83, 0xec, 0x0c, 0x68, 0x46, 0x26, 0x40,
    0x00, 0xe8, 0x56, 0xf8, 0xff, 0xff, 0x83, 0xc4, 0x10, 0xb8, 0x00, 0x00,
    0x00, 0x00, 0xe9, 0x1a, 0x04, 0x00, 0x00, 0x83, 0xec, 0x08, 0x68, 0x61,
    0x26, 0x40, 0x00, 0xff, 0x75, 0xc8, 0xe8, 0xd4, 0x16, 0x00, 0x00, 0x83,
    0xc4, 0x10, 0x85, 0xc0, 0x75, 0x0c, 0xc7, 0x45, 0xf4, 0x01, 0x00, 0x00,
    0x00, 0xe9, 0x4d, 0x02, 0x00, 0x00, 0x83, 0xec, 0x08, 0x68, 0x67, 0x26,
    0x40, 0x00, 0xff, 0x75, 0xc8, 0xe8, 0xb1, 0x16, 0x00, 0x00, 0x83, 0xc4,
    0x10, 0x85, 0xc0, 0x75, 0x0c, 0xc7, 0x45, 0xf0, 0x01, 0x00, 0x00, 0x00,
    0xe9, 0x2a, 0x02, 0x00, 0x00, 0x83, 0xec, 0x08, 0x68, 0x75, 0x26, 0x40,
    0x00, 0xff, 0x75, 0xc8, 0xe8, 0x8e, 0x16, 0x00, 0x00, 0x83, 0xc4, 0x10,
    0x85, 0xc0, 0x75, 0x0c, 0xc7, 0x45, 0xec, 0x01, 0x00, 0x00, 0x00, 0xe9,
    0x07, 0x02, 0x00, 0x00, 0x83, 0xec, 0x08, 0x68, 0x80, 0x26, 0x40, 0x00,
    0xff, 0x75, 0xc8, 0xe8, 0x6b, 0x16, 0x00, 0x00, 0x83, 0xc4, 0x10, 0x85,
    0xc0, 0x75, 0x0c, 0xc7, 0x45, 0xe8, 0x01, 0x00, 0x00, 0x00, 0xe9, 0xe4,
    0x01, 0x00, 0x00, 0x83, 0xec, 0x08, 0x68, 0x91, 0x26, 0x40, 0x00, 0xff,
    0x75, 0xc8, 0xe8, 0x48, 0x16, 0x00, 0x00, 0x83, 0xc4, 0x10, 0x85, 0xc0,
    0x75, 0x0c, 0xc7, 0x45, 0xe4, 0x01, 0x00, 0x00, 0x00, 0xe9, 0xc1, 0x01,
    0x00, 0x00, 0x83, 0xec, 0x08, 0x68, 0xa2, 0x26, 0x40, 0x00, 0xff, 0x75,
    0xc8, 0xe8, 0x25, 0x16, 0x00, 0x00, 0x83, 0xc4, 0x10, 0x85, 0xc0, 0x75,
    0x0c, 0xc7, 0x45, 0xe0, 0x01, 0x00, 0x00, 0x00, 0xe9, 0x9e, 0x01, 0x00,
    0x00, 0x83, 0xec, 0x08, 0x68, 0xac, 0x26, 0x40, 0x00, 0xff, 0x75, 0xc8,
    0xe8, 0x02, 0x16, 0x00, 0x00, 0x83, 0xc4, 0x10, 0x85, 0xc0, 0x75, 0x0c,
    0xc7, 0x45, 0xdc, 0x01, 0x00, 0x00, 0x00, 0xe9, 0x7b, 0x01, 0x00, 0x00,
    0x83, 0xec, 0x08, 0x68, 0xb8, 0x26, 0x40, 0x00, 0xff, 0x75, 0xc8, 0xe8,
    0xdf, 0x15, 0x00, 0x00, 0x83, 0xc4, 0x10, 0x85, 0xc0, 0x75, 0x0c, 0xc7,
    0x45, 0xd8, 0x01, 0x00, 0x00, 0x00, 0xe9, 0x58, 0x01, 0x00, 0x00, 0x83,
    0xec, 0x08, 0x68, 0xcc, 0x26, 0x40, 0x00, 0xff, 0x75, 0xc8, 0xe8, 0xbc,
    0x15, 0x00, 0x00, 0x83, 0xc4, 0x10, 0x85, 0xc0, 0x75, 0x0c, 0xc7, 0x45,
    0xd4, 0x01, 0x00, 0x00, 0x00, 0xe9, 0x35, 0x01, 0x00, 0x00, 0x8b, 0x45,
    0xc8, 0x0f, 0xb6, 0x00, 0x3c, 0x2d, 0x0f, 0x85, 0x0d, 0x01, 0x00, 0x00,
    0x8b, 0x45, 0xc8, 0x83, 0xc0, 0x01, 0x0f, 0xb6, 0x00, 0x3c, 0x2d, 0x0f,
    0x84, 0xfc, 0x00, 0x00, 0x00, 0xc7, 0x45, 0xcc, 0x01, 0x00, 0x00, 0x00,
    0xe9, 0xdb, 0x00, 0x00, 0x00, 0x8b, 0x55, 0xcc, 0x8b, 0x45, 0xc8, 0x01,
    0xd0, 0x0f, 0xb6, 0x00, 0x0f, 0xbe, 0xc0, 0x83, 0xf8, 0x76, 0x74, 0x7d,
    0x83, 0xf8, 0x76, 0x0f, 0x8f, 0xa1, 0x00, 0x00, 0x00, 0x83, 0xf8, 0x73,
    0x74, 0x54, 0x83, 0xf8, 0x73, 0x0f, 0x8f, 0x93, 0x00, 0x00, 0x00, 0x83,
    0xf8, 0x72, 0x74, 0x58, 0x83, 0xf8, 0x72, 0x0f, 0x8f, 0x85, 0x00, 0x00,
    0x00, 0x83, 0xf8, 0x70, 0x74, 0x65, 0x83, 0xf8, 0x70, 0x7f, 0x7b, 0x83,
    0xf8, 0x6f, 0x74, 0x6d, 0x83, 0xf8, 0x6f, 0x7f, 0x71, 0x83, 0xf8, 0x6e,
    0x74, 0x2d, 0x83, 0xf8, 0x6e, 0x7f, 0x67, 0x83, 0xf8, 0x6d, 0x74, 0x3e,
    0x83, 0xf8, 0x6d, 0x7f, 0x5d, 0x83, 0xf8, 0x61, 0x74, 0x07, 0x83, 0xf8,
    0x69, 0x74, 0x41, 0xeb, 0x51, 0xc7, 0x45, 0xf4, 0x01, 0x00, 0x00, 0x00,
    0xeb, 0x62, 0xc7, 0x45, 0xf0, 0x01, 0x00, 0x00, 0x00, 0xeb, 0x59, 0xc7,
    0x45, 0xec, 0x01, 0x00, 0x00, 0x00, 0xeb, 0x50, 0xc7, 0x45, 0xe8, 0x01,
    0x00, 0x00, 0x00, 0xeb, 0x47, 0xc7, 0x45, 0xe4, 0x01, 0x00, 0x00, 0x00,
    0xeb, 0x3e, 0xc7, 0x45, 0xe0, 0x01, 0x00, 0x00, 0x00, 0xeb, 0x35, 0xc7,
    0x45, 0xdc, 0x01, 0x00, 0x00, 0x00, 0xeb, 0x2c, 0xc7, 0x45, 0xd8, 0x01,
    0x00, 0x00, 0x00, 0xeb, 0x23, 0xc7, 0x45, 0xd4, 0x01, 0x00, 0x00, 0x00,
    0xeb, 0x1a, 0x83, 0xec, 0x0c, 0x68, 0xdf, 0x26, 0x40, 0x00, 0xe8, 0x41,
    0xf6, 0xff, 0xff, 0x83, 0xc4, 0x10, 0xb8, 0x01, 0x00, 0x00, 0x00, 0xe9,
    0xdd, 0x01, 0x00, 0x00, 0x83, 0x45, 0xcc, 0x01, 0x8b, 0x55, 0xcc, 0x8b,
    0x45, 0xc8, 0x01, 0xd0, 0x0f, 0xb6, 0x00, 0x84, 0xc0, 0x0f, 0x85, 0x12,
    0xff, 0xff, 0xff, 0xeb, 0x1a, 0x83, 0xec, 0x0c, 0x68, 0xf6, 0x26, 0x40,
    0x00, 0xe8, 0x0e, 0xf6, 0xff, 0xff, 0x83, 0xc4, 0x10, 0xb8, 0x01, 0x00,
    0x00, 0x00, 0xe9, 0xaa, 0x01, 0x00, 0x00, 0x83, 0x45, 0xd0, 0x01, 0x8b,
    0x45, 0xd0, 0x3b, 0x45, 0x08, 0x0f, 0x8c, 0x15, 0xfd, 0xff, 0xff, 0x83,
    0x7d, 0xf4, 0x00, 0x74, 0x31, 0xc7, 0x45, 0xd4, 0x01, 0x00, 0x00, 0x00,
    0x8b, 0x45, 0xd4, 0x89, 0x45, 0xd8, 0x8b, 0x45, 0xd8, 0x89, 0x45, 0xdc,
    0x8b, 0x45, 0xdc, 0x89, 0x45, 0xe0, 0x8b, 0x45, 0xe0, 0x89, 0x45, 0xe4,
    0x8b, 0x45, 0xe4, 0x89, 0x45, 0xe8, 0x8b, 0x45, 0xe8, 0x89, 0x45, 0xec,
    0x8b, 0x45, 0xec, 0x89, 0x45, 0xf0, 0x83, 0x7d, 0xf0, 0x00, 0x75, 0x31,
    0x83, 0x7d, 0xec, 0x00, 0x75, 0x2b, 0x83, 0x7d, 0xe8, 0x00, 0x75, 0x25,
    0x83, 0x7d, 0xe4, 0x00, 0x75, 0x1f, 0x83, 0x7d, 0xe0, 0x00, 0x75, 0x19,
    0x83, 0x7d, 0xdc, 0x00, 0x75, 0x13, 0x83, 0x7d, 0xd8, 0x00, 0x75, 0x0d,
    0x83, 0x7d, 0xd4, 0x00, 0x75, 0x07, 0xc7, 0x45, 0xf0, 0x01, 0x00, 0x00,
    0x00, 0x83, 0x7d, 0xf0, 0x00, 0x74, 0x19, 0x83, 0xec, 0x08, 0x8d, 0x85,
    0xc4, 0xfd, 0xff, 0xff, 0x50, 0x8d, 0x85, 0xc8, 0xfd, 0xff, 0xff, 0x50,
    0xe8, 0xa2, 0xfb, 0xff, 0xff, 0x83, 0xc4, 0x10, 0x83, 0x7d, 0xec, 0x00,
    0x74, 0x1c, 0x83, 0xec, 0x08, 0x8d, 0x85, 0xc4, 0xfd, 0xff, 0xff, 0x50,
    0x8d, 0x85, 0xc8, 0xfd, 0xff, 0xff, 0x83, 0xc0, 0x40, 0x50, 0xe8, 0x80,
    0xfb, 0xff, 0xff, 0x83, 0xc4, 0x10, 0x83, 0x7d, 0xe8, 0x00, 0x74, 0x1c,
    0x83, 0xec, 0x08, 0x8d, 0x85, 0xc4, 0xfd, 0xff, 0xff, 0x50, 0x8d, 0x85,
    0xc8, 0xfd, 0xff, 0xff, 0x83, 0xe8, 0x80, 0x50, 0xe8, 0x5e, 0xfb, 0xff,
    0xff, 0x83, 0xc4, 0x10, 0x83, 0x7d, 0xe4, 0x00, 0x74, 0x1e, 0x83, 0xec,
    0x08, 0x8d, 0x85, 0xc4, 0xfd, 0xff, 0xff, 0x50, 0x8d, 0x85, 0xc8, 0xfd,
    0xff, 0xff, 0x05, 0xc0, 0x00, 0x00, 0x00, 0x50, 0xe8, 0x3a, 0xfb, 0xff,
    0xff, 0x83, 0xc4, 0x10, 0x83, 0x7d, 0xe0, 0x00, 0x74, 0x1e, 0x83, 0xec,
    0x08, 0x8d, 0x85, 0xc4, 0xfd, 0xff, 0xff, 0x50, 0x8d, 0x85, 0xc8, 0xfd,
    0xff, 0xff, 0x05, 0x00, 0x01, 0x00, 0x00, 0x50, 0xe8, 0x16, 0xfb, 0xff,
    0xff, 0x83, 0xc4, 0x10, 0x83, 0x7d, 0xdc, 0x00, 0x74, 0x1e, 0x83, 0xec,
    0x08, 0x8d, 0x85, 0xc4, 0xfd, 0xff, 0xff, 0x50, 0x8d, 0x85, 0xc8, 0xfd,
    0xff, 0xff, 0x05, 0x40, 0x01, 0x00, 0x00, 0x50, 0xe8, 0xf2, 0xfa, 0xff,
    0xff, 0x83, 0xc4, 0x10, 0x83, 0x7d, 0xd8, 0x00, 0x74, 0x1e, 0x83, 0xec,
    0x08, 0x8d, 0x85, 0xc4, 0xfd, 0xff, 0xff, 0x50, 0x8d, 0x85, 0xc8, 0xfd,
    0xff, 0xff, 0x05, 0x80, 0x01, 0x00, 0x00, 0x50, 0xe8, 0xce, 0xfa, 0xff,
    0xff, 0x83, 0xc4, 0x10, 0x83, 0x7d, 0xd4, 0x00, 0x74, 0x1e, 0x83, 0xec,
    0x08, 0x8d, 0x85, 0xc4, 0xfd, 0xff, 0xff, 0x50, 0x8d, 0x85, 0xc8, 0xfd,
    0xff, 0xff, 0x05, 0xc0, 0x01, 0x00, 0x00, 0x50, 0xe8, 0xaa, 0xfa, 0xff,
    0xff, 0x83, 0xc4, 0x10, 0x83, 0xec, 0x0c, 0x68, 0xe2, 0x22, 0x40, 0x00,
    0xe8, 0x37, 0xf4, 0xff, 0xff, 0x83, 0xc4, 0x10, 0xb8, 0x00, 0x00, 0x00,
    0x00, 0xc9, 0xc3, 0x55, 0x89, 0xe5, 0x83, 0xec, 0x18, 0xc7, 0x45, 0xf4,
    0x00, 0x00, 0x00, 0x00, 0xeb, 0x14, 0x83, 0xec, 0x0c, 0x68, 0xe2, 0x22,
    0x40, 0x00, 0xe8, 0x11, 0xf4, 0xff, 0xff, 0x83, 0xc4, 0x10, 0x83, 0x45,
    0xf4, 0x01, 0x83, 0x7d, 0xf4, 0x27, 0x7e, 0xe6, 0xb8, 0x00, 0x00, 0x00,
    0x00, 0xc9, 0xc3, 0x55, 0x89, 0xe5, 0x83, 0xec, 0x38, 0xc7, 0x45, 0xf4,
    0x00, 0x00, 0x00, 0x00, 0x83, 0x7d, 0x08, 0x00, 0x75, 0x57, 0x83, 0xec,
    0x0c, 0x68, 0x12, 0x27, 0x40, 0x00, 0xe8, 0xdd, 0xf3, 0xff, 0xff, 0x83,
    0xc4, 0x10, 0xe9, 0x95, 0x00, 0x00, 0x00, 0x8b, 0x4d, 0x08, 0xba, 0xcd,
    0xcc, 0xcc, 0xcc, 0x89, 0xc8, 0xf7, 0xe2, 0xc1, 0xea, 0x03, 0x89, 0xd0,
    0xc1, 0xe0, 0x02, 0x01, 0xd0, 0x01, 0xc0, 0x29, 0xc1, 0x89, 0xca, 0x89,
    0xd0, 0x8d, 0x48, 0x30, 0x8b, 0x45, 0xf4, 0x8d, 0x50, 0x01, 0x89, 0x55,
    0xf4, 0x89, 0xca, 0x88, 0x54, 0x05, 0xe4, 0x8b, 0x45, 0x08, 0xba, 0xcd,
    0xcc, 0xcc, 0xcc, 0xf7, 0xe2, 0x89, 0xd0, 0xc1, 0xe8, 0x03, 0x89, 0x45,
    0x08, 0x83, 0x7d, 0x08, 0x00, 0x74, 0x06, 0x83, 0x7d, 0xf4, 0x0b, 0x7e,
    0xb2, 0xc7, 0x45, 0xf0, 0x00, 0x00, 0x00, 0x00, 0xeb, 0x1c, 0x8b, 0x45,
    0xf4, 0x83, 0xe8, 0x01, 0x2b, 0x45, 0xf0, 0x0f, 0xb6, 0x44, 0x05, 0xe4,
    0x8d, 0x4d, 0xd7, 0x8b, 0x55, 0xf0, 0x01, 0xca, 0x88, 0x02, 0x83, 0x45,
    0xf0, 0x01, 0x8b, 0x45, 0xf0, 0x3b, 0x45, 0xf4, 0x7c, 0xdc, 0x8d, 0x55,
    0xd7, 0x8b, 0x45, 0xf4, 0x01, 0xd0, 0xc6, 0x00, 0x00, 0x83, 0xec, 0x0c,
    0x8d, 0x45, 0xd7, 0x50, 0xe8, 0x43, 0xf3, 0xff, 0xff, 0x83, 0xc4, 0x10,
    0xc9, 0xc3, 0x55, 0x89, 0xe5, 0x81, 0xec, 0x38, 0x01, 0x00, 0x00, 0xc7,
    0x45, 0xd4, 0x00, 0x00, 0x00, 0x00, 0xc7, 0x45, 0xf4, 0x01, 0x00, 0x00,
    0x00, 0xe9, 0xe5, 0x01, 0x00, 0x00, 0xc7, 0x45, 0xec, 0x00, 0x00, 0x00,
    0x00, 0x83, 0x7d, 0x08, 0x01, 0x7f, 0x12, 0xc7, 0x45, 0xf0, 0x00, 0x00,
    0x00, 0x00, 0x8b, 0x45, 0x08, 0x89, 0x45, 0xf4, 0xe9, 0x85, 0x00, 0x00,
    0x00, 0x8b, 0x45, 0xf4, 0x8d, 0x14, 0x85, 0x00, 0x00, 0x00, 0x00, 0x8b,
    0x45, 0x0c, 0x01, 0xd0, 0x8b, 0x00, 0x83, 0xec, 0x08, 0x6a, 0x00, 0x50,
    0xe8, 0x5d, 0x0e, 0x00, 0x00, 0x83, 0xc4, 0x10, 0x89, 0x45, 0xf0, 0x8b,
    0x45, 0xf4, 0x8d, 0x14, 0x85, 0x00, 0x00, 0x00, 0x00, 0x8b, 0x45, 0x0c,
    0x01, 0xd0, 0x8b, 0x00, 0x89, 0x45, 0xec, 0x83, 0x7d, 0xf0, 0x00, 0x79,
    0x42, 0x83, 0xec, 0x0c, 0x68, 0x14, 0x27, 0x40, 0x00, 0xe8, 0xe2, 0xf2,
    0xff, 0xff, 0x83, 0xc4, 0x10, 0x8b, 0x45, 0xf4, 0x8d, 0x14, 0x85, 0x00,
    0x00, 0x00, 0x00, 0x8b, 0x45, 0x0c, 0x01, 0xd0, 0x8b, 0x00, 0x83, 0xec,
    0x0c, 0x50, 0xe8, 0xc5, 0xf2, 0xff, 0xff, 0x83, 0xc4, 0x10, 0x83, 0xec,
    0x0c, 0x68, 0xe2, 0x22, 0x40, 0x00, 0xe8, 0xb5, 0xf2, 0xff, 0xff, 0x83,
    0xc4, 0x10, 0xe9, 0x44, 0x01, 0x00, 0x00, 0xc7, 0x45, 0xd4, 0x01, 0x00,
    0x00, 0x00, 0xc7, 0x45, 0xe8, 0x00, 0x00, 0x00, 0x00, 0xc7, 0x45, 0xe4,
    0x00, 0x00, 0x00, 0x00, 0xc7, 0x45, 0xe0, 0x00, 0x00, 0x00, 0x00, 0xc7,
    0x45, 0xdc, 0x00, 0x00, 0x00, 0x00, 0x83, 0xec, 0x04, 0x68, 0x00, 0x01,
    0x00, 0x00, 0x8d, 0x85, 0xcf, 0xfe, 0xff, 0xff, 0x50, 0xff, 0x75, 0xf0,
    0xe8, 0xa6, 0x0d, 0x00, 0x00, 0x83, 0xc4, 0x10, 0x89, 0x45, 0xd0, 0x83,
    0x7d, 0xd0, 0x00, 0x7e, 0x65, 0xc7, 0x45, 0xd8, 0x00, 0x00, 0x00, 0x00,
    0xeb, 0x4f, 0x8d, 0x95, 0xcf, 0xfe, 0xff, 0xff, 0x8b, 0x45, 0xd8, 0x01,
    0xd0, 0x0f, 0xb6, 0x00, 0x88, 0x45, 0xcf, 0x83, 0x45, 0xe0, 0x01, 0x80,
    0x7d, 0xcf, 0x0a, 0x75, 0x04, 0x83, 0x45, 0xe8, 0x01, 0x80, 0x7d, 0xcf,
    0x20, 0x74, 0x0c, 0x80, 0x7d, 0xcf, 0x09, 0x74, 0x06, 0x80, 0x7d, 0xcf,
    0x0a, 0x75, 0x09, 0xc7, 0x45, 0xdc, 0x00, 0x00, 0x00, 0x00, 0xeb, 0x11,
    0x83, 0x7d, 0xdc, 0x00, 0x75, 0x0b, 0xc7, 0x45, 0xdc, 0x01, 0x00, 0x00,
    0x00, 0x83, 0x45, 0xe4, 0x01, 0x83, 0x45, 0xd8, 0x01, 0x8b, 0x45, 0xd8,
    0x3b, 0x45, 0xd0, 0x7c, 0xa9, 0xe9, 0x78, 0xff, 0xff, 0xff, 0x90, 0x83,
    0x7d, 0xf0, 0x00, 0x74, 0x0e, 0x83, 0xec, 0x0c, 0xff, 0x75, 0xf0, 0xe8,
    0x59, 0x0d, 0x00, 0x00, 0x83, 0xc4, 0x10, 0x83, 0xec, 0x0c, 0xff, 0x75,
    0xe8, 0xe8, 0xbd, 0xfd, 0xff, 0xff, 0x83, 0xc4, 0x10, 0x83, 0xec, 0x0c,
    0x68, 0xe0, 0x22, 0x40, 0x00, 0xe8, 0xaa, 0xf1, 0xff, 0xff, 0x83, 0xc4,
    0x10, 0x83, 0xec, 0x0c, 0xff, 0x75, 0xe4, 0xe8, 0x9f, 0xfd, 0xff, 0xff,
    0x83, 0xc4, 0x10, 0x83, 0xec, 0x0c, 0x68, 0xe0, 0x22, 0x40, 0x00, 0xe8,
    0x8c, 0xf1, 0xff, 0xff, 0x83, 0xc4, 0x10, 0x83, 0xec, 0x0c, 0xff, 0x75,
    0xe0, 0xe8, 0x81, 0xfd, 0xff, 0xff, 0x83, 0xc4, 0x10, 0x83, 0x7d, 0xec,
    0x00, 0x74, 0x1e, 0x83, 0xec, 0x0c, 0x68, 0xe0, 0x22, 0x40, 0x00, 0xe8,
    0x68, 0xf1, 0xff, 0xff, 0x83, 0xc4, 0x10, 0x83, 0xec, 0x0c, 0xff, 0x75,
    0xec, 0xe8, 0x5a, 0xf1, 0xff, 0xff, 0x83, 0xc4, 0x10, 0x83, 0xec, 0x0c,
    0x68, 0xe2, 0x22, 0x40, 0x00, 0xe8, 0x4a, 0xf1, 0xff, 0xff, 0x83, 0xc4,
    0x10, 0x83, 0x7d, 0x08, 0x01, 0x7e, 0x22, 0x83, 0x45, 0xf4, 0x01, 0x8b,
    0x45, 0xf4, 0x3b, 0x45, 0x08, 0x0f, 0x8c, 0x0f, 0xfe, 0xff, 0xff, 0x83,
    0x7d, 0xf4, 0x01, 0x75, 0x0d, 0x83, 0x7d, 0x08, 0x01, 0x0f, 0x8e, 0xff,
    0xfd, 0xff, 0xff, 0xeb, 0x01, 0x90, 0xb8, 0x00, 0x00, 0x00, 0x00, 0xc9,
    0xc3, 0x55, 0x89, 0xe5, 0x81, 0xec, 0x28, 0x01, 0x00, 0x00, 0xc7, 0x45,
    0xf4, 0x00, 0x00, 0x00, 0x00, 0xc7, 0x45, 0xf0, 0x00, 0x00, 0x00, 0x00,
    0x83, 0x7d, 0xf4, 0x7f, 0x0f, 0x8f, 0xca, 0x00, 0x00, 0x00, 0x83, 0xec,
    0x04, 0x68, 0x00, 0x01, 0x00, 0x00, 0x8d, 0x85, 0xe7, 0xfe, 0xff, 0xff,
    0x50, 0xff, 0x75, 0x08, 0xe8, 0x3a, 0x0c, 0x00, 0x00, 0x83, 0xc4, 0x10,
    0x89, 0x45, 0xe8, 0x83, 0x7d, 0xe8, 0x00, 0x0f, 0x8e, 0xa6, 0x00, 0x00,
    0x00, 0xc7, 0x45, 0xec, 0x00, 0x00, 0x00, 0x00, 0xe9, 0x86, 0x00, 0x00,
    0x00, 0x8d, 0x95, 0xe7, 0xfe, 0xff, 0xff, 0x8b, 0x45, 0xec, 0x01, 0xd0,
    0x0f, 0xb6, 0x00, 0x88, 0x45, 0xe7, 0x80, 0x7d, 0xe7, 0x0a, 0x75, 0x30,
    0x83, 0x7d, 0xf4, 0x7f, 0x7f, 0x21, 0x8b, 0x45, 0xf4, 0x6b, 0xd0, 0x64,
    0x8b, 0x45, 0x0c, 0x8d, 0x0c, 0x02, 0x8b, 0x45, 0xf0, 0xba, 0x63, 0x00,
    0x00, 0x00, 0x39, 0xd0, 0x0f, 0x4f, 0xc2, 0xc6, 0x04, 0x01, 0x00, 0x83,
    0x45, 0xf4, 0x01, 0xc7, 0x45, 0xf0, 0x00, 0x00, 0x00, 0x00, 0xeb, 0x3b,
    0x83, 0x7d, 0xf4, 0x7f, 0x7f, 0x35, 0x83, 0x7d, 0xf0, 0x62, 0x7f, 0x2f,
    0x8b, 0x45, 0xf4, 0x6b, 0xd0, 0x64, 0x8b, 0x45, 0x0c, 0x8d, 0x0c, 0x02,
    0x8b, 0x45, 0xf0, 0x8d, 0x50, 0x01, 0x89, 0x55, 0xf0, 0x0f, 0xb6, 0x55,
    0xe7, 0x88, 0x14, 0x01, 0x8b, 0x45, 0xf4, 0x6b, 0xd0, 0x64, 0x8b, 0x45,
    0x0c, 0x01, 0xc2, 0x8b, 0x45, 0xf0, 0x01, 0xd0, 0xc6, 0x00, 0x00, 0x83,
    0x45, 0xec, 0x01, 0x8b, 0x45, 0xec, 0x3b, 0x45, 0xe8, 0x0f, 0x8c, 0x6e,
    0xff, 0xff, 0xff, 0xe9, 0x2c, 0xff, 0xff, 0xff, 0x90, 0xeb, 0x01, 0x90,
    0x83, 0x7d, 0xf0, 0x00, 0x7e, 0x27, 0x83, 0x7d, 0xf4, 0x7f, 0x7f, 0x21,
    0x8b, 0x45, 0xf4, 0x6b, 0xd0, 0x64, 0x8b, 0x45, 0x0c, 0x8d, 0x0c, 0x02,
    0x8b, 0x45, 0xf0, 0xba, 0x63, 0x00, 0x00, 0x00, 0x39, 0xd0, 0x0f, 0x4f,
    0xc2, 0xc6, 0x04, 0x01, 0x00, 0x83, 0x45, 0xf4, 0x01, 0x8b, 0x45, 0x10,
    0x8b, 0x55, 0xf4, 0x89, 0x10, 0xb8, 0x00, 0x00, 0x00, 0x00, 0xc9, 0xc3,
    0x55, 0x89, 0xe5, 0x83, 0xec, 0x18, 0x8b, 0x45, 0x08, 0x3b, 0x45, 0x10,
    0x7f, 0x10, 0x8b, 0x45, 0x14, 0xc7, 0x00, 0x01, 0x00, 0x00, 0x00, 0xb8,
    0x00, 0x00, 0x00, 0x00, 0xeb, 0x71, 0x8b, 0x45, 0x14, 0xc7, 0x00, 0x00,
    0x00, 0x00, 0x00, 0x8b, 0x45, 0x10, 0x8d, 0x14, 0x85, 0x00, 0x00, 0x00,
    0x00, 0x8b, 0x45, 0x0c, 0x01, 0xd0, 0x8b, 0x00, 0x83, 0xec, 0x08, 0x6a,
    0x00, 0x50, 0xe8, 0x1f, 0x0b, 0x00, 0x00, 0x83, 0xc4, 0x10, 0x89, 0x45,
    0xf4, 0x83, 0x7d, 0xf4, 0x00, 0x79, 0x3d, 0x83, 0xec, 0x0c, 0x68, 0x25,
    0x27, 0x40, 0x00, 0xe8, 0xb8, 0xef, 0xff, 0xff, 0x83, 0xc4, 0x10, 0x8b,
    0x45, 0x10, 0x8d, 0x14, 0x85, 0x00, 0x00, 0x00, 0x00, 0x8b, 0x45, 0x0c,
    0x01, 0xd0, 0x8b, 0x00, 0x83, 0xec, 0x0c, 0x50, 0xe8, 0x9b, 0xef, 0xff,
    0xff, 0x83, 0xc4, 0x10, 0x83, 0xec, 0x0c, 0x68, 0xe2, 0x22, 0x40, 0x00,
    0xe8, 0x8b, 0xef, 0xff, 0xff, 0x83, 0xc4, 0x10, 0x8b, 0x45, 0xf4, 0xc9,
    0xc3, 0x55, 0x89, 0xe5, 0x83, 0xec, 0x28, 0xc7, 0x45, 0xf4, 0x0a, 0x00,
    0x00, 0x00, 0xc7, 0x45, 0xf0, 0x01, 0x00, 0x00, 0x00, 0x83, 0x7d, 0x08,
    0x02, 0x7e, 0x3d, 0x8b, 0x45, 0x0c, 0x83, 0xc0, 0x04, 0x8b, 0x00, 0x0f,
    0xb6, 0x00, 0x3c, 0x2d, 0x75, 0x2e, 0x8b, 0x45, 0x0c, 0x83, 0xc0, 0x04,
    0x8b, 0x00, 0x83, 0xc0, 0x01, 0x83, 0xec, 0x0c, 0x50, 0xe8, 0x93, 0x0f,
    0x00, 0x00, 0x83, 0xc4, 0x10, 0x89, 0x45, 0xf4, 0x83, 0x7d, 0xf4, 0x00,
    0x7f, 0x07, 0xc7, 0x45, 0xf4, 0x0a, 0x00, 0x00, 0x00, 0xc7, 0x45, 0xf0,
    0x02, 0x00, 0x00, 0x00, 0x8d, 0x45, 0xe4, 0x50, 0xff, 0x75, 0xf0, 0xff,
    0x75, 0x0c, 0xff, 0x75, 0x08, 0xe8, 0x06, 0xff, 0xff, 0xff, 0x83, 0xc4,
    0x10, 0x89, 0x45, 0xe8, 0x83, 0x7d, 0xe8, 0x00, 0x79, 0x0a, 0xb8, 0x01,
    0x00, 0x00, 0x00, 0xe9, 0x82, 0x00, 0x00, 0x00, 0xc7, 0x45, 0xe0, 0x00,
    0x00, 0x00, 0x00, 0x83, 0xec, 0x04, 0x8d, 0x45, 0xe0, 0x50, 0x68, 0x40,
    0x29, 0x40, 0x00, 0xff, 0x75, 0xe8, 0xe8, 0xaa, 0xfd, 0xff, 0xff, 0x83,
    0xc4, 0x10, 0x8b, 0x45, 0xe4, 0x85, 0xc0, 0x75, 0x0e, 0x83, 0xec, 0x0c,
    0xff, 0x75, 0xe8, 0xe8, 0x3d, 0x0a, 0x00, 0x00, 0x83, 0xc4, 0x10, 0x8b,
    0x45, 0xe0, 0x39, 0x45, 0xf4, 0x7e, 0x06, 0x8b, 0x45, 0xe0, 0x89, 0x45,
    0xf4, 0xc7, 0x45, 0xec, 0x00, 0x00, 0x00, 0x00, 0xeb, 0x2b, 0x8b, 0x45,
    0xec, 0x6b, 0xc0, 0x64, 0x05, 0x40, 0x29, 0x40, 0x00, 0x83, 0xec, 0x0c,
    0x50, 0xe8, 0x7e, 0xee, 0xff, 0xff, 0x83, 0xc4, 0x10, 0x83, 0xec, 0x0c,
    0x68, 0xe2, 0x22, 0x40, 0x00, 0xe8, 0x6e, 0xee, 0xff, 0xff, 0x83, 0xc4,
    0x10, 0x83, 0x45, 0xec, 0x01, 0x8b, 0x45, 0xec, 0x3b, 0x45, 0xf4, 0x7c,
    0xcd, 0xb8, 0x00, 0x00, 0x00, 0x00, 0xc9, 0xc3, 0x55, 0x89, 0xe5, 0x83,
    0xec, 0x28, 0xc7, 0x45, 0xf4, 0x0a, 0x00, 0x00, 0x00, 0xc7, 0x45, 0xf0,
    0x01, 0x00, 0x00, 0x00, 0x83, 0x7d, 0x08, 0x02, 0x7e, 0x3d, 0x8b, 0x45,
    0x0c, 0x83, 0xc0, 0x04, 0x8b, 0x00, 0x0f, 0xb6, 0x00, 0x3c, 0x2d, 0x75,
    0x2e, 0x8b, 0x45, 0x0c, 0x83, 0xc0, 0x04, 0x8b, 0x00, 0x83, 0xc0, 0x01,
    0x83, 0xec, 0x0c, 0x50, 0xe8, 0x90, 0x0e, 0x00, 0x00, 0x83, 0xc4, 0x10,
    0x89, 0x45, 0xf4, 0x83, 0x7d, 0xf4, 0x00, 0x7f, 0x07, 0xc7, 0x45, 0xf4,
    0x0a, 0x00, 0x00, 0x00, 0xc7, 0x45, 0xf0, 0x02, 0x00, 0x00, 0x00, 0x8d,
    0x45, 0xe0, 0x50, 0xff, 0x75, 0xf0, 0xff, 0x75, 0x0c, 0xff, 0x75, 0x08,
    0xe8, 0x03, 0xfe, 0xff, 0xff, 0x83, 0xc4, 0x10, 0x89, 0x45, 0xe4, 0x83,
    0x7d, 0xe4, 0x00, 0x79, 0x0a, 0xb8, 0x01, 0x00, 0x00, 0x00, 0xe9, 0x89,
    0x00, 0x00, 0x00, 0xc7, 0x45, 0xdc, 0x00, 0x00, 0x00, 0x00, 0x83, 0xec,
    0x04, 0x8d, 0x45, 0xdc, 0x50, 0x68, 0x40, 0x5b, 0x40, 0x00, 0xff, 0x75,
    0xe4, 0xe8, 0xa7, 0xfc, 0xff, 0xff, 0x83, 0xc4, 0x10, 0x8b, 0x45, 0xe0,
    0x85, 0xc0, 0x75, 0x0e, 0x83, 0xec, 0x0c, 0xff, 0x75, 0xe4, 0xe8, 0x3a,
    0x09, 0x00, 0x00, 0x83, 0xc4, 0x10, 0x8b, 0x45, 0xdc, 0x2b, 0x45, 0xf4,
    0x89, 0x45, 0xec, 0x83, 0x7d, 0xec, 0x00, 0x79, 0x07, 0xc7, 0x45, 0xec,
    0x00, 0x00, 0x00, 0x00, 0x8b, 0x45, 0xec, 0x89, 0x45, 0xe8, 0xeb, 0x2b,
    0x8b, 0x45, 0xe8, 0x6b, 0xc0, 0x64, 0x05, 0x40, 0x5b, 0x40, 0x00, 0x83,
    0xec, 0x0c, 0x50, 0xe8, 0x74, 0xed, 0xff, 0xff, 0x83, 0xc4, 0x10, 0x83,
    0xec, 0x0c, 0x68, 0xe2, 0x22, 0x40, 0x00, 0xe8, 0x64, 0xed, 0xff, 0xff,
    0x83, 0xc4, 0x10, 0x83, 0x45, 0xe8, 0x01, 0x8b, 0x45, 0xdc, 0x39, 0x45,
    0xe8, 0x7c, 0xcd, 0xb8, 0x00, 0x00, 0x00, 0x00, 0xc9, 0xc3, 0x55, 0x89,
    0xe5, 0x83, 0xec, 0x10, 0x8b, 0x45, 0x0c, 0x0f, 0xb6, 0x00, 0x84, 0xc0,
    0x75, 0x0a, 0xb8, 0x01, 0x00, 0x00, 0x00, 0xe9, 0x8a, 0x00, 0x00, 0x00,
    0xc7, 0x45, 0xfc, 0x00, 0x00, 0x00, 0x00, 0xeb, 0x6d, 0xc7, 0x45, 0xf8,
    0x00, 0x00, 0x00, 0x00, 0xeb, 0x04, 0x83, 0x45, 0xf8, 0x01, 0x8b, 0x55,
    0xfc, 0x8b, 0x45, 0xf8, 0x01, 0xd0, 0x89, 0xc2, 0x8b, 0x45, 0x08, 0x01,
    0xd0, 0x0f, 0xb6, 0x00, 0x84, 0xc0, 0x74, 0x30, 0x8b, 0x55, 0xf8, 0x8b,
    0x45, 0x0c, 0x01, 0xd0, 0x0f, 0xb6, 0x00, 0x84, 0xc0, 0x74, 0x21, 0x8b,
    0x55, 0xfc, 0x8b, 0x45, 0xf8, 0x01, 0xd0, 0x89, 0xc2, 0x8b, 0x45, 0x08,
    0x01, 0xd0, 0x0f, 0xb6, 0x10, 0x8b, 0x4d, 0xf8, 0x8b, 0x45, 0x0c, 0x01,
    0xc8, 0x0f, 0xb6, 0x00, 0x38, 0xc2, 0x74, 0xb6, 0x8b, 0x55, 0xf8, 0x8b,
    0x45, 0x0c, 0x01, 0xd0, 0x0f, 0xb6, 0x00, 0x84, 0xc0, 0x75, 0x07, 0xb8,
    0x01, 0x00, 0x00, 0x00, 0xeb, 0x18, 0x83, 0x45, 0xfc, 0x01, 0x8b, 0x55,
    0xfc, 0x8b, 0x45, 0x08, 0x01, 0xd0, 0x0f, 0xb6, 0x00, 0x84, 0xc0, 0x75,
    0x84, 0xb8, 0x00, 0x00, 0x00, 0x00, 0xc9, 0xc3, 0x55, 0x89, 0xe5, 0x83,
    0xec, 0x28, 0x83, 0x7d, 0x08, 0x01, 0x7f, 0x1a, 0x83, 0xec, 0x0c, 0x68,
    0x32, 0x27, 0x40, 0x00, 0xe8, 0xb7, 0xec, 0xff, 0xff, 0x83, 0xc4, 0x10,
    0xb8, 0x01, 0x00, 0x00, 0x00, 0xe9, 0xce, 0x00, 0x00, 0x00, 0x8b, 0x45,
    0x0c, 0x8b, 0x40, 0x04, 0x89, 0x45, 0xec, 0x8d, 0x45, 0xe4, 0x50, 0x6a,
    0x02, 0xff, 0x75, 0x0c, 0xff, 0x75, 0x08, 0xe8, 0x7c, 0xfc, 0xff, 0xff,
    0x83, 0xc4, 0x10, 0x89, 0x45, 0xe8, 0x83, 0x7d, 0xe8, 0x00, 0x79, 0x0a,
    0xb8, 0x01, 0x00, 0x00, 0x00, 0xe9, 0x9e, 0x00, 0x00, 0x00, 0xc7, 0x45,
    0xe0, 0x00, 0x00, 0x00, 0x00, 0x83, 0xec, 0x04, 0x8d, 0x45, 0xe0, 0x50,
    0x68, 0x40, 0x8d, 0x40, 0x00, 0xff, 0x75, 0xe8, 0xe8, 0x20, 0xfb, 0xff,
    0xff, 0x83, 0xc4, 0x10, 0x8b, 0x45, 0xe4, 0x85, 0xc0, 0x75, 0x0e, 0x83,
    0xec, 0x0c, 0xff, 0x75, 0xe8, 0xe8, 0xb3, 0x07, 0x00, 0x00, 0x83, 0xc4,
    0x10, 0xc7, 0x45, 0xf4, 0x01, 0x00, 0x00, 0x00, 0xc7, 0x45, 0xf0, 0x00,
    0x00, 0x00, 0x00, 0xeb, 0x50, 0x8b, 0x45, 0xf0, 0x6b, 0xc0, 0x64, 0x05,
    0x40, 0x8d, 0x40, 0x00, 0x83, 0xec, 0x08, 0xff, 0x75, 0xec, 0x50, 0xe8,
    0xaa, 0xfe, 0xff, 0xff, 0x83, 0xc4, 0x10, 0x85, 0xc0, 0x74, 0x2e, 0x8b,
    0x45, 0xf0, 0x6b, 0xc0, 0x64, 0x05, 0x40, 0x8d, 0x40, 0x00, 0x83, 0xec,
    0x0c, 0x50, 0xe8, 0xdd, 0xeb, 0xff, 0xff, 0x83, 0xc4, 0x10, 0x83, 0xec,
    0x0c, 0x68, 0xe2, 0x22, 0x40, 0x00, 0xe8, 0xcd, 0xeb, 0xff, 0xff, 0x83,
    0xc4, 0x10, 0xc7, 0x45, 0xf4, 0x00, 0x00, 0x00, 0x00, 0x83, 0x45, 0xf0,
    0x01, 0x8b, 0x45, 0xe0, 0x39, 0x45, 0xf0, 0x7c, 0xa8, 0x8b, 0x45, 0xf4,
    0xc9, 0xc3, 0x55, 0x89, 0xe5, 0x81, 0xec, 0x88, 0x00, 0x00, 0x00, 0x8d,
    0x45, 0xe4, 0x50, 0x6a, 0x01, 0xff, 0x75, 0x0c, 0xff, 0x75, 0x08, 0xe8,
    0xac, 0xfb, 0xff, 0xff, 0x83, 0xc4, 0x10, 0x89, 0x45, 0xe8, 0x83, 0x7d,
    0xe8, 0x00, 0x79, 0x0a, 0xb8, 0x01, 0x00, 0x00, 0x00, 0xe9, 0x2f, 0x01,
    0x00, 0x00, 0xc7, 0x45, 0xe0, 0x00, 0x00, 0x00, 0x00, 0x83, 0xec, 0x04,
    0x8d, 0x45, 0xe0, 0x50, 0x68, 0x40, 0xbf, 0x40, 0x00, 0xff, 0x75, 0xe8,
    0xe8, 0x50, 0xfa, 0xff, 0xff, 0x83, 0xc4, 0x10, 0x8b, 0x45, 0xe4, 0x85,
    0xc0, 0x75, 0x0e, 0x83, 0xec, 0x0c, 0xff, 0x75, 0xe8, 0xe8, 0xe3, 0x06,
    0x00, 0x00, 0x83, 0xc4, 0x10, 0xc7, 0x45, 0xf4, 0x01, 0x00, 0x00, 0x00,
    0xe9, 0xa3, 0x00, 0x00, 0x00, 0x8b, 0x45, 0xf4, 0x6b, 0xc0, 0x64, 0x05,
    0x40, 0xbf, 0x40, 0x00, 0x83, 0xec, 0x08, 0x50, 0x8d, 0x85, 0x7c, 0xff,
    0xff, 0xff, 0x50, 0xe8, 0x36, 0x09, 0x00, 0x00, 0x83, 0xc4, 0x10, 0x8b,
    0x45, 0xf4, 0x83, 0xe8, 0x01, 0x89, 0x45, 0xf0, 0xeb, 0x2b, 0x8b, 0x45,
    0xf0, 0x6b, 0xc0, 0x64, 0x8d, 0x90, 0x40, 0xbf, 0x40, 0x00, 0x8b, 0x45,
    0xf0, 0x83, 0xc0, 0x01, 0x6b, 0xc0, 0x64, 0x05, 0x40, 0xbf, 0x40, 0x00,
    0x83, 0xec, 0x08, 0x52, 0x50, 0xe8, 0x04, 0x09, 0x00, 0x00, 0x83, 0xc4,
    0x10, 0x83, 0x6d, 0xf0, 0x01, 0x83, 0x7d, 0xf0, 0x00, 0x78, 0x23, 0x8b,
    0x45, 0xf0, 0x6b, 0xc0, 0x64, 0x8d, 0x90, 0x40, 0xbf, 0x40, 0x00, 0x83,
    0xec, 0x08, 0x8d, 0x85, 0x7c, 0xff, 0xff, 0xff, 0x50, 0x52, 0xe8, 0x68,
    0x09, 0x00, 0x00, 0x83, 0xc4, 0x10, 0x85, 0xc0, 0x7f, 0xac, 0x8b, 0x45,
    0xf0, 0x83, 0xc0, 0x01, 0x6b, 0xc0, 0x64, 0x8d, 0x90, 0x40, 0xbf, 0x40,
    0x00, 0x83, 0xec, 0x08, 0x8d, 0x85, 0x7c, 0xff, 0xff, 0xff, 0x50, 0x52,
    0xe8, 0xb5, 0x08, 0x00, 0x00, 0x83, 0xc4, 0x10, 0x83, 0x45, 0xf4, 0x01,
    0x8b, 0x45, 0xe0, 0x39, 0x45, 0xf4, 0x0f, 0x8c, 0x51, 0xff, 0xff, 0xff,
    0xc7, 0x45, 0xec, 0x00, 0x00, 0x00, 0x00, 0xeb, 0x2b, 0x8b, 0x45, 0xec,
    0x6b, 0xc0, 0x64, 0x05, 0x40, 0xbf, 0x40, 0x00, 0x83, 0xec, 0x0c, 0x50,
    0xe8, 0x77, 0xea, 0xff, 0xff, 0x83, 0xc4, 0x10, 0x83, 0xec, 0x0c, 0x68,
    0xe2, 0x22, 0x40, 0x00, 0xe8, 0x67, 0xea, 0xff, 0xff, 0x83, 0xc4, 0x10,
    0x83, 0x45, 0xec, 0x01, 0x8b, 0x45, 0xe0, 0x39, 0x45, 0xec, 0x7c, 0xcd,
    0xb8, 0x00, 0x00, 0x00, 0x00, 0xc9, 0xc3, 0x55, 0x89, 0xe5, 0x81, 0xec,
    0x18, 0x01, 0x00, 0x00, 0x83, 0xec, 0x08, 0x6a, 0x00, 0xff, 0x75, 0x08,
    0xe8, 0xb1, 0x05, 0x00, 0x00, 0x83, 0xc4, 0x10, 0x89, 0x45, 0xf4, 0x83,
    0x7d, 0xf4, 0x00, 0x79, 0x38, 0x83, 0xec, 0x0c, 0x68, 0x25, 0x27, 0x40,
    0x00, 0xe8, 0x4a, 0xea, 0xff, 0xff, 0x83, 0xc4, 0x10, 0x83, 0xec, 0x0c,
    0xff, 0x75, 0x08, 0xe8, 0x3c, 0xea, 0xff, 0xff, 0x83, 0xc4, 0x10, 0x83,
    0xec, 0x0c, 0x68, 0xe2, 0x22, 0x40, 0x00, 0xe8, 0x2c, 0xea, 0xff, 0xff,
    0x83, 0xc4, 0x10, 0xb8, 0xff, 0xff, 0xff, 0xff, 0xe9, 0xbf, 0x00, 0x00,
    0x00, 0x83, 0xec, 0x08, 0x68, 0x41, 0x02, 0x00, 0x00, 0xff, 0x75, 0x0c,
    0xe8, 0x5d, 0x05, 0x00, 0x00, 0x83, 0xc4, 0x10, 0x89, 0x45, 0xf0, 0x83,
    0x7d, 0xf0, 0x00, 0x79, 0x43, 0x83, 0xec, 0x0c, 0x68, 0x49, 0x27, 0x40,
    0x00, 0xe8, 0xf6, 0xe9, 0xff, 0xff, 0x83, 0xc4, 0x10, 0x83, 0xec, 0x0c,
    0xff, 0x75, 0x0c, 0xe8, 0xe8, 0xe9, 0xff, 0xff, 0x83, 0xc4, 0x10, 0x83,
    0xec, 0x0c, 0x68, 0xe2, 0x22, 0x40, 0x00, 0xe8, 0xd8, 0xe9, 0xff, 0xff,
    0x83, 0xc4, 0x10, 0x83, 0xec, 0x0c, 0xff, 0x75, 0xf4, 0xe8, 0x33, 0x05,
    0x00, 0x00, 0x83, 0xc4, 0x10, 0xb8, 0xff, 0xff, 0xff, 0xff, 0xeb, 0x60,
    0x83, 0xec, 0x04, 0x68, 0x00, 0x01, 0x00, 0x00, 0x8d, 0x85, 0xec, 0xfe,
    0xff, 0xff, 0x50, 0xff, 0x75, 0xf4, 0xe8, 0xdc, 0x04, 0x00, 0x00, 0x83,
    0xc4, 0x10, 0x89, 0x45, 0xec, 0x83, 0x7d, 0xec, 0x00, 0x7e, 0x1b, 0x8b,
    0x45, 0xec, 0x83, 0xec, 0x04, 0x50, 0x8d, 0x85, 0xec, 0xfe, 0xff, 0xff,
    0x50, 0xff, 0x75, 0xf0, 0xe8, 0x9f, 0x04, 0x00, 0x00, 0x83, 0xc4, 0x10,
    0xeb, 0xc2, 0x90, 0x83, 0xec, 0x0c, 0xff, 0x75, 0xf4, 0xe8, 0xdf, 0x04,
    0x00, 0x00, 0x83, 0xc4, 0x10, 0x83, 0xec, 0x0c, 0xff, 0x75, 0xf0, 0xe8,
    0xd1, 0x04, 0x00, 0x00, 0x83, 0xc4, 0x10, 0xb8, 0x00, 0x00, 0x00, 0x00,
    0xc9, 0xc3, 0x55, 0x89, 0xe5, 0x83, 0xec, 0x08, 0x83, 0x7d, 0x08, 0x02,
    0x7f, 0x17, 0x83, 0xec, 0x0c, 0x68, 0x58, 0x27, 0x40, 0x00, 0xe8, 0x45,
    0xe9, 0xff, 0xff, 0x83, 0xc4, 0x10, 0xb8, 0x01, 0x00, 0x00, 0x00, 0xeb,
    0x25, 0x8b, 0x45, 0x0c, 0x83, 0xc0, 0x08, 0x8b, 0x10, 0x8b, 0x45, 0x0c,
    0x83, 0xc0, 0x04, 0x8b, 0x00, 0x83, 0xec, 0x08, 0x52, 0x50, 0xe8, 0xa8,
    0xfe, 0xff, 0xff, 0x83, 0xc4, 0x10, 0x85, 0xc0, 0x0f, 0x95, 0xc0, 0x0f,
    0xb6, 0xc0, 0xc9, 0xc3, 0x55, 0x89, 0xe5, 0x83, 0xec, 0x08, 0x83, 0x7d,
    0x08, 0x02, 0x7f, 0x17, 0x83, 0xec, 0x0c, 0x68, 0x6f, 0x27, 0x40, 0x00,
    0xe8, 0xfb, 0xe8, 0xff, 0xff, 0x83, 0xc4, 0x10, 0xb8, 0x01, 0x00, 0x00,
    0x00, 0xeb, 0x41, 0x8b, 0x45, 0x0c, 0x83, 0xc0, 0x08, 0x8b, 0x10, 0x8b,
    0x45, 0x0c, 0x83, 0xc0, 0x04, 0x8b, 0x00, 0x83, 0xec, 0x08, 0x52, 0x50,
    0xe8, 0x5e, 0xfe, 0xff, 0xff, 0x83, 0xc4, 0x10, 0x85, 0xc0, 0x74, 0x07,
    0xb8, 0x01, 0x00, 0x00, 0x00, 0xeb, 0x19, 0x8b, 0x45, 0x0c, 0x83, 0xc0,
    0x04, 0x8b, 0x00, 0x83, 0xec, 0x0c, 0x50, 0xe8, 0xb0, 0x04, 0x00, 0x00,
    0x83, 0xc4, 0x10, 0xb8, 0x00, 0x00, 0x00, 0x00, 0xc9, 0xc3, 0x55, 0x89,
    0xe5, 0x83, 0xec, 0x08, 0x83, 0x7d, 0x08, 0x01, 0x7f, 0x17, 0x83, 0xec,
    0x0c, 0x68, 0x86, 0x27, 0x40, 0x00, 0xe8, 0x95, 0xe8, 0xff, 0xff, 0x83,
    0xc4, 0x10, 0xb8, 0x01, 0x00, 0x00, 0x00, 0xeb, 0x35, 0x8b, 0x45, 0x0c,
    0x83, 0xc0, 0x04, 0x8b, 0x00, 0x83, 0xec, 0x0c, 0x50, 0xe8, 0x1e, 0xe8,
    0xff, 0xff, 0x83, 0xc4, 0x10, 0x83, 0xec, 0x0c, 0x50, 0xe8, 0x46, 0xe8,
    0xff, 0xff, 0x83, 0xc4, 0x10, 0x83, 0xec, 0x0c, 0x68, 0xe2, 0x22, 0x40,
    0x00, 0xe8, 0x36, 0xe8, 0xff, 0xff, 0x83, 0xc4, 0x10, 0xb8, 0x00, 0x00,
    0x00, 0x00, 0xc9, 0xc3, 0x55, 0x89, 0xe5, 0x81, 0xec, 0x18, 0x01, 0x00,
    0x00, 0x83, 0x7d, 0x08, 0x01, 0x7f, 0x1a, 0x83, 0xec, 0x0c, 0x68, 0xa1,
    0x27, 0x40, 0x00, 0xe8, 0x38, 0xe8, 0xff, 0xff, 0x83, 0xc4, 0x10, 0xb8,
    0x01, 0x00, 0x00, 0x00, 0xe9, 0xec, 0x00, 0x00, 0x00, 0x8b, 0x45, 0x0c,
    0x83, 0xc0, 0x04, 0x8b, 0x00, 0x83, 0xec, 0x04, 0x68, 0xff, 0x00, 0x00,
    0x00, 0x50, 0x8d, 0x85, 0xf4, 0xfe, 0xff, 0xff, 0x50, 0xe8, 0x24, 0x06,
    0x00, 0x00, 0x83, 0xc4, 0x10, 0xc6, 0x45, 0xf3, 0x00, 0x83, 0xec, 0x0c,
    0x8d, 0x85, 0xf4, 0xfe, 0xff, 0xff, 0x50, 0xe8, 0xb7, 0x05, 0x00, 0x00,
    0x83, 0xc4, 0x10, 0x89, 0x45, 0xf4, 0xeb, 0x12, 0x83, 0x6d, 0xf4, 0x01,
    0x8d, 0x95, 0xf4, 0xfe, 0xff, 0xff, 0x8b, 0x45, 0xf4, 0x01, 0xd0, 0xc6,
    0x00, 0x00, 0x83, 0x7d, 0xf4, 0x01, 0x7e, 0x18, 0x8b, 0x45, 0xf4, 0x83,
    0xe8, 0x01, 0x0f, 0xb6, 0x84, 0x05, 0xf4, 0xfe, 0xff, 0xff, 0x3c, 0x2f,
    0x74, 0xd6, 0xeb, 0x04, 0x83, 0x6d, 0xf4, 0x01, 0x83, 0x7d, 0xf4, 0x00,
    0x7e, 0x12, 0x8b, 0x45, 0xf4, 0x83, 0xe8, 0x01, 0x0f, 0xb6, 0x84, 0x05,
    0xf4, 0xfe, 0xff, 0xff, 0x3c, 0x2f, 0x75, 0xe4, 0x83, 0x7d, 0xf4, 0x00,
    0x75, 0x16, 0x83, 0xec, 0x0c, 0x68, 0xbb, 0x27, 0x40, 0x00, 0xe8, 0x6d,
    0xe7, 0xff, 0xff, 0x83, 0xc4, 0x10, 0xeb, 0x4c, 0x83, 0x6d, 0xf4, 0x01,
    0x83, 0x7d, 0xf4, 0x01, 0x7e, 0x12, 0x8b, 0x45, 0xf4, 0x83, 0xe8, 0x01,
    0x0f, 0xb6, 0x84, 0x05, 0xf4, 0xfe, 0xff, 0xff, 0x3c, 0x2f, 0x74, 0xe4,
    0x8d, 0x95, 0xf4, 0xfe, 0xff, 0xff, 0x8b, 0x45, 0xf4, 0x01, 0xd0, 0xc6,
    0x00, 0x00, 0x83, 0xec, 0x0c, 0x8d, 0x85, 0xf4, 0xfe, 0xff, 0xff, 0x50,
    0xe8, 0x2f, 0xe7, 0xff, 0xff, 0x83, 0xc4, 0x10, 0x83, 0xec, 0x0c, 0x68,
    0xe2, 0x22, 0x40, 0x00, 0xe8, 0x1f, 0xe7, 0xff, 0xff, 0x83, 0xc4, 0x10,
    0xb8, 0x00, 0x00, 0x00, 0x00, 0xc9, 0xc3, 0x55, 0x89, 0xe5, 0x83, 0xec,
    0x28, 0xc7, 0x45, 0xf4, 0x01, 0x00, 0x00, 0x00, 0xc7, 0x45, 0xf0, 0x01,
    0x00, 0x00, 0x00, 0xc7, 0x45, 0xec, 0x00, 0x00, 0x00, 0x00, 0x83, 0x7d,
    0x08, 0x02, 0x75, 0x1c, 0x8b, 0x45, 0x0c, 0x83, 0xc0, 0x04, 0x8b, 0x00,
    0x83, 0xec, 0x0c, 0x50, 0xe8, 0xed, 0x07, 0x00, 0x00, 0x83, 0xc4, 0x10,
    0x89, 0x45, 0xec, 0xe9, 0x9d, 0x00, 0x00, 0x00, 0x83, 0x7d, 0x08, 0x03,
    0x75, 0x30, 0x8b, 0x45, 0x0c, 0x83, 0xc0, 0x04, 0x8b, 0x00, 0x83, 0xec,
    0x0c, 0x50, 0xe8, 0xcb, 0x07, 0x00, 0x00, 0x83, 0xc4, 0x10, 0x89, 0x45,
    0xf4, 0x8b, 0x45, 0x0c, 0x83, 0xc0, 0x08, 0x8b, 0x00, 0x83, 0xec, 0x0c,
    0x50, 0xe8, 0xb4, 0x07, 0x00, 0x00, 0x83, 0xc4, 0x10, 0x89, 0x45, 0xec,
    0xeb, 0x67, 0x83, 0x7d, 0x08, 0x03, 0x7e, 0x47, 0x8b, 0x45, 0x0c, 0x83,
    0xc0, 0x04, 0x8b, 0x00, 0x83, 0xec, 0x0c, 0x50, 0xe8, 0x95, 0x07, 0x00,
    0x00, 0x83, 0xc4, 0x10, 0x89, 0x45, 0xf4, 0x8b, 0x45, 0x0c, 0x83, 0xc0,
    0x08, 0x8b, 0x00, 0x83, 0xec, 0x0c, 0x50, 0xe8, 0x7e, 0x07, 0x00, 0x00,
    0x83, 0xc4, 0x10, 0x89, 0x45, 0xf0, 0x8b, 0x45, 0x0c, 0x83, 0xc0, 0x0c,
    0x8b, 0x00, 0x83, 0xec, 0x0c, 0x50, 0xe8, 0x67, 0x07, 0x00, 0x00, 0x83,
    0xc4, 0x10, 0x89, 0x45, 0xec, 0xeb, 0x1a, 0x83, 0xec, 0x0c, 0x68, 0xc0,
    0x27, 0x40, 0x00, 0xe8, 0x70, 0xe6, 0xff, 0xff, 0x83, 0xc4, 0x10, 0xb8,
    0x01, 0x00, 0x00, 0x00, 0xe9, 0x84, 0x00, 0x00, 0x00, 0x83, 0x7d, 0xf0,
    0x00, 0x75, 0x07, 0xc7, 0x45, 0xf0, 0x01, 0x00, 0x00, 0x00, 0x83, 0x7d,
    0xf0, 0x00, 0x7e, 0x37, 0x8b, 0x45, 0xf4, 0x89, 0x45, 0xe8, 0xeb, 0x25,
    0x8b, 0x45, 0xe8, 0x83, 0xec, 0x0c, 0x50, 0xe8, 0x17, 0xf2, 0xff, 0xff,
    0x83, 0xc4, 0x10, 0x83, 0xec, 0x0c, 0x68, 0xe2, 0x22, 0x40, 0x00, 0xe8,
    0x04, 0xe6, 0xff, 0xff, 0x83, 0xc4, 0x10, 0x8b, 0x45, 0xf0, 0x01, 0x45,
    0xe8, 0x8b, 0x45, 0xe8, 0x3b, 0x45, 0xec, 0x7e, 0xd3, 0xeb, 0x35, 0x8b,
    0x45, 0xf4, 0x89, 0x45, 0xe4, 0xeb, 0x25, 0x8b, 0x45, 0xe4, 0x83, 0xec,
    0x0c, 0x50, 0xe8, 0xe0, 0xf1, 0xff, 0xff, 0x83, 0xc4, 0x10, 0x83, 0xec,
    0x0c, 0x68, 0xe2, 0x22, 0x40, 0x00, 0xe8, 0xcd, 0xe5, 0xff, 0xff, 0x83,
    0xc4, 0x10, 0x8b, 0x45, 0xf0, 0x01, 0x45, 0xe4, 0x8b, 0x45, 0xe4, 0x3b,
    0x45, 0xec, 0x7d, 0xd3, 0xb8, 0x00, 0x00, 0x00, 0x00, 0xc9, 0xc3, 0x8d,
    0x4c, 0x24, 0x04, 0x83, 0xe4, 0xf0, 0xff, 0x71, 0xfc, 0x55, 0x89, 0xe5,
    0x53, 0x51, 0x83, 0xec, 0x10, 0x89, 0xcb, 0x83, 0x3b, 0x00, 0x7e, 0x10,
    0x8b, 0x43, 0x04, 0x8b, 0x00, 0x85, 0xc0, 0x74, 0x07, 0xb8, 0x01, 0x00,
    0x00, 0x00, 0xeb, 0x05, 0xb8, 0x00, 0x00, 0x00, 0x00, 0x83, 0xe0, 0x01,
    0x84, 0xc0, 0x74, 0x13, 0x8b, 0x43, 0x04, 0x8b, 0x00, 0x50, 0xe8, 0x41,
    0xe5, 0xff, 0xff, 0x83, 0xc4, 0x04, 0x89, 0x45, 0xf4, 0xeb, 0x07, 0xc7,
    0x45, 0xf4, 0x4d, 0x28, 0x40, 0x00, 0xc7, 0x45, 0xf0, 0x00, 0x00, 0x00,
    0x00, 0xeb, 0x3a, 0x8b, 0x45, 0xf0, 0x8b, 0x04, 0xc5, 0x80, 0x28, 0x40,
    0x00, 0x83, 0xec, 0x08, 0x50, 0xff, 0x75, 0xf4, 0xe8, 0xe2, 0x03, 0x00,
    0x00, 0x83, 0xc4, 0x10, 0x85, 0xc0, 0x75, 0x19, 0x8b, 0x45, 0xf0, 0x8b,
    0x04, 0xc5, 0x84, 0x28, 0x40, 0x00, 0x83, 0xec, 0x08, 0xff, 0x73, 0x04,
    0xff, 0x33, 0xff, 0xd0, 0x83, 0xc4, 0x10, 0xeb, 0x45, 0x83, 0x45, 0xf0,
    0x01, 0x8b, 0x45, 0xf0, 0x8b, 0x04, 0xc5, 0x80, 0x28, 0x40, 0x00, 0x85,
    0xc0, 0x75, 0xb8, 0x83, 0xec, 0x0c, 0x68, 0x57, 0x28, 0x40, 0x00, 0xe8,
    0x08, 0xe5, 0xff, 0xff, 0x83, 0xc4, 0x10, 0x83, 0xec, 0x0c, 0xff, 0x75,
    0xf4, 0xe8, 0xfa, 0xe4, 0xff, 0xff, 0x83, 0xc4, 0x10, 0x83, 0xec, 0x0c,
    0x68, 0xe2, 0x22, 0x40, 0x00, 0xe8, 0xea, 0xe4, 0xff, 0xff, 0x83, 0xc4,
    0x10, 0xb8, 0x01, 0x00, 0x00, 0x00, 0x8d, 0x65, 0xf8, 0x59, 0x5b, 0x5d,
    0x8d, 0x61, 0xfc, 0xc3, 0x55, 0x89, 0xe5, 0x83, 0xec, 0x08, 0x83, 0xec,
    0x08, 0xff, 0x75, 0x08, 0x6a, 0x19, 0xe8, 0x64, 0x06, 0x00, 0x00, 0x83,
    0xc4, 0x10, 0xc9, 0xc3, 0x55, 0x89, 0xe5, 0x83, 0xec, 0x08, 0xff, 0x75,
    0x10, 0xff, 0x75, 0x0c, 0xff, 0x75, 0x08, 0x6a, 0x01, 0xe8, 0x49, 0x06,
    0x00, 0x00, 0x83, 0xc4, 0x10, 0xc9, 0xc3, 0x55, 0x89, 0xe5, 0x83, 0xec,
    0x08, 0xff, 0x75, 0x10, 0xff, 0x75, 0x0c, 0xff, 0x75, 0x08, 0x6a, 0x00,
    0xe8, 0x2e, 0x06, 0x00, 0x00, 0x83, 0xc4, 0x10, 0xc9, 0xc3, 0x55, 0x89,
    0xe5, 0x83, 0xec, 0x08, 0x83, 0xec, 0x04, 0xff, 0x75, 0x0c, 0xff, 0x75,
    0x08, 0x6a, 0x02, 0xe8, 0x13, 0x06, 0x00, 0x00, 0x83, 0xc4, 0x10, 0xc9,
    0xc3, 0x55, 0x89, 0xe5, 0x83, 0xec, 0x08, 0x83, 0xec, 0x08, 0xff, 0x75,
    0x08, 0x6a, 0x03, 0xe8, 0xfb, 0x05, 0x00, 0x00, 0x83, 0xc4, 0x10, 0xc9,
    0xc3, 0x55, 0x89, 0xe5, 0x83, 0xec, 0x08, 0x83, 0xec, 0x08, 0xff, 0x75,
    0x08, 0x6a, 0x04, 0xe8, 0xe3, 0x05, 0x00, 0x00, 0x83, 0xc4, 0x10, 0x90,
    0xc9, 0xc3, 0x55, 0x89, 0xe5, 0x83, 0xec, 0x18, 0x83, 0xec, 0x04, 0xff,
    0x75, 0x0c, 0xff, 0x75, 0x08, 0x6a, 0x0b, 0xe8, 0xc7, 0x05, 0x00, 0x00,
    0x83, 0xc4, 0x10, 0x89, 0x45, 0xf4, 0x83, 0x7d, 0xf4, 0x00, 0x79, 0x07,
    0xb8, 0x00, 0x00, 0x00, 0x00, 0xeb, 0x03, 0x8b, 0x45, 0x08, 0xc9, 0xc3,
    0x55, 0x89, 0xe5, 0x83, 0xec, 0x08, 0x83, 0xec, 0x08, 0xff, 0x75, 0x08,
    0x6a, 0x10, 0xe8, 0x9c, 0x05, 0x00, 0x00, 0x83, 0xc4, 0x10, 0xc9, 0xc3,
    0x55, 0x89, 0xe5, 0x83, 0xec, 0x08, 0x83, 0xec, 0x08, 0xff, 0x75, 0x08,
    0x6a, 0x11, 0xe8, 0x84, 0x05, 0x00, 0x00, 0x83, 0xc4, 0x10, 0xc9, 0xc3,
    0x55, 0x89, 0xe5, 0x83, 0xec, 0x08, 0x83, 0xec, 0x08, 0xff, 0x75, 0x08,
    0x6a, 0x12, 0xe8, 0x6c, 0x05, 0x00, 0x00, 0x83, 0xc4, 0x10, 0xc9, 0xc3,
    0x55, 0x89, 0xe5, 0x83, 0xec, 0x18, 0x83, 0xec, 0x08, 0x6a, 0x00, 0xff,
    0x75, 0x08, 0xe8, 0x2b, 0xff, 0xff, 0xff, 0x83, 0xc4, 0x10, 0x89, 0x45,
    0xf4, 0x83, 0x7d, 0xf4, 0x00, 0x79, 0x07, 0xb8, 0x00, 0x00, 0x00, 0x00,
    0xeb, 0x4e, 0x83, 0xec, 0x0c, 0x68, 0x14, 0x03, 0x00, 0x00, 0xe8, 0x9d,
    0x02, 0x00, 0x00, 0x83, 0xc4, 0x10, 0x89, 0x45, 0xf0, 0x83, 0x7d, 0xf0,
    0x00, 0x75, 0x15, 0x83, 0xec, 0x0c, 0xff, 0x75, 0xf4, 0xe8, 0x0f, 0xff,
    0xff, 0xff, 0x83, 0xc4, 0x10, 0xb8, 0x00, 0x00, 0x00, 0x00, 0xeb, 0x20,
    0x83, 0xec, 0x04, 0x68, 0x14, 0x03, 0x00, 0x00, 0x6a, 0x00, 0xff, 0x75,
    0xf0, 0xe8, 0x3c, 0x02, 0x00, 0x00, 0x83, 0xc4, 0x10, 0x8b, 0x45, 0xf0,
    0x8b, 0x55, 0xf4, 0x89, 0x10, 0x8b, 0x45, 0xf0, 0xc9, 0xc3, 0x55, 0x89,
    0xe5, 0x83, 0xec, 0x18, 0x83, 0x7d, 0x08, 0x00, 0x75, 0x0a, 0xb8, 0x00,
    0x00, 0x00, 0x00, 0xe9, 0xe7, 0x00, 0x00, 0x00, 0x8b, 0x45, 0x08, 0x8b,
    0x90, 0x04, 0x02, 0x00, 0x00, 0x8b, 0x45, 0x08, 0x8b, 0x80, 0x08, 0x02,
    0x00, 0x00, 0x39, 0xc2, 0x7c, 0x48, 0x8b, 0x45, 0x08, 0x8d, 0x50, 0x04,
    0x8b, 0x45, 0x08, 0x8b, 0x00, 0x68, 0x00, 0x02, 0x00, 0x00, 0x52, 0x50,
    0x6a, 0x13, 0xe8, 0xac, 0x04, 0x00, 0x00, 0x83, 0xc4, 0x10, 0x89, 0x45,
    0xf4, 0x83, 0x7d, 0xf4, 0x00, 0x7f, 0x0a, 0xb8, 0x00, 0x00, 0x00, 0x00,
    0xe9, 0xa2, 0x00, 0x00, 0x00, 0x8b, 0x45, 0x08, 0xc7, 0x80, 0x04, 0x02,
    0x00, 0x00, 0x00, 0x00, 0x00, 0x00, 0x8b, 0x45, 0x08, 0x8b, 0x55, 0xf4,
    0x89, 0x90, 0x08, 0x02, 0x00, 0x00, 0x8b, 0x45, 0x08, 0x8d, 0x50, 0x04,
    0x8b, 0x45, 0x08, 0x8b, 0x80, 0x04, 0x02, 0x00, 0x00, 0x01, 0xd0, 0x89,
    0x45, 0xf0, 0x8b, 0x45, 0x08, 0x8b, 0x90, 0x04, 0x02, 0x00, 0x00, 0x8b,
    0x45, 0xf0, 0x0f, 0xb7, 0x40, 0x04, 0x0f, 0xb7, 0xc0, 0x01, 0xc2, 0x8b,
    0x45, 0x08, 0x89, 0x90, 0x04, 0x02, 0x00, 0x00, 0x8b, 0x45, 0xf0, 0x8b,
    0x10, 0x8b, 0x45, 0x08, 0x89, 0x90, 0x0c, 0x02, 0x00, 0x00, 0x8b, 0x45,
    0xf0, 0x0f, 0xb7, 0x50, 0x04, 0x8b, 0x45, 0x08, 0x66, 0x89, 0x90, 0x10,
    0x02, 0x00, 0x00, 0x8b, 0x45, 0xf0, 0x0f, 0xb6, 0x50, 0x06, 0x8b, 0x45,
    0x08, 0x88, 0x90, 0x12, 0x02, 0x00, 0x00, 0x8b, 0x45, 0xf0, 0x8d, 0x50,
    0x07, 0x8b, 0x45, 0x08, 0x05, 0x13, 0x02, 0x00, 0x00, 0x83, 0xec, 0x04,
    0x68, 0xff, 0x00, 0x00, 0x00, 0x52, 0x50, 0xe8, 0x9e, 0x00, 0x00, 0x00,
    0x83, 0xc4, 0x10, 0x8b, 0x45, 0x08, 0x05, 0x0c, 0x02, 0x00, 0x00, 0xc9,
    0xc3, 0x55, 0x89, 0xe5, 0x83, 0xec, 0x18, 0x83, 0x7d, 0x08, 0x00, 0x75,
    0x07, 0xb8, 0xff, 0xff, 0xff, 0xff, 0xeb, 0x25, 0x8b, 0x45, 0x08, 0x8b,
    0x00, 0x83, 0xec, 0x0c, 0x50, 0xe8, 0xc3, 0xfd, 0xff, 0xff, 0x83, 0xc4,
    0x10, 0x89, 0x45, 0xf4, 0x83, 0xec, 0x0c, 0xff, 0x75, 0x08, 0xe8, 0x72,
    0x02, 0x00, 0x00, 0x83, 0xc4, 0x10, 0x8b, 0x45, 0xf4, 0xc9, 0xc3, 0x55,
    0x89, 0xe5, 0x83, 0xec, 0x10, 0xc7, 0x45, 0xfc, 0x00, 0x00, 0x00, 0x00,
    0xeb, 0x04, 0x83, 0x45, 0xfc, 0x01, 0x8b, 0x55, 0x08, 0x8b, 0x45, 0xfc,
    0x01, 0xd0, 0x0f, 0xb6, 0x00, 0x84, 0xc0, 0x75, 0xed, 0x8b, 0x45, 0xfc,
    0xc9, 0xc3, 0x55, 0x89, 0xe5, 0x83, 0xec, 0x10, 0x8b, 0x45, 0x08, 0x89,
    0x45, 0xfc, 0x90, 0x8b, 0x55, 0x0c, 0x8d, 0x42, 0x01, 0x89, 0x45, 0x0c,
    0x8b, 0x45, 0xfc, 0x8d, 0x48, 0x01, 0x89, 0x4d, 0xfc, 0x0f, 0xb6, 0x12,
    0x88, 0x10, 0x0f, 0xb6, 0x00, 0x84, 0xc0, 0x75, 0xe2, 0x8b, 0x45, 0x08,
    0xc9, 0xc3, 0x55, 0x89, 0xe5, 0x83, 0xec, 0x10, 0xc7, 0x45, 0xfc, 0x00,
    0x00, 0x00, 0x00, 0xeb, 0x19, 0x8b, 0x55, 0x0c, 0x8b, 0x45, 0xfc, 0x01,
    0xd0, 0x8b, 0x4d, 0x08, 0x8b, 0x55, 0xfc, 0x01, 0xca, 0x0f, 0xb6, 0x00,
    0x88, 0x02, 0x83, 0x45, 0xfc, 0x01, 0x8b, 0x45, 0xfc, 0x3b, 0x45, 0x10,
    0x73, 0x20, 0x8b, 0x55, 0x0c, 0x8b, 0x45, 0xfc, 0x01, 0xd0, 0x0f, 0xb6,
    0x00, 0x84, 0xc0, 0x75, 0xd0, 0xeb, 0x0f, 0x8b, 0x55, 0x08, 0x8b, 0x45,
    0xfc, 0x01, 0xd0, 0xc6, 0x00, 0x00, 0x83, 0x45, 0xfc, 0x01, 0x8b, 0x45,
    0xfc, 0x3b, 0x45, 0x10, 0x72, 0xe9, 0x8b, 0x45, 0x08, 0xc9, 0xc3, 0x55,
    0x89, 0xe5, 0xeb, 0x08, 0x83, 0x45, 0x08, 0x01, 0x83, 0x45, 0x0c, 0x01,
    0x8b, 0x45, 0x08, 0x0f, 0xb6, 0x00, 0x84, 0xc0, 0x74, 0x10, 0x8b, 0x45,
    0x08, 0x0f, 0xb6, 0x10, 0x8b, 0x45, 0x0c, 0x0f, 0xb6, 0x00, 0x38, 0xc2,
    0x74, 0xde, 0x8b, 0x45, 0x08, 0x0f, 0xb6, 0x00, 0x0f, 0xb6, 0xd0, 0x8b,
    0x45, 0x0c, 0x0f, 0xb6, 0x00, 0x0f, 0xb6, 0xc0, 0x29, 0xc2, 0x89, 0xd0,
    0x5d, 0xc3, 0x55, 0x89, 0xe5, 0x83, 0xec, 0x10, 0x8b, 0x45, 0x08, 0x89,
    0x45, 0xfc, 0xeb, 0x0e, 0x8b, 0x45, 0xfc, 0x8d, 0x50, 0x01, 0x89, 0x55,
    0xfc, 0x8b, 0x55, 0x0c, 0x88, 0x10, 0x8b, 0x45, 0x10, 0x8d, 0x50, 0xff,
    0x89, 0x55, 0x10, 0x85, 0xc0, 0x75, 0xe5, 0x8b, 0x45, 0x08, 0xc9, 0xc3,
    0x55, 0x89, 0xe5, 0x83, 0xec, 0x28, 0x83, 0x7d, 0x08, 0x00, 0x75, 0x0a,
    0xb8, 0x00, 0x00, 0x00, 0x00, 0xe9, 0x31, 0x01, 0x00, 0x00, 0x8b, 0x45,
    0x08, 0x83, 0xc0, 0x07, 0x83, 0xe0, 0xf8, 0x89, 0x45, 0x08, 0xa1, 0x40,
    0xf1, 0x40, 0x00, 0x85, 0xc0, 0x75, 0x7d, 0x83, 0xec, 0x08, 0x6a, 0x00,
    0x6a, 0x08, 0xe8, 0x60, 0x02, 0x00, 0x00, 0x83, 0xc4, 0x10, 0x89, 0x45,
    0xf0, 0x83, 0x7d, 0xf0, 0xff, 0x75, 0x0a, 0xb8, 0x00, 0x00, 0x00, 0x00,
    0xe9, 0xfa, 0x00, 0x00, 0x00, 0x8b, 0x45, 0xf0, 0x05, 0x00, 0x00, 0x10,
    0x00, 0x89, 0x45, 0xec, 0x83, 0xec, 0x08, 0xff, 0x75, 0xec, 0x6a, 0x08,
    0xe8, 0x32, 0x02, 0x00, 0x00, 0x83, 0xc4, 0x10, 0x89, 0x45, 0xe8, 0x8b,
    0x45, 0xe8, 0x3b, 0x45, 0xec, 0x74, 0x0a, 0xb8, 0x00, 0x00, 0x00, 0x00,
    0xe9, 0xca, 0x00, 0x00, 0x00, 0x8b, 0x45, 0xf0, 0xa3, 0x40, 0xf1, 0x40,
    0x00, 0xa1, 0x40, 0xf1, 0x40, 0x00, 0xc7, 0x00, 0xf4, 0xff, 0x0f, 0x00,
    0xa1, 0x40, 0xf1, 0x40, 0x00, 0xc7, 0x40, 0x04, 0x00, 0x00, 0x00, 0x00,
    0xa1, 0x40, 0xf1, 0x40, 0x00, 0xc7, 0x40, 0x08, 0x01, 0x00, 0x00, 0x00,
    0xa1, 0x40, 0xf1, 0x40, 0x00, 0x89, 0x45, 0xf4, 0xe9, 0x83, 0x00, 0x00,
    0x00, 0x8b, 0x45, 0xf4, 0x8b, 0x40, 0x08, 0x85, 0xc0, 0x74, 0x70, 0x8b,
    0x45, 0xf4, 0x8b, 0x00, 0x3b, 0x45, 0x08, 0x72, 0x66, 0x8b, 0x45, 0xf4,
    0x8b, 0x00, 0x8b, 0x55, 0x08, 0x83, 0xc2, 0x1c, 0x39, 0xc2, 0x73, 0x45,
    0x8b, 0x45, 0x08, 0x8d, 0x50, 0x0c, 0x8b, 0x45, 0xf4, 0x01, 0xd0, 0x89,
    0x45, 0xe4, 0x8b, 0x45, 0xf4, 0x8b, 0x00, 0x2b, 0x45, 0x08, 0x8d, 0x50,
    0xf4, 0x8b, 0x45, 0xe4, 0x89, 0x10, 0x8b, 0x45, 0xf4, 0x8b, 0x50, 0x04,
    0x8b, 0x45, 0xe4, 0x89, 0x50, 0x04, 0x8b, 0x45, 0xe4, 0xc7, 0x40, 0x08,
    0x01, 0x00, 0x00, 0x00, 0x8b, 0x45, 0xf4, 0x8b, 0x55, 0xe4, 0x89, 0x50,
    0x04, 0x8b, 0x45, 0xf4, 0x8b, 0x55, 0x08, 0x89, 0x10, 0x8b, 0x45, 0xf4,
    0xc7, 0x40, 0x08, 0x00, 0x00, 0x00, 0x00, 0x8b, 0x45, 0xf4, 0x83, 0xc0,
    0x0c, 0xeb, 0x18, 0x8b, 0x45, 0xf4, 0x8b, 0x40, 0x04, 0x89, 0x45, 0xf4,
    0x83, 0x7d, 0xf4, 0x00, 0x0f, 0x85, 0x73, 0xff, 0xff, 0xff, 0xb8, 0x00,
    0x00, 0x00, 0x00, 0xc9, 0xc3, 0x55, 0x89, 0xe5, 0x83, 0xec, 0x10, 0x83,
    0x7d, 0x08, 0x00, 0x74, 0x15, 0x8b, 0x45, 0x08, 0x83, 0xe8, 0x0c, 0x89,
    0x45, 0xfc, 0x8b, 0x45, 0xfc, 0xc7, 0x40, 0x08, 0x01, 0x00, 0x00, 0x00,
    0xeb, 0x01, 0x90, 0xc9, 0xc3, 0x55, 0x89, 0xe5, 0x83, 0xec, 0x10, 0xc7,
    0x45, 0xfc, 0x00, 0x00, 0x00, 0x00, 0xc7, 0x45, 0xf8, 0x01, 0x00, 0x00,
    0x00, 0xeb, 0x04, 0x83, 0x45, 0x08, 0x01, 0x8b, 0x45, 0x08, 0x0f, 0xb6,
    0x00, 0x3c, 0x20, 0x74, 0xf2, 0x8b, 0x45, 0x08, 0x0f, 0xb6, 0x00, 0x3c,
    0x09, 0x74, 0xe8, 0x8b, 0x45, 0x08, 0x0f, 0xb6, 0x00, 0x3c, 0x2d, 0x75,
    0x0d, 0xc7, 0x45, 0xf8, 0xff, 0xff, 0xff, 0xff, 0x83, 0x45, 0x08, 0x01,
    0xeb, 0x33, 0x8b, 0x45, 0x08, 0x0f, 0xb6, 0x00, 0x3c, 0x2b, 0x75, 0x29,
    0x83, 0x45, 0x08, 0x01, 0xeb, 0x23, 0x8b, 0x55, 0xfc, 0x89, 0xd0, 0xc1,
    0xe0, 0x02, 0x01, 0xd0, 0x01, 0xc0, 0x89, 0xc2, 0x8b, 0x45, 0x08, 0x0f,
    0xb6, 0x00, 0x0f, 0xbe, 0xc0, 0x83, 0xe8, 0x30, 0x01, 0xd0, 0x89, 0x45,
    0xfc, 0x83, 0x45, 0x08, 0x01, 0x8b, 0x45, 0x08, 0x0f, 0xb6, 0x00, 0x3c,
    0x2f, 0x7e, 0x0a, 0x8b, 0x45, 0x08, 0x0f, 0xb6, 0x00, 0x3c, 0x39, 0x7e,
    0xc9, 0x8b, 0x45, 0xf8, 0x0f, 0xaf, 0x45, 0xfc, 0xc9, 0xc3, 0x55, 0x89,
    0xe5, 0x83, 0xec, 0x10, 0xc7, 0x45, 0xfc, 0x00, 0x00, 0x00, 0x00, 0xc7,
    0x45, 0xf8, 0x01, 0x00, 0x00, 0x00, 0xeb, 0x04, 0x83, 0x45, 0x08, 0x01,
    0x8b, 0x45, 0x08, 0x0f, 0xb6, 0x00, 0x3c, 0x20, 0x74, 0xf2, 0x8b, 0x45,
    0x08, 0x0f, 0xb6, 0x00, 0x3c, 0x09, 0x74, 0xe8, 0x8b, 0x45, 0x08, 0x0f,
    0xb6, 0x00, 0x3c, 0x2d, 0x75, 0x0d, 0xc7, 0x45, 0xf8, 0xff, 0xff, 0xff,
    0xff, 0x83, 0x45, 0x08, 0x01, 0xeb, 0x33, 0x8b, 0x45, 0x08, 0x0f, 0xb6,
    0x00, 0x3c, 0x2b, 0x75, 0x29, 0x83, 0x45, 0x08, 0x01, 0xeb, 0x23, 0x8b,
    0x55, 0xfc, 0x89, 0xd0, 0xc1, 0xe0, 0x02, 0x01, 0xd0, 0x01, 0xc0, 0x89,
    0xc2, 0x8b, 0x45, 0x08, 0x0f, 0xb6, 0x00, 0x0f, 0xbe, 0xc0, 0x83, 0xe8,
    0x30, 0x01, 0xd0, 0x89, 0x45, 0xfc, 0x83, 0x45, 0x08, 0x01, 0x8b, 0x45,
    0x08, 0x0f, 0xb6, 0x00, 0x3c, 0x2f, 0x7e, 0x0a, 0x8b, 0x45, 0x08, 0x0f,
    0xb6, 0x00, 0x3c, 0x39, 0x7e, 0xc9, 0x8b, 0x45, 0xf8, 0x0f, 0xaf, 0x45,
    0xfc, 0xc9, 0xc3, 0x55, 0x89, 0xe5, 0x57, 0x56, 0x53, 0x83, 0xec, 0x20,
    0x8d, 0x45, 0x0c, 0x89, 0x45, 0xd8, 0x8b, 0x45, 0xd8, 0x8d, 0x50, 0x04,
    0x89, 0x55, 0xd8, 0x8b, 0x00, 0x89, 0x45, 0xf0, 0x8b, 0x45, 0xd8, 0x8d,
    0x50, 0x04, 0x89, 0x55, 0xd8, 0x8b, 0x00, 0x89, 0x45, 0xec, 0x8b, 0x45,
    0xd8, 0x8d, 0x50, 0x04, 0x89, 0x55, 0xd8, 0x8b, 0x00, 0x89, 0x45, 0xe8,
    0x8b, 0x45, 0xd8, 0x8d, 0x50, 0x04, 0x89, 0x55, 0xd8, 0x8b, 0x00, 0x89,
    0x45, 0xe4, 0x8b, 0x45, 0xd8, 0x8d, 0x50, 0x04, 0x89, 0x55, 0xd8, 0x8b,
    0x00, 0x89, 0x45, 0xe0, 0x8b, 0x45, 0x08, 0x8b, 0x5d, 0xf0, 0x8b, 0x4d,
    0xec, 0x8b, 0x55, 0xe8, 0x8b, 0x75, 0xe4, 0x8b, 0x7d, 0xe0, 0xcd, 0x80,
    0x89, 0x45, 0xdc, 0x8b, 0x45, 0xdc, 0x83, 0xc4, 0x20, 0x5b, 0x5e, 0x5f,
    0x5d, 0xc3, 0x00, 0x00, 0x20, 0x00, 0x0a, 0x00, 0x70, 0x77, 0x64, 0x3a,
    0x20, 0x66, 0x61, 0x69, 0x6c, 0x0a, 0x00, 0x63, 0x61, 0x74, 0x3a, 0x20,
    0x63, 0x61, 0x6e, 0x6e, 0x6f, 0x74, 0x20, 0x6f, 0x70, 0x65, 0x6e, 0x20,
    0x00, 0x2f, 0x00, 0x6c, 0x73, 0x3a, 0x20, 0x63, 0x61, 0x6e, 0x6e, 0x6f,
    0x74, 0x20, 0x6f, 0x70, 0x65, 0x6e, 0x20, 0x00, 0x2f, 0x0a, 0x00, 0x6d,
    0x6b, 0x64, 0x69, 0x72, 0x3a, 0x20, 0x6d, 0x69, 0x73, 0x73, 0x69, 0x6e,
    0x67, 0x20, 0x6f, 0x70, 0x65, 0x72, 0x61, 0x6e, 0x64, 0x0a, 0x00, 0x6d,
    0x6b, 0x64, 0x69, 0x72, 0x3a, 0x20, 0x66, 0x61, 0x69, 0x6c, 0x20, 0x00,
    0x72, 0x6d, 0x3a, 0x20, 0x6d, 0x69, 0x73, 0x73, 0x69, 0x6e, 0x67, 0x20,
    0x6f, 0x70, 0x65, 0x72, 0x61, 0x6e, 0x64, 0x0a, 0x00, 0x72, 0x6d, 0x3a,
    0x20, 0x66, 0x61, 0x69, 0x6c, 0x20, 0x00, 0x55, 0x73, 0x61, 0x67, 0x65,
    0x3a, 0x20, 0x75, 0x6e, 0x61, 0x6d, 0x65, 0x20, 0x5b, 0x4f, 0x50, 0x54,
    0x49, 0x4f, 0x4e, 0x5d, 0x2e, 0x2e, 0x2e, 0x0a, 0x00, 0x00, 0x00, 0x00,
    0x50, 0x72, 0x69, 0x6e, 0x74, 0x20, 0x63, 0x65, 0x72, 0x74, 0x61, 0x69,
    0x6e, 0x20, 0x73, 0x79, 0x73, 0x74, 0x65, 0x6d, 0x20, 0x69, 0x6e, 0x66,
    0x6f, 0x72, 0x6d, 0x61, 0x74, 0x69, 0x6f, 0x6e, 0x2e, 0x20, 0x57, 0x69,
    0x74, 0x68, 0x20, 0x6e, 0x6f, 0x20, 0x4f, 0x50, 0x54, 0x49, 0x4f, 0x4e,
    0x2c, 0x20, 0x73, 0x61, 0x6d, 0x65, 0x20, 0x61, 0x73, 0x20, 0x2d, 0x73,
    0x2e, 0x0a, 0x0a, 0x00, 0x20, 0x20, 0x2d, 0x61, 0x2c, 0x20, 0x2d, 0x2d,
    0x61, 0x6c, 0x6c, 0x20, 0x20, 0x20, 0x20, 0x20, 0x20, 0x20, 0x20, 0x20,
    0x20, 0x20, 0x20, 0x20, 0x20, 0x20, 0x20, 0x20, 0x70, 0x72, 0x69, 0x6e,
    0x74, 0x20, 0x61, 0x6c, 0x6c, 0x20, 0x69, 0x6e, 0x66, 0x6f, 0x72, 0x6d,
    0x61, 0x74, 0x69, 0x6f, 0x6e, 0x0a, 0x00, 0x00, 0x20, 0x20, 0x2d, 0x73,
    0x2c, 0x20, 0x2d, 0x2d, 0x6b, 0x65, 0x72, 0x6e, 0x65, 0x6c, 0x2d, 0x6e,
    0x61, 0x6d, 0x65, 0x20, 0x20, 0x20, 0x20, 0x20, 0x20, 0x20, 0x20, 0x20,
    0x70, 0x72, 0x69, 0x6e, 0x74, 0x20, 0x74, 0x68, 0x65, 0x20, 0x6b, 0x65,
    0x72, 0x6e, 0x65, 0x6c, 0x20, 0x6e, 0x61, 0x6d, 0x65, 0x0a, 0x00, 0x00,
    0x20, 0x20, 0x2d, 0x6e, 0x2c, 0x20, 0x2d, 0x2d, 0x6e, 0x6f, 0x64, 0x65,
    0x6e, 0x61, 0x6d, 0x65, 0x20, 0x20, 0x20, 0x20, 0x20, 0x20, 0x20, 0x20,
    0x20, 0x20, 0x20, 0x20, 0x70, 0x72, 0x69, 0x6e, 0x74, 0x20, 0x74, 0x68,
    0x65, 0x20, 0x6e, 0x65, 0x74, 0x77, 0x6f, 0x72, 0x6b, 0x20, 0x6e, 0x6f,
    0x64, 0x65, 0x20, 0x68, 0x6f, 0x73, 0x74, 0x6e, 0x61, 0x6d, 0x65, 0x0a,
    0x00, 0x00, 0x00, 0x00, 0x20, 0x20, 0x2d, 0x72, 0x2c, 0x20, 0x2d, 0x2d,
    0x6b, 0x65, 0x72, 0x6e, 0x65, 0x6c, 0x2d, 0x72, 0x65, 0x6c, 0x65, 0x61,
    0x73, 0x65, 0x20, 0x20, 0x20, 0x20, 0x20, 0x20, 0x70, 0x72, 0x69, 0x6e,
    0x74, 0x20, 0x74, 0x68, 0x65, 0x20, 0x6b, 0x65, 0x72, 0x6e, 0x65, 0x6c,
    0x20, 0x72, 0x65, 0x6c, 0x65, 0x61, 0x73, 0x65, 0x0a, 0x00, 0x00, 0x00,
    0x20, 0x20, 0x2d, 0x76, 0x2c, 0x20, 0x2d, 0x2d, 0x6b, 0x65, 0x72, 0x6e,
    0x65, 0x6c, 0x2d, 0x76, 0x65, 0x72, 0x73, 0x69, 0x6f, 0x6e, 0x20, 0x20,
    0x20, 0x20, 0x20, 0x20, 0x70, 0x72, 0x69, 0x6e, 0x74, 0x20, 0x74, 0x68,
    0x65, 0x20, 0x6b, 0x65, 0x72, 0x6e, 0x65, 0x6c, 0x20, 0x76, 0x65, 0x72,
    0x73, 0x69, 0x6f, 0x6e, 0x0a, 0x00, 0x00, 0x00, 0x20, 0x20, 0x2d, 0x6d,
    0x2c, 0x20, 0x2d, 0x2d, 0x6d, 0x61, 0x63, 0x68, 0x69, 0x6e, 0x65, 0x20,
    0x20, 0x20, 0x20, 0x20, 0x20, 0x20, 0x20, 0x20, 0x20, 0x20, 0x20, 0x20,
    0x70, 0x72, 0x69, 0x6e, 0x74, 0x20, 0x74, 0x68, 0x65, 0x20, 0x6d, 0x61,
    0x63, 0x68, 0x69, 0x6e, 0x65, 0x20, 0x68, 0x61, 0x72, 0x64, 0x77, 0x61,
    0x72, 0x65, 0x20, 0x6e, 0x61, 0x6d, 0x65, 0x0a, 0x00, 0x00, 0x00, 0x00,
    0x20, 0x20, 0x2d, 0x70, 0x2c, 0x20, 0x2d, 0x2d, 0x70, 0x72, 0x6f, 0x63,
    0x65, 0x73, 0x73, 0x6f, 0x72, 0x20, 0x20, 0x20, 0x20, 0x20, 0x20, 0x20,
    0x20, 0x20, 0x20, 0x20, 0x70, 0x72, 0x69, 0x6e, 0x74, 0x20, 0x74, 0x68,
    0x65, 0x20, 0x70, 0x72, 0x6f, 0x63, 0x65, 0x73, 0x73, 0x6f, 0x72, 0x20,
    0x74, 0x79, 0x70, 0x65, 0x0a, 0x00, 0x00, 0x00, 0x20, 0x20, 0x2d, 0x69,
    0x2c, 0x20, 0x2d, 0x2d, 0x68, 0x61, 0x72, 0x64, 0x77, 0x61, 0x72, 0x65,
    0x2d, 0x70, 0x6c, 0x61, 0x74, 0x66, 0x6f, 0x72, 0x6d, 0x20, 0x20, 0x20,
    0x70, 0x72, 0x69, 0x6e, 0x74, 0x20, 0x74, 0x68, 0x65, 0x20, 0x68, 0x61,
    0x72, 0x64, 0x77, 0x61, 0x72, 0x65, 0x20, 0x70, 0x6c, 0x61, 0x74, 0x66,
    0x6f, 0x72, 0x6d, 0x0a, 0x00, 0x00, 0x00, 0x00, 0x20, 0x20, 0x2d, 0x6f,
    0x2c, 0x20, 0x2d, 0x2d, 0x6f, 0x70, 0x65, 0x72, 0x61, 0x74, 0x69, 0x6e,
    0x67, 0x2d, 0x73, 0x79, 0x73, 0x74, 0x65, 0x6d, 0x20, 0x20, 0x20, 0x20,
    0x70, 0x72, 0x69, 0x6e, 0x74, 0x20, 0x74, 0x68, 0x65, 0x20, 0x6f, 0x70,
    0x65, 0x72, 0x61, 0x74, 0x69, 0x6e, 0x67, 0x20, 0x73, 0x79, 0x73, 0x74,
    0x65, 0x6d, 0x0a, 0x00, 0x20, 0x20, 0x20, 0x20, 0x20, 0x20, 0x2d, 0x2d,
    0x68, 0x65, 0x6c, 0x70, 0x20, 0x20, 0x20, 0x20, 0x20, 0x20, 0x20, 0x20,
    0x20, 0x20, 0x20, 0x20, 0x20, 0x20, 0x20, 0x20, 0x64, 0x69, 0x73, 0x70,
    0x6c, 0x61, 0x79, 0x20, 0x74, 0x68, 0x69, 0x73, 0x20, 0x68, 0x65, 0x6c,
    0x70, 0x20, 0x61, 0x6e, 0x64, 0x20, 0x65, 0x78, 0x69, 0x74, 0x0a, 0x00,
    0x20, 0x20, 0x20, 0x20, 0x20, 0x20, 0x2d, 0x2d, 0x76, 0x65, 0x72, 0x73,
    0x69, 0x6f, 0x6e, 0x20, 0x20, 0x20, 0x20, 0x20, 0x20, 0x20, 0x20, 0x20,
    0x20, 0x20, 0x20, 0x20, 0x6f, 0x75, 0x74, 0x70, 0x75, 0x74, 0x20, 0x76,
    0x65, 0x72, 0x73, 0x69, 0x6f, 0x6e, 0x20, 0x69, 0x6e, 0x66, 0x6f, 0x72,
    0x6d, 0x61, 0x74, 0x69, 0x6f, 0x6e, 0x20, 0x61, 0x6e, 0x64, 0x20, 0x65,
    0x78, 0x69, 0x74, 0x0a, 0x00, 0x2d, 0x2d, 0x68, 0x65, 0x6c, 0x70, 0x00,
    0x2d, 0x2d, 0x76, 0x65, 0x72, 0x73, 0x69, 0x6f, 0x6e, 0x00, 0x75, 0x6e,
    0x61, 0x6d, 0x65, 0x20, 0x28, 0x56, 0x4e, 0x55, 0x20, 0x63, 0x6f, 0x72,
    0x65, 0x75, 0x74, 0x69, 0x6c, 0x73, 0x29, 0x20, 0x30, 0x2e, 0x33, 0x0a,
    0x00, 0x2d, 0x2d, 0x61, 0x6c, 0x6c, 0x00, 0x2d, 0x2d, 0x6b, 0x65, 0x72,
    0x6e, 0x65, 0x6c, 0x2d, 0x6e, 0x61, 0x6d, 0x65, 0x00, 0x2d, 0x2d, 0x6e,
    0x6f, 0x64, 0x65, 0x6e, 0x61, 0x6d, 0x65, 0x00, 0x2d, 0x2d, 0x6b, 0x65,
    0x72, 0x6e, 0x65, 0x6c, 0x2d, 0x72, 0x65, 0x6c, 0x65, 0x61, 0x73, 0x65,
    0x00, 0x2d, 0x2d, 0x6b, 0x65, 0x72, 0x6e, 0x65, 0x6c, 0x2d, 0x76, 0x65,
    0x72, 0x73, 0x69, 0x6f, 0x6e, 0x00, 0x2d, 0x2d, 0x6d, 0x61, 0x63, 0x68,
    0x69, 0x6e, 0x65, 0x00, 0x2d, 0x2d, 0x70, 0x72, 0x6f, 0x63, 0x65, 0x73,
    0x73, 0x6f, 0x72, 0x00, 0x2d, 0x2d, 0x68, 0x61, 0x72, 0x64, 0x77, 0x61,
    0x72, 0x65, 0x2d, 0x70, 0x6c, 0x61, 0x74, 0x66, 0x6f, 0x72, 0x6d, 0x00,
    0x2d, 0x2d, 0x6f, 0x70, 0x65, 0x72, 0x61, 0x74, 0x69, 0x6e, 0x67, 0x2d,
    0x73, 0x79, 0x73, 0x74, 0x65, 0x6d, 0x00, 0x75, 0x6e, 0x61, 0x6d, 0x65,
    0x3a, 0x20, 0x69, 0x6e, 0x76, 0x61, 0x6c, 0x69, 0x64, 0x20, 0x6f, 0x70,
    0x74, 0x69, 0x6f, 0x6e, 0x0a, 0x00, 0x75, 0x6e, 0x61, 0x6d, 0x65, 0x3a,
    0x20, 0x75, 0x6e, 0x65, 0x78, 0x70, 0x65, 0x63, 0x74, 0x65, 0x64, 0x20,
    0x61, 0x72, 0x67, 0x75, 0x6d, 0x65, 0x6e, 0x74, 0x0a, 0x00, 0x30, 0x00,
    0x77, 0x63, 0x3a, 0x20, 0x63, 0x61, 0x6e, 0x6e, 0x6f, 0x74, 0x20, 0x6f,
    0x70, 0x65, 0x6e, 0x20, 0x00, 0x63, 0x61, 0x6e, 0x6e, 0x6f, 0x74, 0x20,
    0x6f, 0x70, 0x65, 0x6e, 0x20, 0x00, 0x67, 0x72, 0x65, 0x70, 0x3a, 0x20,
    0x6d, 0x69, 0x73, 0x73, 0x69, 0x6e, 0x67, 0x20, 0x70, 0x61, 0x74, 0x74,
    0x65, 0x72, 0x6e, 0x0a, 0x00, 0x63, 0x61, 0x6e, 0x6e, 0x6f, 0x74, 0x20,
    0x63, 0x72, 0x65, 0x61, 0x74, 0x65, 0x20, 0x00, 0x63, 0x70, 0x3a, 0x20,
    0x75, 0x73, 0x61, 0x67, 0x65, 0x3a, 0x20, 0x63, 0x70, 0x20, 0x53, 0x52,
    0x43, 0x20, 0x44, 0x53, 0x54, 0x0a, 0x00, 0x6d, 0x76, 0x3a, 0x20, 0x75,
    0x73, 0x61, 0x67, 0x65, 0x3a, 0x20, 0x6d, 0x76, 0x20, 0x53, 0x52, 0x43,
    0x20, 0x44, 0x53, 0x54, 0x0a, 0x00, 0x62, 0x61, 0x73, 0x65, 0x6e, 0x61,
    0x6d, 0x65, 0x3a, 0x20, 0x6d, 0x69, 0x73, 0x73, 0x69, 0x6e, 0x67, 0x20,
    0x6f, 0x70, 0x65, 0x72, 0x61, 0x6e, 0x64, 0x0a, 0x00, 0x64, 0x69, 0x72,
    0x6e, 0x61, 0x6d, 0x65, 0x3a, 0x20, 0x6d, 0x69, 0x73, 0x73, 0x69, 0x6e,
    0x67, 0x20, 0x6f, 0x70, 0x65, 0x72, 0x61, 0x6e, 0x64, 0x0a, 0x00, 0x2e,
    0x0a, 0x00, 0x00, 0x00, 0x73, 0x65, 0x71, 0x3a, 0x20, 0x75, 0x73, 0x61,
    0x67, 0x65, 0x3a, 0x20, 0x73, 0x65, 0x71, 0x20, 0x5b, 0x46, 0x49, 0x52,
    0x53, 0x54, 0x20, 0x5b, 0x53, 0x54, 0x45, 0x50, 0x5d, 0x5d, 0x20, 0x4c,
    0x41, 0x53, 0x54, 0x0a, 0x00, 0x65, 0x63, 0x68, 0x6f, 0x00, 0x74, 0x72,
    0x75, 0x65, 0x00, 0x66, 0x61, 0x6c, 0x73, 0x65, 0x00, 0x70, 0x77, 0x64,
    0x00, 0x63, 0x61, 0x74, 0x00, 0x6c, 0x73, 0x00, 0x6d, 0x6b, 0x64, 0x69,
    0x72, 0x00, 0x72, 0x6d, 0x00, 0x74, 0x6f, 0x75, 0x63, 0x68, 0x00, 0x75,
    0x6e, 0x61, 0x6d, 0x65, 0x00, 0x63, 0x6c, 0x65, 0x61, 0x72, 0x00, 0x77,
    0x63, 0x00, 0x68, 0x65, 0x61, 0x64, 0x00, 0x74, 0x61, 0x69, 0x6c, 0x00,
    0x67, 0x72, 0x65, 0x70, 0x00, 0x73, 0x6f, 0x72, 0x74, 0x00, 0x63, 0x70,
    0x00, 0x6d, 0x76, 0x00, 0x62, 0x61, 0x73, 0x65, 0x6e, 0x61, 0x6d, 0x65,
    0x00, 0x64, 0x69, 0x72, 0x6e, 0x61, 0x6d, 0x65, 0x00, 0x73, 0x65, 0x71,
    0x00, 0x63, 0x6f, 0x72, 0x65, 0x75, 0x74, 0x69, 0x6c, 0x73, 0x00, 0x63,
    0x6f, 0x72, 0x65, 0x75, 0x74, 0x69, 0x6c, 0x73, 0x3a, 0x20, 0x75, 0x6e,
    0x6b, 0x6e, 0x6f, 0x77, 0x6e, 0x20, 0x61, 0x70, 0x70, 0x6c, 0x65, 0x74,
    0x20, 0x00, 0x00, 0x00, 0x00, 0x00, 0x00, 0x00, 0x00, 0x00, 0x00, 0x00,
    0x00, 0x00, 0x00, 0x00, 0xe5, 0x27, 0x40, 0x00, 0x18, 0x01, 0x40, 0x00,
    0xea, 0x27, 0x40, 0x00, 0x82, 0x01, 0x40, 0x00, 0xef, 0x27, 0x40, 0x00,
    0x8c, 0x01, 0x40, 0x00, 0xf5, 0x27, 0x40, 0x00, 0x96, 0x01, 0x40, 0x00,
    0xf9, 0x27, 0x40, 0x00, 0xfa, 0x01, 0x40, 0x00, 0xfd, 0x27, 0x40, 0x00,
    0x26, 0x03, 0x40, 0x00, 0x00, 0x28, 0x40, 0x00, 0x83, 0x04, 0x40, 0x00,
    0x06, 0x28, 0x40, 0x00, 0x25, 0x05, 0x40, 0x00, 0x09, 0x28, 0x40, 0x00,
    0xed, 0x05, 0x40, 0x00, 0x0f, 0x28, 0x40, 0x00, 0x64, 0x07, 0x40, 0x00,
    0x15, 0x28, 0x40, 0x00, 0x9b, 0x0c, 0x40, 0x00, 0x1b, 0x28, 0x40, 0x00,
    0x8a, 0x0d, 0x40, 0x00, 0x1e, 0x28, 0x40, 0x00, 0x6d, 0x11, 0x40, 0x00,
    0x23, 0x28, 0x40, 0x00, 0x70, 0x12, 0x40, 0x00, 0x28, 0x28, 0x40, 0x00,
    0x20, 0x14, 0x40, 0x00, 0x2d, 0x28, 0x40, 0x00, 0x16, 0x15, 0x40, 0x00,
    0x32, 0x28, 0x40, 0x00, 0x92, 0x17, 0x40, 0x00, 0x35, 0x28, 0x40, 0x00,
    0xdc, 0x17, 0x40, 0x00, 0x38, 0x28, 0x40, 0x00, 0x42, 0x18, 0x40, 0x00,
    0x41, 0x28, 0x40, 0x00, 0x9c, 0x18, 0x40, 0x00, 0x49, 0x28, 0x40, 0x00,
    0xb3, 0x19, 0x40, 0x00, 0x00, 0x00, 0x00, 0x00, 0x00, 0x00, 0x00, 0x00,
    0x00, 0x00, 0x00, 0x00, 0x00, 0x00, 0x00, 0x00, 0x00, 0x00, 0x00, 0x00,
    0x00, 0x00, 0x00, 0x00, 0x01, 0x00, 0x00, 0x00, 0x00, 0x00, 0x00, 0x00,
    0x00, 0x00, 0x00, 0x00, 0x04, 0x00, 0xf1, 0xff, 0x0c, 0x00, 0x00, 0x00,
    0x00, 0x00, 0x00, 0x00, 0x00, 0x00, 0x00, 0x00, 0x04, 0x00, 0xf1, 0xff,
    0x18, 0x00, 0x00, 0x00, 0x94, 0x00, 0x40, 0x00, 0x34, 0x00, 0x00, 0x00,
    0x02, 0x00, 0x01, 0x00, 0x1d, 0x00, 0x00, 0x00, 0xc8, 0x00, 0x40, 0x00,
    0x28, 0x00, 0x00, 0x00, 0x02, 0x00, 0x01, 0x00, 0x1f, 0x00, 0x00, 0x00,
    0xf0, 0x00, 0x40, 0x00, 0x28, 0x00, 0x00, 0x00, 0x02, 0x00, 0x01, 0x00,
    0x22, 0x00, 0x00, 0x00, 0x18, 0x01, 0x40, 0x00, 0x6a, 0x00, 0x00, 0x00,
    0x02, 0x00, 0x01, 0x00, 0x2b, 0x00, 0x00, 0x00, 0x82, 0x01, 0x40, 0x00,
    0x0a, 0x00, 0x00, 0x00, 0x02, 0x00, 0x01, 0x00, 0x34, 0x00, 0x00, 0x00,
    0x8c, 0x01, 0x40, 0x00, 0x0a, 0x00, 0x00, 0x00, 0x02, 0x00, 0x01, 0x00,
    0x3e, 0x00, 0x00, 0x00, 0x96, 0x01, 0x40, 0x00, 0x64, 0x00, 0x00, 0x00,
    0x02, 0x00, 0x01, 0x00, 0x46, 0x00, 0x00, 0x00, 0xfa, 0x01, 0x40, 0x00,
    0x2c, 0x01, 0x00, 0x00, 0x02, 0x00, 0x01, 0x00, 0x4e, 0x00, 0x00, 0x00,
    0x26, 0x03, 0x40, 0x00, 0x5d, 0x01, 0x00, 0x00, 0x02, 0x00, 0x01, 0x00,
    0x55, 0x00, 0x00, 0x00, 0x83, 0x04, 0x40, 0x00, 0xa2, 0x00, 0x00, 0x00,
    0x02, 0x00, 0x01, 0x00, 0x5f, 0x00, 0x00, 0x00, 0x25, 0x05, 0x40, 0x00,
    0xc8, 0x00, 0x00, 0x00, 0x02, 0x00, 0x01, 0x00, 0x66, 0x00, 0x00, 0x00,
    0xed, 0x05, 0x40, 0x00, 0x65, 0x00, 0x00, 0x00, 0x02, 0x00, 0x01, 0x00,
    0x70, 0x00, 0x00, 0x00, 0x52, 0x06, 0x40, 0x00, 0xd9, 0x00, 0x00, 0x00,
    0x02, 0x00, 0x01, 0x00, 0x7b, 0x00, 0x00, 0x00, 0x2b, 0x07, 0x40, 0x00,
    0x39, 0x00, 0x00, 0x00, 0x02, 0x00, 0x01, 0x00, 0x87, 0x00, 0x00, 0x00,
    0x64, 0x07, 0x40, 0x00, 0x37, 0x05, 0x00, 0x00, 0x02, 0x00, 0x01, 0x00,
    0x91, 0x00, 0x00, 0x00, 0x9b, 0x0c, 0x40, 0x00, 0x30, 0x00, 0x00, 0x00,
    0x02, 0x00, 0x01, 0x00, 0x9b, 0x00, 0x00, 0x00, 0xcb, 0x0c, 0x40, 0x00,
    0xbf, 0x00, 0x00, 0x00, 0x02, 0x00, 0x01, 0x00, 0xa4, 0x00, 0x00, 0x00,
    0x8a, 0x0d, 0x40, 0x00, 0x27, 0x02, 0x00, 0x00, 0x02, 0x00, 0x01, 0x00,
    0xab, 0x00, 0x00, 0x00, 0xb1, 0x0f, 0x40, 0x00, 0x2b, 0x01, 0x00, 0x00,
    0x02, 0x00, 0x01, 0x00, 0xb6, 0x00, 0x00, 0x00, 0xdc, 0x10, 0x40, 0x00,
    0x91, 0x00, 0x00, 0x00, 0x02, 0x00, 0x01, 0x00, 0xc4, 0x00, 0x00, 0x00,
    0x6d, 0x11, 0x40, 0x00, 0x03, 0x01, 0x00, 0x00, 0x02, 0x00, 0x01, 0x00,
    0xcd, 0x00, 0x00, 0x00, 0x40, 0x29, 0x40, 0x00, 0x00, 0x32, 0x00, 0x00,
    0x01, 0x00, 0x04, 0x00, 0xd5, 0x00, 0x00, 0x00, 0x70, 0x12, 0x40, 0x00,
    0x0a, 0x01, 0x00, 0x00, 0x02, 0x00, 0x01, 0x00, 0xde, 0x00, 0x00, 0x00,
    0x40, 0x5b, 0x40, 0x00, 0x00, 0x32, 0x00, 0x00, 0x01, 0x00, 0x04, 0x00,
    0xe6, 0x00, 0x00, 0x00, 0x7a, 0x13, 0x40, 0x00, 0xa6, 0x00, 0x00, 0x00,
    0x02, 0x00, 0x01, 0x00, 0xef, 0x00, 0x00, 0x00, 0x20, 0x14, 0x40, 0x00,
    0xf6, 0x00, 0x00, 0x00, 0x02, 0x00, 0x01, 0x00, 0xf8, 0x00, 0x00, 0x00,
    0x40, 0x8d, 0x40, 0x00, 0x00, 0x32, 0x00, 0x00, 0x01, 0x00, 0x04, 0x00,
    0x00, 0x01, 0x00, 0x00, 0x16, 0x15, 0x40, 0x00, 0x61, 0x01, 0x00, 0x00,
    0x02, 0x00, 0x01, 0x00, 0x09, 0x01, 0x00, 0x00, 0x40, 0xbf, 0x40, 0x00,
    0x00, 0x32, 0x00, 0x00, 0x01, 0x00, 0x04, 0x00, 0x11, 0x01, 0x00, 0x00,
    0x77, 0x16, 0x40, 0x00, 0x1b, 0x01, 0x00, 0x00, 0x02, 0x00, 0x01, 0x00,
    0x1b, 0x01, 0x00, 0x00, 0x92, 0x17, 0x40, 0x00, 0x4a, 0x00, 0x00, 0x00,
    0x02, 0x00, 0x01, 0x00, 0x22, 0x01, 0x00, 0x00, 0xdc, 0x17, 0x40, 0x00,
    0x66, 0x00, 0x00, 0x00, 0x02, 0x00, 0x01, 0x00, 0x29, 0x01, 0x00, 0x00,
    0x42, 0x18, 0x40, 0x00, 0x5a, 0x00, 0x00, 0x00, 0x02, 0x00, 0x01, 0x00,
    0x36, 0x01, 0x00, 0x00, 0x9c, 0x18, 0x40, 0x00, 0x17, 0x01, 0x00, 0x00,
    0x02, 0x00, 0x01, 0x00, 0x42, 0x01, 0x00, 0x00, 0xb3, 0x19, 0x40, 0x00,
    0x60, 0x01, 0x00, 0x00, 0x02, 0x00, 0x01, 0x00, 0x4a, 0x01, 0x00, 0x00,
    0x80, 0x28, 0x40, 0x00, 0xb0, 0x00, 0x00, 0x00, 0x01, 0x00, 0x03, 0x00,
    0x50, 0x01, 0x00, 0x00, 0x00, 0x00, 0x00, 0x00, 0x00, 0x00, 0x00, 0x00,
    0x04, 0x00, 0xf1, 0xff, 0x58, 0x01, 0x00, 0x00, 0x00, 0x00, 0x00, 0x00,
    0x00, 0x00, 0x00, 0x00, 0x04, 0x00, 0xf1, 0xff, 0x60, 0x01, 0x00, 0x00,
    0x00, 0x00, 0x00, 0x00, 0x00, 0x00, 0x00, 0x00, 0x04, 0x00, 0xf1, 0xff,
    0x67, 0x01, 0x00, 0x00, 0x00, 0x00, 0x00, 0x00, 0x00, 0x00, 0x00, 0x00,
    0x04, 0x00, 0xf1, 0xff, 0x6e, 0x01, 0x00, 0x00, 0x00, 0x00, 0x00, 0x00,
    0x00, 0x00, 0x00, 0x00, 0x04, 0x00, 0xf1, 0xff, 0x76, 0x01, 0x00, 0x00,
    0x00, 0x00, 0x00, 0x00, 0x00, 0x00, 0x00, 0x00, 0x04, 0x00, 0xf1, 0xff,
    0x7d, 0x01, 0x00, 0x00, 0x00, 0x00, 0x00, 0x00, 0x00, 0x00, 0x00, 0x00,
    0x04, 0x00, 0xf1, 0xff, 0x86, 0x01, 0x00, 0x00, 0x00, 0x00, 0x00, 0x00,
    0x00, 0x00, 0x00, 0x00, 0x04, 0x00, 0xf1, 0xff, 0x8e, 0x01, 0x00, 0x00,
    0x00, 0x00, 0x00, 0x00, 0x00, 0x00, 0x00, 0x00, 0x04, 0x00, 0xf1, 0xff,
    0x97, 0x01, 0x00, 0x00, 0x00, 0x00, 0x00, 0x00, 0x00, 0x00, 0x00, 0x00,
    0x04, 0x00, 0xf1, 0xff, 0xa0, 0x01, 0x00, 0x00, 0x00, 0x00, 0x00, 0x00,
    0x00, 0x00, 0x00, 0x00, 0x04, 0x00, 0xf1, 0xff, 0xa9, 0x01, 0x00, 0x00,
    0x00, 0x00, 0x00, 0x00, 0x00, 0x00, 0x00, 0x00, 0x04, 0x00, 0xf1, 0xff,
    0xb3, 0x01, 0x00, 0x00, 0x00, 0x00, 0x00, 0x00, 0x00, 0x00, 0x00, 0x00,
    0x04, 0x00, 0xf1, 0xff, 0xbc, 0x01, 0x00, 0x00, 0x00, 0x00, 0x00, 0x00,
    0x00, 0x00, 0x00, 0x00, 0x04, 0x00, 0xf1, 0xff, 0xc5, 0x01, 0x00, 0x00,
    0x00, 0x00, 0x00, 0x00, 0x00, 0x00, 0x00, 0x00, 0x04, 0x00, 0xf1, 0xff,
    0xce, 0x01, 0x00, 0x00, 0x40, 0xf1, 0x40, 0x00, 0x04, 0x00, 0x00, 0x00,
    0x01, 0x00, 0x04, 0x00, 0xd9, 0x01, 0x00, 0x00, 0x00, 0x00, 0x00, 0x00,
    0x00, 0x00, 0x00, 0x00, 0x04, 0x00, 0xf1, 0xff, 0xe0, 0x01, 0x00, 0x00,
    0x00, 0x00, 0x00, 0x00, 0x00, 0x00, 0x00, 0x00, 0x04, 0x00, 0xf1, 0xff,
    0xe7, 0x01, 0x00, 0x00, 0x00, 0x00, 0x00, 0x00, 0x00, 0x00, 0x00, 0x00,
    0x04, 0x00, 0xf1, 0xff, 0xf1, 0x01, 0x00, 0x00, 0xd6, 0x1e, 0x40, 0x00,
    0x30, 0x00, 0x00, 0x00, 0x12, 0x00, 0x01, 0x00, 0xf8, 0x01, 0x00, 0x00,
    0x67, 0x22, 0x40, 0x00, 0x77, 0x00, 0x00, 0x00, 0x12, 0x00, 0x01, 0x00,
    0x00, 0x02, 0x00, 0x00, 0xd2, 0x21, 0x40, 0x00, 0x95, 0x00, 0x00, 0x00,
    0x12, 0x00, 0x01, 0x00, 0x05, 0x02, 0x00, 0x00, 0xd0, 0x1f, 0x40, 0x00,
    0x49, 0x01, 0x00, 0x00, 0x12, 0x00, 0x01, 0x00, 0x0c, 0x02, 0x00, 0x00,
    0xd0, 0x1c, 0x40, 0x00, 0x18, 0x00, 0x00, 0x00, 0x12, 0x00, 0x01, 0x00,
    0x12, 0x02, 0x00, 0x00, 0x76, 0x1d, 0x40, 0x00, 0xff, 0x00, 0x00, 0x00,
    0x12, 0x00, 0x01, 0x00, 0x8b, 0x00, 0x00, 0x00, 0xf0, 0x1b, 0x40, 0x00,
    0x18, 0x00, 0x00, 0x00, 0x12, 0x00, 0x01, 0x00, 0x1a, 0x02, 0x00, 0x00,
    0x08, 0x1c, 0x40, 0x00, 0x1b, 0x00, 0x00, 0x00, 0x12, 0x00, 0x01, 0x00,
    0xd2, 0x01, 0x00, 0x00, 0x00, 0x00, 0x40, 0x00, 0x00, 0x00, 0x00, 0x00,
    0x10, 0x00, 0x01, 0x00, 0x20, 0x02, 0x00, 0x00, 0x13, 0x00, 0x40, 0x00,
    0x81, 0x00, 0x00, 0x00, 0x12, 0x00, 0x01, 0x00, 0x29, 0x02, 0x00, 0x00,
    0x23, 0x1c, 0x40, 0x00, 0x1b, 0x00, 0x00, 0x00, 0x12, 0x00, 0x01, 0x00,
    0x2e, 0x02, 0x00, 0x00, 0x06, 0x1f, 0x40, 0x00, 0x5d, 0x00, 0x00, 0x00,
    0x12, 0x00, 0x01, 0x00, 0x36, 0x02, 0x00, 0x00, 0xe8, 0x1c, 0x40, 0x00,
    0x18, 0x00, 0x00, 0x00, 0x12, 0x00, 0x01, 0x00, 0x3d, 0x02, 0x00, 0x00,
    0xa2, 0x1f, 0x40, 0x00, 0x2e, 0x00, 0x00, 0x00, 0x12, 0x00, 0x01, 0x00,
    0x44, 0x02, 0x00, 0x00, 0x13, 0x1b, 0x40, 0x00, 0xdd, 0x00, 0x00, 0x00,
    0x12, 0x00, 0x01, 0x00, 0x49, 0x02, 0x00, 0x00, 0x00, 0x1d, 0x40, 0x00,
    0x76, 0x00, 0x00, 0x00, 0x12, 0x00, 0x01, 0x00, 0x51, 0x02, 0x00, 0x00,
    0x63, 0x1f, 0x40, 0x00, 0x3f, 0x00, 0x00, 0x00, 0x12, 0x00, 0x01, 0x00,
    0x58, 0x02, 0x00, 0x00, 0x8a, 0x1c, 0x40, 0x00, 0x2e, 0x00, 0x00, 0x00,
    0x12, 0x00, 0x01, 0x00, 0x5f, 0x02, 0x00, 0x00, 0x71, 0x1c, 0x40, 0x00,
    0x19, 0x00, 0x00, 0x00, 0x12, 0x00, 0x01, 0x00, 0x64, 0x02, 0x00, 0x00,
    0x3d, 0x21, 0x40, 0x00, 0x95, 0x00, 0x00, 0x00, 0x12, 0x00, 0x01, 0x00,
    0x69, 0x02, 0x00, 0x00, 0xaf, 0x1e, 0x40, 0x00, 0x27, 0x00, 0x00, 0x00,
    0x12, 0x00, 0x01, 0x00, 0x70, 0x02, 0x00, 0x00, 0x3e, 0x1c, 0x40, 0x00,
    0x1b, 0x00, 0x00, 0x00, 0x12, 0x00, 0x01, 0x00, 0x75, 0x02, 0x00, 0x00,
    0x75, 0x1e, 0x40, 0x00, 0x3a, 0x00, 0x00, 0x00, 0x12, 0x00, 0x01, 0x00,
    0x59, 0x00, 0x00, 0x00, 0xb8, 0x1c, 0x40, 0x00, 0x18, 0x00, 0x00, 0x00,
    0x12, 0x00, 0x01, 0x00, 0x7e, 0x02, 0x00, 0x00, 0x59, 0x1c, 0x40, 0x00,
    0x18, 0x00, 0x00, 0x00, 0x12, 0x00, 0x01, 0x00, 0x84, 0x02, 0x00, 0x00,
    0x19, 0x21, 0x40, 0x00, 0x24, 0x00, 0x00, 0x00, 0x12, 0x00, 0x01, 0x00,
    0x00, 0x63, 0x72, 0x74, 0x30, 0x5f, 0x76, 0x6e, 0x75, 0x2e, 0x63, 0x00,
    0x63, 0x6f, 0x72, 0x65, 0x75, 0x74, 0x69, 0x6c, 0x73, 0x2e, 0x63, 0x00,
    0x62, 0x61, 0x73, 0x65, 0x00, 0x77, 0x00, 0x77, 0x65, 0x00, 0x63, 0x6d,
    0x64, 0x5f, 0x65, 0x63, 0x68, 0x6f, 0x00, 0x63, 0x6d, 0x64, 0x5f, 0x74,
    0x72, 0x75, 0x65, 0x00, 0x63, 0x6d, 0x64, 0x5f, 0x66, 0x61, 0x6c, 0x73,
    0x65, 0x00, 0x63, 0x6d, 0x64, 0x5f, 0x70, 0x77, 0x64, 0x00, 0x63, 0x6d,
    0x64, 0x5f, 0x63, 0x61, 0x74, 0x00, 0x63, 0x6d, 0x64, 0x5f, 0x6c, 0x73,
    0x00, 0x63, 0x6d, 0x64, 0x5f, 0x6d, 0x6b, 0x64, 0x69, 0x72, 0x00, 0x63,
    0x6d, 0x64, 0x5f, 0x72, 0x6d, 0x00, 0x63, 0x6d, 0x64, 0x5f, 0x74, 0x6f,
    0x75, 0x63, 0x68, 0x00, 0x75, 0x6e, 0x61, 0x6d, 0x65, 0x5f, 0x68, 0x65,
    0x6c, 0x70, 0x00, 0x75, 0x6e, 0x61, 0x6d, 0x65, 0x5f, 0x66, 0x69, 0x65,
    0x6c, 0x64, 0x00, 0x63, 0x6d, 0x64, 0x5f, 0x75, 0x6e, 0x61, 0x6d, 0x65,
    0x00, 0x63, 0x6d, 0x64, 0x5f, 0x63, 0x6c, 0x65, 0x61, 0x72, 0x00, 0x70,
    0x75, 0x74, 0x5f, 0x75, 0x69, 0x6e, 0x74, 0x00, 0x63, 0x6d, 0x64, 0x5f,
    0x77, 0x63, 0x00, 0x72, 0x65, 0x61, 0x64, 0x5f, 0x6c, 0x69, 0x6e, 0x65,
    0x73, 0x00, 0x6f, 0x70, 0x65, 0x6e, 0x5f, 0x6f, 0x72, 0x5f, 0x73, 0x74,
    0x64, 0x69, 0x6e, 0x00, 0x63, 0x6d, 0x64, 0x5f, 0x68, 0x65, 0x61, 0x64,
    0x00, 0x6c, 0x69, 0x6e, 0x65, 0x73, 0x2e, 0x33, 0x00, 0x63, 0x6d, 0x64,
    0x5f, 0x74, 0x61, 0x69, 0x6c, 0x00, 0x6c, 0x69, 0x6e, 0x65, 0x73, 0x2e,
    0x32, 0x00, 0x63, 0x6f, 0x6e, 0x74, 0x61, 0x69, 0x6e, 0x73, 0x00, 0x63,
    0x6d, 0x64, 0x5f, 0x67, 0x72, 0x65, 0x70, 0x00, 0x6c, 0x69, 0x6e, 0x65,
    0x73, 0x2e, 0x31, 0x00, 0x63, 0x6d, 0x64, 0x5f, 0x73, 0x6f, 0x72, 0x74,
    0x00, 0x6c, 0x69, 0x6e, 0x65, 0x73, 0x2e, 0x30, 0x00, 0x63, 0x6f, 0x70,
    0x79, 0x5f, 0x66, 0x69, 0x6c, 0x65, 0x00, 0x63, 0x6d, 0x64, 0x5f, 0x63,
    0x70, 0x00, 0x63, 0x6d, 0x64, 0x5f, 0x6d, 0x76, 0x00, 0x63, 0x6d, 0x64,
    0x5f, 0x62, 0x61, 0x73, 0x65, 0x6e, 0x61, 0x6d, 0x65, 0x00, 0x63, 0x6d,
    0x64, 0x5f, 0x64, 0x69, 0x72, 0x6e, 0x61, 0x6d, 0x65, 0x00, 0x63, 0x6d,
    0x64, 0x5f, 0x73, 0x65, 0x71, 0x00, 0x74, 0x61, 0x62, 0x6c, 0x65, 0x00,
    0x75, 0x6e, 0x61, 0x6d, 0x65, 0x2e, 0x63, 0x00, 0x77, 0x72, 0x69, 0x74,
    0x65, 0x2e, 0x63, 0x00, 0x72, 0x65, 0x61, 0x64, 0x2e, 0x63, 0x00, 0x6f,
    0x70, 0x65, 0x6e, 0x2e, 0x63, 0x00, 0x63, 0x6c, 0x6f, 0x73, 0x65, 0x2e,
    0x63, 0x00, 0x65, 0x78, 0x69, 0x74, 0x2e, 0x63, 0x00, 0x67, 0x65, 0x74,
    0x63, 0x77, 0x64, 0x2e, 0x63, 0x00, 0x6d, 0x6b, 0x64, 0x69, 0x72, 0x2e,
    0x63, 0x00, 0x64, 0x69, 0x72, 0x65, 0x6e, 0x74, 0x2e, 0x63, 0x00, 0x73,
    0x74, 0x72, 0x6c, 0x65, 0x6e, 0x2e, 0x63, 0x00, 0x73, 0x74, 0x72, 0x63,
    0x70, 0x79, 0x2e, 0x63, 0x00, 0x73, 0x74, 0x72, 0x6e, 0x63, 0x70, 0x79,
    0x2e, 0x63, 0x00, 0x73, 0x74, 0x72, 0x63, 0x6d, 0x70, 0x2e, 0x63, 0x00,
    0x6d, 0x65, 0x6d, 0x73, 0x65, 0x74, 0x2e, 0x63, 0x00, 0x6d, 0x61, 0x6c,
    0x6c, 0x6f, 0x63, 0x2e, 0x63, 0x00, 0x68, 0x65, 0x61, 0x70, 0x5f, 0x73,
    0x74, 0x61, 0x72, 0x74, 0x00, 0x61, 0x74, 0x6f, 0x69, 0x2e, 0x63, 0x00,
    0x61, 0x74, 0x6f, 0x6c, 0x2e, 0x63, 0x00, 0x73, 0x79, 0x73, 0x63, 0x61,
    0x6c, 0x6c, 0x2e, 0x63, 0x00, 0x73, 0x74, 0x72, 0x63, 0x70, 0x79, 0x00,
    0x73, 0x79, 0x73, 0x63, 0x61, 0x6c, 0x6c, 0x00, 0x61, 0x74, 0x6f, 0x6c,
    0x00, 0x6d, 0x61, 0x6c, 0x6c, 0x6f, 0x63, 0x00, 0x72, 0x6d, 0x64, 0x69,
    0x72, 0x00, 0x72, 0x65, 0x61, 0x64, 0x64, 0x69, 0x72, 0x00, 0x77, 0x72,
    0x69, 0x74, 0x65, 0x00, 0x5f, 0x73, 0x74, 0x61, 0x72, 0x74, 0x5f, 0x63,
    0x00, 0x72, 0x65, 0x61, 0x64, 0x00, 0x73, 0x74, 0x72, 0x6e, 0x63, 0x70,
    0x79, 0x00, 0x75, 0x6e, 0x6c, 0x69, 0x6e, 0x6b, 0x00, 0x6d, 0x65, 0x6d,
    0x73, 0x65, 0x74, 0x00, 0x6d, 0x61, 0x69, 0x6e, 0x00, 0x6f, 0x70, 0x65,
    0x6e, 0x64, 0x69, 0x72, 0x00, 0x73, 0x74, 0x72, 0x63, 0x6d, 0x70, 0x00,
    0x67, 0x65, 0x74, 0x63, 0x77, 0x64, 0x00, 0x65, 0x78, 0x69, 0x74, 0x00,
    0x61, 0x74, 0x6f, 0x69, 0x00, 0x73, 0x74, 0x72, 0x6c, 0x65, 0x6e, 0x00,
    0x6f, 0x70, 0x65, 0x6e, 0x00, 0x63, 0x6c, 0x6f, 0x73, 0x65, 0x64, 0x69,
    0x72, 0x00, 0x63, 0x6c, 0x6f, 0x73, 0x65, 0x00, 0x66, 0x72, 0x65, 0x65,
    0x00, 0x00, 0x2e, 0x73, 0x79, 0x6d, 0x74, 0x61, 0x62, 0x00, 0x2e, 0x73,
    0x74, 0x72, 0x74, 0x61, 0x62, 0x00, 0x2e, 0x73, 0x68, 0x73, 0x74, 0x72,
    0x74, 0x61, 0x62, 0x00, 0x2e, 0x74, 0x65, 0x78, 0x74, 0x00, 0x2e, 0x72,
    0x6f, 0x64, 0x61, 0x74, 0x61, 0x00, 0x2e, 0x64, 0x61, 0x74, 0x61, 0x00,
    0x2e, 0x62, 0x73, 0x73, 0x00, 0x00, 0x00, 0x00, 0x00, 0x00, 0x00, 0x00,
    0x00, 0x00, 0x00, 0x00, 0x00, 0x00, 0x00, 0x00, 0x00, 0x00, 0x00, 0x00,
    0x00, 0x00, 0x00, 0x00, 0x00, 0x00, 0x00, 0x00, 0x00, 0x00, 0x00, 0x00,
    0x00, 0x00, 0x00, 0x00, 0x00, 0x00, 0x00, 0x00, 0x00, 0x00, 0x00, 0x00,
    0x1b, 0x00, 0x00, 0x00, 0x01, 0x00, 0x00, 0x00, 0x06, 0x00, 0x00, 0x00,
    0x00, 0x00, 0x40, 0x00, 0x00, 0x10, 0x00, 0x00, 0xde, 0x22, 0x00, 0x00,
    0x00, 0x00, 0x00, 0x00, 0x00, 0x00, 0x00, 0x00, 0x01, 0x00, 0x00, 0x00,
    0x00, 0x00, 0x00, 0x00, 0x21, 0x00, 0x00, 0x00, 0x01, 0x00, 0x00, 0x00,
    0x02, 0x00, 0x00, 0x00, 0xe0, 0x22, 0x40, 0x00, 0xe0, 0x32, 0x00, 0x00,
    0x92, 0x05, 0x00, 0x00, 0x00, 0x00, 0x00, 0x00, 0x00, 0x00, 0x00, 0x00,
    0x04, 0x00, 0x00, 0x00, 0x00, 0x00, 0x00, 0x00, 0x29, 0x00, 0x00, 0x00,
    0x01, 0x00, 0x00, 0x00, 0x03, 0x00, 0x00, 0x00, 0x80, 0x28, 0x40, 0x00,
    0x80, 0x38, 0x00, 0x00, 0xb0, 0x00, 0x00, 0x00, 0x00, 0x00, 0x00, 0x00,
    0x00, 0x00, 0x00, 0x00, 0x20, 0x00, 0x00, 0x00, 0x00, 0x00, 0x00, 0x00,
    0x2f, 0x00, 0x00, 0x00, 0x08, 0x00, 0x00, 0x00, 0x03, 0x00, 0x00, 0x00,
    0x30, 0x29, 0x40, 0x00, 0x30, 0x39, 0x00, 0x00, 0x14, 0xc8, 0x00, 0x00,
    0x00, 0x00, 0x00, 0x00, 0x00, 0x00, 0x00, 0x00, 0x10, 0x00, 0x00, 0x00,
    0x00, 0x00, 0x00, 0x00, 0x01, 0x00, 0x00, 0x00, 0x02, 0x00, 0x00, 0x00,
    0x00, 0x00, 0x00, 0x00, 0x00, 0x00, 0x00, 0x00, 0x30, 0x39, 0x00, 0x00,
    0x40, 0x05, 0x00, 0x00, 0x06, 0x00, 0x00, 0x00, 0x3a, 0x00, 0x00, 0x00,
    0x04, 0x00, 0x00, 0x00, 0x10, 0x00, 0x00, 0x00, 0x09, 0x00, 0x00, 0x00,
    0x03, 0x00, 0x00, 0x00, 0x00, 0x00, 0x00, 0x00, 0x00, 0x00, 0x00, 0x00,
    0x70, 0x3e, 0x00, 0x00, 0x89, 0x02, 0x00, 0x00, 0x00, 0x00, 0x00, 0x00,
    0x00, 0x00, 0x00, 0x00, 0x01, 0x00, 0x00, 0x00, 0x00, 0x00, 0x00, 0x00,
    0x11, 0x00, 0x00, 0x00, 0x03, 0x00, 0x00, 0x00, 0x00, 0x00, 0x00, 0x00,
    0x00, 0x00, 0x00, 0x00, 0xf9, 0x40, 0x00, 0x00, 0x34, 0x00, 0x00, 0x00,
    0x00, 0x00, 0x00, 0x00, 0x00, 0x00, 0x00, 0x00, 0x01, 0x00, 0x00, 0x00,
    0x00, 0x00, 0x00, 0x00,
};
static const uint32_t embedded_coreutils_elf_size = 17008;
