#pragma once
#include <stdint.h>
static const uint8_t embedded_vash_elf[] = {
    0x7f, 0x45, 0x4c, 0x46, 0x01, 0x01, 0x01, 0x00, 0x00, 0x00, 0x00, 0x00,
    0x00, 0x00, 0x00, 0x00, 0x02, 0x00, 0x03, 0x00, 0x01, 0x00, 0x00, 0x00,
    0x00, 0x00, 0x40, 0x00, 0x34, 0x00, 0x00, 0x00, 0xc4, 0x56, 0x00, 0x00,
    0x00, 0x00, 0x00, 0x00, 0x34, 0x00, 0x20, 0x00, 0x02, 0x00, 0x28, 0x00,
    0x08, 0x00, 0x07, 0x00, 0x01, 0x00, 0x00, 0x00, 0x00, 0x10, 0x00, 0x00,
    0x00, 0x00, 0x40, 0x00, 0x00, 0x00, 0x40, 0x00, 0x60, 0x3d, 0x00, 0x00,
    0xa0, 0x45, 0x00, 0x00, 0x07, 0x00, 0x00, 0x00, 0x00, 0x10, 0x00, 0x00,
    0x51, 0xe5, 0x74, 0x64, 0x00, 0x00, 0x00, 0x00, 0x00, 0x00, 0x00, 0x00,
    0x00, 0x00, 0x00, 0x00, 0x00, 0x00, 0x00, 0x00, 0x00, 0x00, 0x00, 0x00,
    0x06, 0x00, 0x00, 0x00, 0x10, 0x00, 0x00, 0x00, 0x00, 0x00, 0x00, 0x00,
    0x00, 0x00, 0x00, 0x00, 0x00, 0x00, 0x00, 0x00, 0x00, 0x00, 0x00, 0x00,
    0x00, 0x00, 0x00, 0x00, 0x00, 0x00, 0x00, 0x00, 0x00, 0x00, 0x00, 0x00,
    0x00, 0x00, 0x00, 0x00, 0x00, 0x00, 0x00, 0x00, 0x00, 0x00, 0x00, 0x00,
    0x00, 0x00, 0x00, 0x00, 0x00, 0x00, 0x00, 0x00, 0x00, 0x00, 0x00, 0x00,
    0x00, 0x00, 0x00, 0x00, 0x00, 0x00, 0x00, 0x00, 0x00, 0x00, 0x00, 0x00,
    0x00, 0x00, 0x00, 0x00, 0x00, 0x00, 0x00, 0x00, 0x00, 0x00, 0x00, 0x00,
    0x00, 0x00, 0x00, 0x00, 0x00, 0x00, 0x00, 0x00, 0x00, 0x00, 0x00, 0x00,
    0x00, 0x00, 0x00, 0x00, 0x00, 0x00, 0x00, 0x00, 0x00, 0x00, 0x00, 0x00,
    0x00, 0x00, 0x00, 0x00, 0x00, 0x00, 0x00, 0x00, 0x00, 0x00, 0x00, 0x00,
    0x00, 0x00, 0x00, 0x00, 0x00, 0x00, 0x00, 0x00, 0x00, 0x00, 0x00, 0x00,
    0x00, 0x00, 0x00, 0x00, 0x00, 0x00, 0x00, 0x00, 0x00, 0x00, 0x00, 0x00,
    0x00, 0x00, 0x00, 0x00, 0x00, 0x00, 0x00, 0x00, 0x00, 0x00, 0x00, 0x00,
    0x00, 0x00, 0x00, 0x00, 0x00, 0x00, 0x00, 0x00, 0x00, 0x00, 0x00, 0x00,
    0x00, 0x00, 0x00, 0x00, 0x00, 0x00, 0x00, 0x00, 0x00, 0x00, 0x00, 0x00,
    0x00, 0x00, 0x00, 0x00, 0x00, 0x00, 0x00, 0x00, 0x00, 0x00, 0x00, 0x00,
    0x00, 0x00, 0x00, 0x00, 0x00, 0x00, 0x00, 0x00, 0x00, 0x00, 0x00, 0x00,
    0x00, 0x00, 0x00, 0x00, 0x00, 0x00, 0x00, 0x00, 0x00, 0x00, 0x00, 0x00,
    0x00, 0x00, 0x00, 0x00, 0x00, 0x00, 0x00, 0x00, 0x00, 0x00, 0x00, 0x00,
    0x00, 0x00, 0x00, 0x00, 0x00, 0x00, 0x00, 0x00, 0x00, 0x00, 0x00, 0x00,
    0x00, 0x00, 0x00, 0x00, 0x00, 0x00, 0x00, 0x00, 0x00, 0x00, 0x00, 0x00,
    0x00, 0x00, 0x00, 0x00, 0x00, 0x00, 0x00, 0x00, 0x00, 0x00, 0x00, 0x00,
    0x00, 0x00, 0x00, 0x00, 0x00, 0x00, 0x00, 0x00, 0x00, 0x00, 0x00, 0x00,
    0x00, 0x00, 0x00, 0x00, 0x00, 0x00, 0x00, 0x00, 0x00, 0x00, 0x00, 0x00,
    0x00, 0x00, 0x00, 0x00, 0x00, 0x00, 0x00, 0x00, 0x00, 0x00, 0x00, 0x00,
    0x00, 0x00, 0x00, 0x00, 0x00, 0x00, 0x00, 0x00, 0x00, 0x00, 0x00, 0x00,
    0x00, 0x00, 0x00, 0x00, 0x00, 0x00, 0x00, 0x00, 0x00, 0x00, 0x00, 0x00,
    0x00, 0x00, 0x00, 0x00, 0x00, 0x00, 0x00, 0x00, 0x00, 0x00, 0x00, 0x00,
    0x00, 0x00, 0x00, 0x00, 0x00, 0x00, 0x00, 0x00, 0x00, 0x00, 0x00, 0x00,
    0x00, 0x00, 0x00, 0x00, 0x00, 0x00, 0x00, 0x00, 0x00, 0x00, 0x00, 0x00,
    0x00, 0x00, 0x00, 0x00, 0x00, 0x00, 0x00, 0x00, 0x00, 0x00, 0x00, 0x00,
    0x00, 0x00, 0x00, 0x00, 0x00, 0x00, 0x00, 0x00, 0x00, 0x00, 0x00, 0x00,
    0x00, 0x00, 0x00, 0x00, 0x00, 0x00, 0x00, 0x00, 0x00, 0x00, 0x00, 0x00,
    0x00, 0x00, 0x00, 0x00, 0x00, 0x00, 0x00, 0x00, 0x00, 0x00, 0x00, 0x00,
    0x00, 0x00, 0x00, 0x00, 0x00, 0x00, 0x00, 0x00, 0x00, 0x00, 0x00, 0x00,
    0x00, 0x00, 0x00, 0x00, 0x00, 0x00, 0x00, 0x00, 0x00, 0x00, 0x00, 0x00,
    0x00, 0x00, 0x00, 0x00, 0x00, 0x00, 0x00, 0x00, 0x00, 0x00, 0x00, 0x00,
    0x00, 0x00, 0x00, 0x00, 0x00, 0x00, 0x00, 0x00, 0x00, 0x00, 0x00, 0x00,
    0x00, 0x00, 0x00, 0x00, 0x00, 0x00, 0x00, 0x00, 0x00, 0x00, 0x00, 0x00,
    0x00, 0x00, 0x00, 0x00, 0x00, 0x00, 0x00, 0x00, 0x00, 0x00, 0x00, 0x00,
    0x00, 0x00, 0x00, 0x00, 0x00, 0x00, 0x00, 0x00, 0x00, 0x00, 0x00, 0x00,
    0x00, 0x00, 0x00, 0x00, 0x00, 0x00, 0x00, 0x00, 0x00, 0x00, 0x00, 0x00,
    0x00, 0x00, 0x00, 0x00, 0x00, 0x00, 0x00, 0x00, 0x00, 0x00, 0x00, 0x00,
    0x00, 0x00, 0x00, 0x00, 0x00, 0x00, 0x00, 0x00, 0x00, 0x00, 0x00, 0x00,
    0x00, 0x00, 0x00, 0x00, 0x00, 0x00, 0x00, 0x00, 0x00, 0x00, 0x00, 0x00,
    0x00, 0x00, 0x00, 0x00, 0x00, 0x00, 0x00, 0x00, 0x00, 0x00, 0x00, 0x00,
    0x00, 0x00, 0x00, 0x00, 0x00, 0x00, 0x00, 0x00, 0x00, 0x00, 0x00, 0x00,
    0x00, 0x00, 0x00, 0x00, 0x00, 0x00, 0x00, 0x00, 0x00, 0x00, 0x00, 0x00,
    0x00, 0x00, 0x00, 0x00, 0x00, 0x00, 0x00, 0x00, 0x00, 0x00, 0x00, 0x00,
    0x00, 0x00, 0x00, 0x00, 0x00, 0x00, 0x00, 0x00, 0x00, 0x00, 0x00, 0x00,
    0x00, 0x00, 0x00, 0x00, 0x00, 0x00, 0x00, 0x00, 0x00, 0x00, 0x00, 0x00,
    0x00, 0x00, 0x00, 0x00, 0x00, 0x00, 0x00, 0x00, 0x00, 0x00, 0x00, 0x00,
    0x00, 0x00, 0x00, 0x00, 0x00, 0x00, 0x00, 0x00, 0x00, 0x00, 0x00, 0x00,
    0x00, 0x00, 0x00, 0x00, 0x00, 0x00, 0x00, 0x00, 0x00, 0x00, 0x00, 0x00,
    0x00, 0x00, 0x00, 0x00, 0x00, 0x00, 0x00, 0x00, 0x00, 0x00, 0x00, 0x00,
    0x00, 0x00, 0x00, 0x00, 0x00, 0x00, 0x00, 0x00, 0x00, 0x00, 0x00, 0x00,
    0x00, 0x00, 0x00, 0x00, 0x00, 0x00, 0x00, 0x00, 0x00, 0x00, 0x00, 0x00,
    0x00, 0x00, 0x00, 0x00, 0x00, 0x00, 0x00, 0x00, 0x00, 0x00, 0x00, 0x00,
    0x00, 0x00, 0x00, 0x00, 0x00, 0x00, 0x00, 0x00, 0x00, 0x00, 0x00, 0x00,
    0x00, 0x00, 0x00, 0x00, 0x00, 0x00, 0x00, 0x00, 0x00, 0x00, 0x00, 0x00,
    0x00, 0x00, 0x00, 0x00, 0x00, 0x00, 0x00, 0x00, 0x00, 0x00, 0x00, 0x00,
    0x00, 0x00, 0x00, 0x00, 0x00, 0x00, 0x00, 0x00, 0x00, 0x00, 0x00, 0x00,
    0x00, 0x00, 0x00, 0x00, 0x00, 0x00, 0x00, 0x00, 0x00, 0x00, 0x00, 0x00,
    0x00, 0x00, 0x00, 0x00, 0x00, 0x00, 0x00, 0x00, 0x00, 0x00, 0x00, 0x00,
    0x00, 0x00, 0x00, 0x00, 0x00, 0x00, 0x00, 0x00, 0x00, 0x00, 0x00, 0x00,
    0x00, 0x00, 0x00, 0x00, 0x00, 0x00, 0x00, 0x00, 0x00, 0x00, 0x00, 0x00,
    0x00, 0x00, 0x00, 0x00, 0x00, 0x00, 0x00, 0x00, 0x00, 0x00, 0x00, 0x00,
    0x00, 0x00, 0x00, 0x00, 0x00, 0x00, 0x00, 0x00, 0x00, 0x00, 0x00, 0x00,
    0x00, 0x00, 0x00, 0x00, 0x00, 0x00, 0x00, 0x00, 0x00, 0x00, 0x00, 0x00,
    0x00, 0x00, 0x00, 0x00, 0x00, 0x00, 0x00, 0x00, 0x00, 0x00, 0x00, 0x00,
    0x00, 0x00, 0x00, 0x00, 0x00, 0x00, 0x00, 0x00, 0x00, 0x00, 0x00, 0x00,
    0x00, 0x00, 0x00, 0x00, 0x00, 0x00, 0x00, 0x00, 0x00, 0x00, 0x00, 0x00,
    0x00, 0x00, 0x00, 0x00, 0x00, 0x00, 0x00, 0x00, 0x00, 0x00, 0x00, 0x00,
    0x00, 0x00, 0x00, 0x00, 0x00, 0x00, 0x00, 0x00, 0x00, 0x00, 0x00, 0x00,
    0x00, 0x00, 0x00, 0x00, 0x00, 0x00, 0x00, 0x00, 0x00, 0x00, 0x00, 0x00,
    0x00, 0x00, 0x00, 0x00, 0x00, 0x00, 0x00, 0x00, 0x00, 0x00, 0x00, 0x00,
    0x00, 0x00, 0x00, 0x00, 0x00, 0x00, 0x00, 0x00, 0x00, 0x00, 0x00, 0x00,
    0x00, 0x00, 0x00, 0x00, 0x00, 0x00, 0x00, 0x00, 0x00, 0x00, 0x00, 0x00,
    0x00, 0x00, 0x00, 0x00, 0x00, 0x00, 0x00, 0x00, 0x00, 0x00, 0x00, 0x00,
    0x00, 0x00, 0x00, 0x00, 0x00, 0x00, 0x00, 0x00, 0x00, 0x00, 0x00, 0x00,
    0x00, 0x00, 0x00, 0x00, 0x00, 0x00, 0x00, 0x00, 0x00, 0x00, 0x00, 0x00,
    0x00, 0x00, 0x00, 0x00, 0x00, 0x00, 0x00, 0x00, 0x00, 0x00, 0x00, 0x00,
    0x00, 0x00, 0x00, 0x00, 0x00, 0x00, 0x00, 0x00, 0x00, 0x00, 0x00, 0x00,
    0x00, 0x00, 0x00, 0x00, 0x00, 0x00, 0x00, 0x00, 0x00, 0x00, 0x00, 0x00,
    0x00, 0x00, 0x00, 0x00, 0x00, 0x00, 0x00, 0x00, 0x00, 0x00, 0x00, 0x00,
    0x00, 0x00, 0x00, 0x00, 0x00, 0x00, 0x00, 0x00, 0x00, 0x00, 0x00, 0x00,
    0x00, 0x00, 0x00, 0x00, 0x00, 0x00, 0x00, 0x00, 0x00, 0x00, 0x00, 0x00,
    0x00, 0x00, 0x00, 0x00, 0x00, 0x00, 0x00, 0x00, 0x00, 0x00, 0x00, 0x00,
    0x00, 0x00, 0x00, 0x00, 0x00, 0x00, 0x00, 0x00, 0x00, 0x00, 0x00, 0x00,
    0x00, 0x00, 0x00, 0x00, 0x00, 0x00, 0x00, 0x00, 0x00, 0x00, 0x00, 0x00,
    0x00, 0x00, 0x00, 0x00, 0x00, 0x00, 0x00, 0x00, 0x00, 0x00, 0x00, 0x00,
    0x00, 0x00, 0x00, 0x00, 0x00, 0x00, 0x00, 0x00, 0x00, 0x00, 0x00, 0x00,
    0x00, 0x00, 0x00, 0x00, 0x00, 0x00, 0x00, 0x00, 0x00, 0x00, 0x00, 0x00,
    0x00, 0x00, 0x00, 0x00, 0x00, 0x00, 0x00, 0x00, 0x00, 0x00, 0x00, 0x00,
    0x00, 0x00, 0x00, 0x00, 0x00, 0x00, 0x00, 0x00, 0x00, 0x00, 0x00, 0x00,
    0x00, 0x00, 0x00, 0x00, 0x00, 0x00, 0x00, 0x00, 0x00, 0x00, 0x00, 0x00,
    0x00, 0x00, 0x00, 0x00, 0x00, 0x00, 0x00, 0x00, 0x00, 0x00, 0x00, 0x00,
    0x00, 0x00, 0x00, 0x00, 0x00, 0x00, 0x00, 0x00, 0x00, 0x00, 0x00, 0x00,
    0x00, 0x00, 0x00, 0x00, 0x00, 0x00, 0x00, 0x00, 0x00, 0x00, 0x00, 0x00,
    0x00, 0x00, 0x00, 0x00, 0x00, 0x00, 0x00, 0x00, 0x00, 0x00, 0x00, 0x00,
    0x00, 0x00, 0x00, 0x00, 0x00, 0x00, 0x00, 0x00, 0x00, 0x00, 0x00, 0x00,
    0x00, 0x00, 0x00, 0x00, 0x00, 0x00, 0x00, 0x00, 0x00, 0x00, 0x00, 0x00,
    0x00, 0x00, 0x00, 0x00, 0x00, 0x00, 0x00, 0x00, 0x00, 0x00, 0x00, 0x00,
    0x00, 0x00, 0x00, 0x00, 0x00, 0x00, 0x00, 0x00, 0x00, 0x00, 0x00, 0x00,
    0x00, 0x00, 0x00, 0x00, 0x00, 0x00, 0x00, 0x00, 0x00, 0x00, 0x00, 0x00,
    0x00, 0x00, 0x00, 0x00, 0x00, 0x00, 0x00, 0x00, 0x00, 0x00, 0x00, 0x00,
    0x00, 0x00, 0x00, 0x00, 0x00, 0x00, 0x00, 0x00, 0x00, 0x00, 0x00, 0x00,
    0x00, 0x00, 0x00, 0x00, 0x00, 0x00, 0x00, 0x00, 0x00, 0x00, 0x00, 0x00,
    0x00, 0x00, 0x00, 0x00, 0x00, 0x00, 0x00, 0x00, 0x00, 0x00, 0x00, 0x00,
    0x00, 0x00, 0x00, 0x00, 0x00, 0x00, 0x00, 0x00, 0x00, 0x00, 0x00, 0x00,
    0x00, 0x00, 0x00, 0x00, 0x00, 0x00, 0x00, 0x00, 0x00, 0x00, 0x00, 0x00,
    0x00, 0x00, 0x00, 0x00, 0x00, 0x00, 0x00, 0x00, 0x00, 0x00, 0x00, 0x00,
    0x00, 0x00, 0x00, 0x00, 0x00, 0x00, 0x00, 0x00, 0x00, 0x00, 0x00, 0x00,
    0x00, 0x00, 0x00, 0x00, 0x00, 0x00, 0x00, 0x00, 0x00, 0x00, 0x00, 0x00,
    0x00, 0x00, 0x00, 0x00, 0x00, 0x00, 0x00, 0x00, 0x00, 0x00, 0x00, 0x00,
    0x00, 0x00, 0x00, 0x00, 0x00, 0x00, 0x00, 0x00, 0x00, 0x00, 0x00, 0x00,
    0x00, 0x00, 0x00, 0x00, 0x00, 0x00, 0x00, 0x00, 0x00, 0x00, 0x00, 0x00,
    0x00, 0x00, 0x00, 0x00, 0x00, 0x00, 0x00, 0x00, 0x00, 0x00, 0x00, 0x00,
    0x00, 0x00, 0x00, 0x00, 0x00, 0x00, 0x00, 0x00, 0x00, 0x00, 0x00, 0x00,
    0x00, 0x00, 0x00, 0x00, 0x00, 0x00, 0x00, 0x00, 0x00, 0x00, 0x00, 0x00,
    0x00, 0x00, 0x00, 0x00, 0x00, 0x00, 0x00, 0x00, 0x00, 0x00, 0x00, 0x00,
    0x00, 0x00, 0x00, 0x00, 0x00, 0x00, 0x00, 0x00, 0x00, 0x00, 0x00, 0x00,
    0x00, 0x00, 0x00, 0x00, 0x00, 0x00, 0x00, 0x00, 0x00, 0x00, 0x00, 0x00,
    0x00, 0x00, 0x00, 0x00, 0x00, 0x00, 0x00, 0x00, 0x00, 0x00, 0x00, 0x00,
    0x00, 0x00, 0x00, 0x00, 0x00, 0x00, 0x00, 0x00, 0x00, 0x00, 0x00, 0x00,
    0x00, 0x00, 0x00, 0x00, 0x00, 0x00, 0x00, 0x00, 0x00, 0x00, 0x00, 0x00,
    0x00, 0x00, 0x00, 0x00, 0x00, 0x00, 0x00, 0x00, 0x00, 0x00, 0x00, 0x00,
    0x00, 0x00, 0x00, 0x00, 0x00, 0x00, 0x00, 0x00, 0x00, 0x00, 0x00, 0x00,
    0x00, 0x00, 0x00, 0x00, 0x00, 0x00, 0x00, 0x00, 0x00, 0x00, 0x00, 0x00,
    0x00, 0x00, 0x00, 0x00, 0x00, 0x00, 0x00, 0x00, 0x00, 0x00, 0x00, 0x00,
    0x00, 0x00, 0x00, 0x00, 0x00, 0x00, 0x00, 0x00, 0x00, 0x00, 0x00, 0x00,
    0x00, 0x00, 0x00, 0x00, 0x00, 0x00, 0x00, 0x00, 0x00, 0x00, 0x00, 0x00,
    0x00, 0x00, 0x00, 0x00, 0x00, 0x00, 0x00, 0x00, 0x00, 0x00, 0x00, 0x00,
    0x00, 0x00, 0x00, 0x00, 0x00, 0x00, 0x00, 0x00, 0x00, 0x00, 0x00, 0x00,
    0x00, 0x00, 0x00, 0x00, 0x00, 0x00, 0x00, 0x00, 0x00, 0x00, 0x00, 0x00,
    0x00, 0x00, 0x00, 0x00, 0x00, 0x00, 0x00, 0x00, 0x00, 0x00, 0x00, 0x00,
    0x00, 0x00, 0x00, 0x00, 0x00, 0x00, 0x00, 0x00, 0x00, 0x00, 0x00, 0x00,
    0x00, 0x00, 0x00, 0x00, 0x00, 0x00, 0x00, 0x00, 0x00, 0x00, 0x00, 0x00,
    0x00, 0x00, 0x00, 0x00, 0x00, 0x00, 0x00, 0x00, 0x00, 0x00, 0x00, 0x00,
    0x00, 0x00, 0x00, 0x00, 0x00, 0x00, 0x00, 0x00, 0x00, 0x00, 0x00, 0x00,
    0x00, 0x00, 0x00, 0x00, 0x00, 0x00, 0x00, 0x00, 0x00, 0x00, 0x00, 0x00,
    0x00, 0x00, 0x00, 0x00, 0x00, 0x00, 0x00, 0x00, 0x00, 0x00, 0x00, 0x00,
    0x00, 0x00, 0x00, 0x00, 0x00, 0x00, 0x00, 0x00, 0x00, 0x00, 0x00, 0x00,
    0x00, 0x00, 0x00, 0x00, 0x00, 0x00, 0x00, 0x00, 0x00, 0x00, 0x00, 0x00,
    0x00, 0x00, 0x00, 0x00, 0x00, 0x00, 0x00, 0x00, 0x00, 0x00, 0x00, 0x00,
    0x00, 0x00, 0x00, 0x00, 0x00, 0x00, 0x00, 0x00, 0x00, 0x00, 0x00, 0x00,
    0x00, 0x00, 0x00, 0x00, 0x00, 0x00, 0x00, 0x00, 0x00, 0x00, 0x00, 0x00,
    0x00, 0x00, 0x00, 0x00, 0x00, 0x00, 0x00, 0x00, 0x00, 0x00, 0x00, 0x00,
    0x00, 0x00, 0x00, 0x00, 0x00, 0x00, 0x00, 0x00, 0x00, 0x00, 0x00, 0x00,
    0x00, 0x00, 0x00, 0x00, 0x00, 0x00, 0x00, 0x00, 0x00, 0x00, 0x00, 0x00,
    0x00, 0x00, 0x00, 0x00, 0x00, 0x00, 0x00, 0x00, 0x00, 0x00, 0x00, 0x00,
    0x00, 0x00, 0x00, 0x00, 0x00, 0x00, 0x00, 0x00, 0x00, 0x00, 0x00, 0x00,
    0x00, 0x00, 0x00, 0x00, 0x00, 0x00, 0x00, 0x00, 0x00, 0x00, 0x00, 0x00,
    0x00, 0x00, 0x00, 0x00, 0x00, 0x00, 0x00, 0x00, 0x00, 0x00, 0x00, 0x00,
    0x00, 0x00, 0x00, 0x00, 0x00, 0x00, 0x00, 0x00, 0x00, 0x00, 0x00, 0x00,
    0x00, 0x00, 0x00, 0x00, 0x00, 0x00, 0x00, 0x00, 0x00, 0x00, 0x00, 0x00,
    0x00, 0x00, 0x00, 0x00, 0x00, 0x00, 0x00, 0x00, 0x00, 0x00, 0x00, 0x00,
    0x00, 0x00, 0x00, 0x00, 0x00, 0x00, 0x00, 0x00, 0x00, 0x00, 0x00, 0x00,
    0x00, 0x00, 0x00, 0x00, 0x00, 0x00, 0x00, 0x00, 0x00, 0x00, 0x00, 0x00,
    0x00, 0x00, 0x00, 0x00, 0x00, 0x00, 0x00, 0x00, 0x00, 0x00, 0x00, 0x00,
    0x00, 0x00, 0x00, 0x00, 0x00, 0x00, 0x00, 0x00, 0x00, 0x00, 0x00, 0x00,
    0x00, 0x00, 0x00, 0x00, 0x00, 0x00, 0x00, 0x00, 0x00, 0x00, 0x00, 0x00,
    0x00, 0x00, 0x00, 0x00, 0x00, 0x00, 0x00, 0x00, 0x00, 0x00, 0x00, 0x00,
    0x00, 0x00, 0x00, 0x00, 0x00, 0x00, 0x00, 0x00, 0x00, 0x00, 0x00, 0x00,
    0x00, 0x00, 0x00, 0x00, 0x00, 0x00, 0x00, 0x00, 0x00, 0x00, 0x00, 0x00,
    0x00, 0x00, 0x00, 0x00, 0x00, 0x00, 0x00, 0x00, 0x00, 0x00, 0x00, 0x00,
    0x00, 0x00, 0x00, 0x00, 0x00, 0x00, 0x00, 0x00, 0x00, 0x00, 0x00, 0x00,
    0x00, 0x00, 0x00, 0x00, 0x00, 0x00, 0x00, 0x00, 0x00, 0x00, 0x00, 0x00,
    0x00, 0x00, 0x00, 0x00, 0x00, 0x00, 0x00, 0x00, 0x00, 0x00, 0x00, 0x00,
    0x00, 0x00, 0x00, 0x00, 0x00, 0x00, 0x00, 0x00, 0x00, 0x00, 0x00, 0x00,
    0x00, 0x00, 0x00, 0x00, 0x00, 0x00, 0x00, 0x00, 0x00, 0x00, 0x00, 0x00,
    0x00, 0x00, 0x00, 0x00, 0x00, 0x00, 0x00, 0x00, 0x00, 0x00, 0x00, 0x00,
    0x00, 0x00, 0x00, 0x00, 0x00, 0x00, 0x00, 0x00, 0x00, 0x00, 0x00, 0x00,
    0x00, 0x00, 0x00, 0x00, 0x00, 0x00, 0x00, 0x00, 0x00, 0x00, 0x00, 0x00,
    0x00, 0x00, 0x00, 0x00, 0x00, 0x00, 0x00, 0x00, 0x00, 0x00, 0x00, 0x00,
    0x00, 0x00, 0x00, 0x00, 0x00, 0x00, 0x00, 0x00, 0x00, 0x00, 0x00, 0x00,
    0x00, 0x00, 0x00, 0x00, 0x00, 0x00, 0x00, 0x00, 0x00, 0x00, 0x00, 0x00,
    0x00, 0x00, 0x00, 0x00, 0x00, 0x00, 0x00, 0x00, 0x00, 0x00, 0x00, 0x00,
    0x00, 0x00, 0x00, 0x00, 0x00, 0x00, 0x00, 0x00, 0x00, 0x00, 0x00, 0x00,
    0x00, 0x00, 0x00, 0x00, 0x00, 0x00, 0x00, 0x00, 0x00, 0x00, 0x00, 0x00,
    0x00, 0x00, 0x00, 0x00, 0x00, 0x00, 0x00, 0x00, 0x00, 0x00, 0x00, 0x00,
    0x00, 0x00, 0x00, 0x00, 0x00, 0x00, 0x00, 0x00, 0x00, 0x00, 0x00, 0x00,
    0x00, 0x00, 0x00, 0x00, 0x00, 0x00, 0x00, 0x00, 0x00, 0x00, 0x00, 0x00,
    0x00, 0x00, 0x00, 0x00, 0x00, 0x00, 0x00, 0x00, 0x00, 0x00, 0x00, 0x00,
    0x00, 0x00, 0x00, 0x00, 0x00, 0x00, 0x00, 0x00, 0x00, 0x00, 0x00, 0x00,
    0x00, 0x00, 0x00, 0x00, 0x00, 0x00, 0x00, 0x00, 0x00, 0x00, 0x00, 0x00,
    0x00, 0x00, 0x00, 0x00, 0x00, 0x00, 0x00, 0x00, 0x00, 0x00, 0x00, 0x00,
    0x00, 0x00, 0x00, 0x00, 0x00, 0x00, 0x00, 0x00, 0x00, 0x00, 0x00, 0x00,
    0x00, 0x00, 0x00, 0x00, 0x00, 0x00, 0x00, 0x00, 0x00, 0x00, 0x00, 0x00,
    0x00, 0x00, 0x00, 0x00, 0x00, 0x00, 0x00, 0x00, 0x00, 0x00, 0x00, 0x00,
    0x00, 0x00, 0x00, 0x00, 0x00, 0x00, 0x00, 0x00, 0x00, 0x00, 0x00, 0x00,
    0x00, 0x00, 0x00, 0x00, 0x00, 0x00, 0x00, 0x00, 0x00, 0x00, 0x00, 0x00,
    0x00, 0x00, 0x00, 0x00, 0x00, 0x00, 0x00, 0x00, 0x00, 0x00, 0x00, 0x00,
    0x00, 0x00, 0x00, 0x00, 0x00, 0x00, 0x00, 0x00, 0x00, 0x00, 0x00, 0x00,
    0x00, 0x00, 0x00, 0x00, 0x00, 0x00, 0x00, 0x00, 0x00, 0x00, 0x00, 0x00,
    0x00, 0x00, 0x00, 0x00, 0x00, 0x00, 0x00, 0x00, 0x00, 0x00, 0x00, 0x00,
    0x00, 0x00, 0x00, 0x00, 0x00, 0x00, 0x00, 0x00, 0x00, 0x00, 0x00, 0x00,
    0x00, 0x00, 0x00, 0x00, 0x00, 0x00, 0x00, 0x00, 0x00, 0x00, 0x00, 0x00,
    0x00, 0x00, 0x00, 0x00, 0x00, 0x00, 0x00, 0x00, 0x00, 0x00, 0x00, 0x00,
    0x00, 0x00, 0x00, 0x00, 0x00, 0x00, 0x00, 0x00, 0x00, 0x00, 0x00, 0x00,
    0x00, 0x00, 0x00, 0x00, 0x00, 0x00, 0x00, 0x00, 0x00, 0x00, 0x00, 0x00,
    0x00, 0x00, 0x00, 0x00, 0x00, 0x00, 0x00, 0x00, 0x00, 0x00, 0x00, 0x00,
    0x00, 0x00, 0x00, 0x00, 0x00, 0x00, 0x00, 0x00, 0x00, 0x00, 0x00, 0x00,
    0x00, 0x00, 0x00, 0x00, 0x00, 0x00, 0x00, 0x00, 0x00, 0x00, 0x00, 0x00,
    0x00, 0x00, 0x00, 0x00, 0x00, 0x00, 0x00, 0x00, 0x00, 0x00, 0x00, 0x00,
    0x00, 0x00, 0x00, 0x00, 0x00, 0x00, 0x00, 0x00, 0x00, 0x00, 0x00, 0x00,
    0x00, 0x00, 0x00, 0x00, 0x00, 0x00, 0x00, 0x00, 0x00, 0x00, 0x00, 0x00,
    0x00, 0x00, 0x00, 0x00, 0x00, 0x00, 0x00, 0x00, 0x00, 0x00, 0x00, 0x00,
    0x00, 0x00, 0x00, 0x00, 0x00, 0x00, 0x00, 0x00, 0x00, 0x00, 0x00, 0x00,
    0x00, 0x00, 0x00, 0x00, 0x00, 0x00, 0x00, 0x00, 0x00, 0x00, 0x00, 0x00,
    0x00, 0x00, 0x00, 0x00, 0x00, 0x00, 0x00, 0x00, 0x00, 0x00, 0x00, 0x00,
    0x00, 0x00, 0x00, 0x00, 0x00, 0x00, 0x00, 0x00, 0x00, 0x00, 0x00, 0x00,
    0x00, 0x00, 0x00, 0x00, 0x00, 0x00, 0x00, 0x00, 0x00, 0x00, 0x00, 0x00,
    0x00, 0x00, 0x00, 0x00, 0x00, 0x00, 0x00, 0x00, 0x00, 0x00, 0x00, 0x00,
    0x00, 0x00, 0x00, 0x00, 0x00, 0x00, 0x00, 0x00, 0x00, 0x00, 0x00, 0x00,
    0x00, 0x00, 0x00, 0x00, 0x00, 0x00, 0x00, 0x00, 0x00, 0x00, 0x00, 0x00,
    0x00, 0x00, 0x00, 0x00, 0x00, 0x00, 0x00, 0x00, 0x00, 0x00, 0x00, 0x00,
    0x00, 0x00, 0x00, 0x00, 0x00, 0x00, 0x00, 0x00, 0x00, 0x00, 0x00, 0x00,
    0x00, 0x00, 0x00, 0x00, 0x00, 0x00, 0x00, 0x00, 0x00, 0x00, 0x00, 0x00,
    0x00, 0x00, 0x00, 0x00, 0x00, 0x00, 0x00, 0x00, 0x00, 0x00, 0x00, 0x00,
    0x00, 0x00, 0x00, 0x00, 0x00, 0x00, 0x00, 0x00, 0x00, 0x00, 0x00, 0x00,
    0x00, 0x00, 0x00, 0x00, 0x00, 0x00, 0x00, 0x00, 0x00, 0x00, 0x00, 0x00,
    0x00, 0x00, 0x00, 0x00, 0x00, 0x00, 0x00, 0x00, 0x00, 0x00, 0x00, 0x00,
    0x00, 0x00, 0x00, 0x00, 0x00, 0x00, 0x00, 0x00, 0x00, 0x00, 0x00, 0x00,
    0x00, 0x00, 0x00, 0x00, 0x00, 0x00, 0x00, 0x00, 0x00, 0x00, 0x00, 0x00,
    0x00, 0x00, 0x00, 0x00, 0x00, 0x00, 0x00, 0x00, 0x00, 0x00, 0x00, 0x00,
    0x00, 0x00, 0x00, 0x00, 0x00, 0x00, 0x00, 0x00, 0x00, 0x00, 0x00, 0x00,
    0x00, 0x00, 0x00, 0x00, 0x00, 0x00, 0x00, 0x00, 0x00, 0x00, 0x00, 0x00,
    0x00, 0x00, 0x00, 0x00, 0x00, 0x00, 0x00, 0x00, 0x00, 0x00, 0x00, 0x00,
    0x00, 0x00, 0x00, 0x00, 0x00, 0x00, 0x00, 0x00, 0x00, 0x00, 0x00, 0x00,
    0x00, 0x00, 0x00, 0x00, 0x00, 0x00, 0x00, 0x00, 0x00, 0x00, 0x00, 0x00,
    0x00, 0x00, 0x00, 0x00, 0x00, 0x00, 0x00, 0x00, 0x00, 0x00, 0x00, 0x00,
    0x00, 0x00, 0x00, 0x00, 0x00, 0x00, 0x00, 0x00, 0x00, 0x00, 0x00, 0x00,
    0x00, 0x00, 0x00, 0x00, 0x00, 0x00, 0x00, 0x00, 0x00, 0x00, 0x00, 0x00,
    0x00, 0x00, 0x00, 0x00, 0x00, 0x00, 0x00, 0x00, 0x00, 0x00, 0x00, 0x00,
    0x00, 0x00, 0x00, 0x00, 0x00, 0x00, 0x00, 0x00, 0x00, 0x00, 0x00, 0x00,
    0x00, 0x00, 0x00, 0x00, 0x00, 0x00, 0x00, 0x00, 0x00, 0x00, 0x00, 0x00,
    0x00, 0x00, 0x00, 0x00, 0x00, 0x00, 0x00, 0x00, 0x00, 0x00, 0x00, 0x00,
    0x00, 0x00, 0x00, 0x00, 0x00, 0x00, 0x00, 0x00, 0x00, 0x00, 0x00, 0x00,
    0x00, 0x00, 0x00, 0x00, 0x00, 0x00, 0x00, 0x00, 0x00, 0x00, 0x00, 0x00,
    0x00, 0x00, 0x00, 0x00, 0x00, 0x00, 0x00, 0x00, 0x00, 0x00, 0x00, 0x00,
    0x00, 0x00, 0x00, 0x00, 0x00, 0x00, 0x00, 0x00, 0x00, 0x00, 0x00, 0x00,
    0x00, 0x00, 0x00, 0x00, 0x00, 0x00, 0x00, 0x00, 0x00, 0x00, 0x00, 0x00,
    0x00, 0x00, 0x00, 0x00, 0x00, 0x00, 0x00, 0x00, 0x00, 0x00, 0x00, 0x00,
    0x00, 0x00, 0x00, 0x00, 0x00, 0x00, 0x00, 0x00, 0x00, 0x00, 0x00, 0x00,
    0x00, 0x00, 0x00, 0x00, 0x00, 0x00, 0x00, 0x00, 0x00, 0x00, 0x00, 0x00,
    0x00, 0x00, 0x00, 0x00, 0x00, 0x00, 0x00, 0x00, 0x00, 0x00, 0x00, 0x00,
    0x00, 0x00, 0x00, 0x00, 0x00, 0x00, 0x00, 0x00, 0x00, 0x00, 0x00, 0x00,
    0x00, 0x00, 0x00, 0x00, 0x00, 0x00, 0x00, 0x00, 0x00, 0x00, 0x00, 0x00,
    0x00, 0x00, 0x00, 0x00, 0x00, 0x00, 0x00, 0x00, 0x00, 0x00, 0x00, 0x00,
    0x00, 0x00, 0x00, 0x00, 0x00, 0x00, 0x00, 0x00, 0x00, 0x00, 0x00, 0x00,
    0x00, 0x00, 0x00, 0x00, 0x00, 0x00, 0x00, 0x00, 0x00, 0x00, 0x00, 0x00,
    0x00, 0x00, 0x00, 0x00, 0x00, 0x00, 0x00, 0x00, 0x00, 0x00, 0x00, 0x00,
    0x00, 0x00, 0x00, 0x00, 0x00, 0x00, 0x00, 0x00, 0x00, 0x00, 0x00, 0x00,
    0x00, 0x00, 0x00, 0x00, 0x00, 0x00, 0x00, 0x00, 0x00, 0x00, 0x00, 0x00,
    0x00, 0x00, 0x00, 0x00, 0x00, 0x00, 0x00, 0x00, 0x00, 0x00, 0x00, 0x00,
    0x00, 0x00, 0x00, 0x00, 0x00, 0x00, 0x00, 0x00, 0x00, 0x00, 0x00, 0x00,
    0x00, 0x00, 0x00, 0x00, 0x00, 0x00, 0x00, 0x00, 0x00, 0x00, 0x00, 0x00,
    0x00, 0x00, 0x00, 0x00, 0x00, 0x00, 0x00, 0x00, 0x00, 0x00, 0x00, 0x00,
    0x00, 0x00, 0x00, 0x00, 0x00, 0x00, 0x00, 0x00, 0x00, 0x00, 0x00, 0x00,
    0x00, 0x00, 0x00, 0x00, 0x00, 0x00, 0x00, 0x00, 0x00, 0x00, 0x00, 0x00,
    0x00, 0x00, 0x00, 0x00, 0x00, 0x00, 0x00, 0x00, 0x00, 0x00, 0x00, 0x00,
    0x00, 0x00, 0x00, 0x00, 0x00, 0x00, 0x00, 0x00, 0x00, 0x00, 0x00, 0x00,
    0x00, 0x00, 0x00, 0x00, 0x00, 0x00, 0x00, 0x00, 0x00, 0x00, 0x00, 0x00,
    0x00, 0x00, 0x00, 0x00, 0x00, 0x00, 0x00, 0x00, 0x00, 0x00, 0x00, 0x00,
    0x00, 0x00, 0x00, 0x00, 0x00, 0x00, 0x00, 0x00, 0x00, 0x00, 0x00, 0x00,
    0x00, 0x00, 0x00, 0x00, 0x00, 0x00, 0x00, 0x00, 0x00, 0x00, 0x00, 0x00,
    0x00, 0x00, 0x00, 0x00, 0x00, 0x00, 0x00, 0x00, 0x00, 0x00, 0x00, 0x00,
    0x00, 0x00, 0x00, 0x00, 0x00, 0x00, 0x00, 0x00, 0x00, 0x00, 0x00, 0x00,
    0x00, 0x00, 0x00, 0x00, 0x00, 0x00, 0x00, 0x00, 0x00, 0x00, 0x00, 0x00,
    0x00, 0x00, 0x00, 0x00, 0x00, 0x00, 0x00, 0x00, 0x00, 0x00, 0x00, 0x00,
    0x00, 0x00, 0x00, 0x00, 0x00, 0x00, 0x00, 0x00, 0x00, 0x00, 0x00, 0x00,
    0x00, 0x00, 0x00, 0x00, 0x00, 0x00, 0x00, 0x00, 0x00, 0x00, 0x00, 0x00,
    0x00, 0x00, 0x00, 0x00, 0x00, 0x00, 0x00, 0x00, 0x00, 0x00, 0x00, 0x00,
    0x00, 0x00, 0x00, 0x00, 0x00, 0x00, 0x00, 0x00, 0x00, 0x00, 0x00, 0x00,
    0x00, 0x00, 0x00, 0x00, 0x00, 0x00, 0x00, 0x00, 0x00, 0x00, 0x00, 0x00,
    0x00, 0x00, 0x00, 0x00, 0x00, 0x00, 0x00, 0x00, 0x00, 0x00, 0x00, 0x00,
    0x00, 0x00, 0x00, 0x00, 0x00, 0x00, 0x00, 0x00, 0x00, 0x00, 0x00, 0x00,
    0x00, 0x00, 0x00, 0x00, 0x00, 0x00, 0x00, 0x00, 0x00, 0x00, 0x00, 0x00,
    0x00, 0x00, 0x00, 0x00, 0x00, 0x00, 0x00, 0x00, 0x00, 0x00, 0x00, 0x00,
    0x00, 0x00, 0x00, 0x00, 0x00, 0x00, 0x00, 0x00, 0x00, 0x00, 0x00, 0x00,
    0x00, 0x00, 0x00, 0x00, 0x00, 0x00, 0x00, 0x00, 0x00, 0x00, 0x00, 0x00,
    0x00, 0x00, 0x00, 0x00, 0x00, 0x00, 0x00, 0x00, 0x00, 0x00, 0x00, 0x00,
    0x00, 0x00, 0x00, 0x00, 0x00, 0x00, 0x00, 0x00, 0x00, 0x00, 0x00, 0x00,
    0x00, 0x00, 0x00, 0x00, 0x00, 0x00, 0x00, 0x00, 0x00, 0x00, 0x00, 0x00,
    0x00, 0x00, 0x00, 0x00, 0x00, 0x00, 0x00, 0x00, 0x00, 0x00, 0x00, 0x00,
    0x00, 0x00, 0x00, 0x00, 0x00, 0x00, 0x00, 0x00, 0x00, 0x00, 0x00, 0x00,
    0x00, 0x00, 0x00, 0x00, 0x00, 0x00, 0x00, 0x00, 0x00, 0x00, 0x00, 0x00,
    0x00, 0x00, 0x00, 0x00, 0x00, 0x00, 0x00, 0x00, 0x00, 0x00, 0x00, 0x00,
    0x00, 0x00, 0x00, 0x00, 0x00, 0x00, 0x00, 0x00, 0x00, 0x00, 0x00, 0x00,
    0x00, 0x00, 0x00, 0x00, 0x00, 0x00, 0x00, 0x00, 0x00, 0x00, 0x00, 0x00,
    0x00, 0x00, 0x00, 0x00, 0x00, 0x00, 0x00, 0x00, 0x00, 0x00, 0x00, 0x00,
    0x00, 0x00, 0x00, 0x00, 0x00, 0x00, 0x00, 0x00, 0x00, 0x00, 0x00, 0x00,
    0x00, 0x00, 0x00, 0x00, 0x00, 0x00, 0x00, 0x00, 0x00, 0x00, 0x00, 0x00,
    0x00, 0x00, 0x00, 0x00, 0x00, 0x00, 0x00, 0x00, 0x00, 0x00, 0x00, 0x00,
    0x00, 0x00, 0x00, 0x00, 0x00, 0x00, 0x00, 0x00, 0x00, 0x00, 0x00, 0x00,
    0x00, 0x00, 0x00, 0x00, 0x00, 0x00, 0x00, 0x00, 0x00, 0x00, 0x00, 0x00,
    0x00, 0x00, 0x00, 0x00, 0x00, 0x00, 0x00, 0x00, 0x00, 0x00, 0x00, 0x00,
    0x00, 0x00, 0x00, 0x00, 0x00, 0x00, 0x00, 0x00, 0x00, 0x00, 0x00, 0x00,
    0x00, 0x00, 0x00, 0x00, 0x00, 0x00, 0x00, 0x00, 0x00, 0x00, 0x00, 0x00,
    0x00, 0x00, 0x00, 0x00, 0x00, 0x00, 0x00, 0x00, 0x00, 0x00, 0x00, 0x00,
    0x00, 0x00, 0x00, 0x00, 0x00, 0x00, 0x00, 0x00, 0x00, 0x00, 0x00, 0x00,
    0x00, 0x00, 0x00, 0x00, 0x00, 0x00, 0x00, 0x00, 0x00, 0x00, 0x00, 0x00,
    0x00, 0x00, 0x00, 0x00, 0x00, 0x00, 0x00, 0x00, 0x00, 0x00, 0x00, 0x00,
    0x00, 0x00, 0x00, 0x00, 0x00, 0x00, 0x00, 0x00, 0x00, 0x00, 0x00, 0x00,
    0x00, 0x00, 0x00, 0x00, 0x00, 0x00, 0x00, 0x00, 0x00, 0x00, 0x00, 0x00,
    0x00, 0x00, 0x00, 0x00, 0x00, 0x00, 0x00, 0x00, 0x00, 0x00, 0x00, 0x00,
    0x00, 0x00, 0x00, 0x00, 0x00, 0x00, 0x00, 0x00, 0x00, 0x00, 0x00, 0x00,
    0x00, 0x00, 0x00, 0x00, 0x00, 0x00, 0x00, 0x00, 0x00, 0x00, 0x00, 0x00,
    0x00, 0x00, 0x00, 0x00, 0x00, 0x00, 0x00, 0x00, 0x00, 0x00, 0x00, 0x00,
    0x00, 0x00, 0x00, 0x00, 0x00, 0x00, 0x00, 0x00, 0x00, 0x00, 0x00, 0x00,
    0x00, 0x00, 0x00, 0x00, 0x00, 0x00, 0x00, 0x00, 0x00, 0x00, 0x00, 0x00,
    0x00, 0x00, 0x00, 0x00, 0x00, 0x00, 0x00, 0x00, 0x00, 0x00, 0x00, 0x00,
    0x00, 0x00, 0x00, 0x00, 0x00, 0x00, 0x00, 0x00, 0x00, 0x00, 0x00, 0x00,
    0x00, 0x00, 0x00, 0x00, 0x00, 0x00, 0x00, 0x00, 0x00, 0x00, 0x00, 0x00,
    0x00, 0x00, 0x00, 0x00, 0x00, 0x00, 0x00, 0x00, 0x00, 0x00, 0x00, 0x00,
    0x00, 0x00, 0x00, 0x00, 0x00, 0x00, 0x00, 0x00, 0x00, 0x00, 0x00, 0x00,
    0x00, 0x00, 0x00, 0x00, 0x00, 0x00, 0x00, 0x00, 0x00, 0x00, 0x00, 0x00,
    0x00, 0x00, 0x00, 0x00, 0x00, 0x00, 0x00, 0x00, 0x00, 0x00, 0x00, 0x00,
    0x00, 0x00, 0x00, 0x00, 0x00, 0x00, 0x00, 0x00, 0x00, 0x00, 0x00, 0x00,
    0x00, 0x00, 0x00, 0x00, 0x00, 0x00, 0x00, 0x00, 0x00, 0x00, 0x00, 0x00,
    0x00, 0x00, 0x00, 0x00, 0x00, 0x00, 0x00, 0x00, 0x00, 0x00, 0x00, 0x00,
    0x00, 0x00, 0x00, 0x00, 0x00, 0x00, 0x00, 0x00, 0x00, 0x00, 0x00, 0x00,
    0x00, 0x00, 0x00, 0x00, 0x00, 0x00, 0x00, 0x00, 0x00, 0x00, 0x00, 0x00,
    0x00, 0x00, 0x00, 0x00, 0x00, 0x00, 0x00, 0x00, 0x00, 0x00, 0x00, 0x00,
    0x00, 0x00, 0x00, 0x00, 0x00, 0x00, 0x00, 0x00, 0x00, 0x00, 0x00, 0x00,
    0x00, 0x00, 0x00, 0x00, 0x00, 0x00, 0x00, 0x00, 0x00, 0x00, 0x00, 0x00,
    0x00, 0x00, 0x00, 0x00, 0x00, 0x00, 0x00, 0x00, 0x00, 0x00, 0x00, 0x00,
    0x00, 0x00, 0x00, 0x00, 0x00, 0x00, 0x00, 0x00, 0x00, 0x00, 0x00, 0x00,
    0x00, 0x00, 0x00, 0x00, 0x00, 0x00, 0x00, 0x00, 0x00, 0x00, 0x00, 0x00,
    0x00, 0x00, 0x00, 0x00, 0x00, 0x00, 0x00, 0x00, 0x00, 0x00, 0x00, 0x00,
    0x00, 0x00, 0x00, 0x00, 0x00, 0x00, 0x00, 0x00, 0x00, 0x00, 0x00, 0x00,
    0x00, 0x00, 0x00, 0x00, 0x31, 0xed, 0x89, 0xe0, 0x83, 0xe4, 0xf0, 0x83,
    0xec, 0x0c, 0x50, 0xe8, 0x03, 0x00, 0x00, 0x00, 0xf4, 0xeb, 0xfd, 0x55,
    0x89, 0xe5, 0x83, 0xec, 0x28, 0xc7, 0x45, 0xf4, 0x00, 0x00, 0x00, 0x00,
    0xc7, 0x45, 0xf0, 0x00, 0x00, 0x00, 0x00, 0xc7, 0x45, 0xec, 0x00, 0x00,
    0x00, 0x00, 0x83, 0x7d, 0x08, 0x00, 0x74, 0x38, 0x8b, 0x45, 0x08, 0x8b,
    0x00, 0x89, 0x45, 0xe8, 0x83, 0x7d, 0xe8, 0x00, 0x78, 0x2a, 0x83, 0x7d,
    0xe8, 0x40, 0x7f, 0x24, 0x8b, 0x45, 0xe8, 0x89, 0x45, 0xf4, 0x8b, 0x45,
    0x08, 0x83, 0xc0, 0x04, 0x89, 0x45, 0xf0, 0x8b, 0x45, 0xf4, 0x83, 0xc0,
    0x01, 0x8d, 0x14, 0x85, 0x00, 0x00, 0x00, 0x00, 0x8b, 0x45, 0xf0, 0x01,
    0xd0, 0x89, 0x45, 0xec, 0x83, 0xec, 0x04, 0xff, 0x75, 0xec, 0xff, 0x75,
    0xf0, 0xff, 0x75, 0xf4, 0xe8, 0xe2, 0x2d, 0x00, 0x00, 0x83, 0xc4, 0x10,
    0x89, 0x45, 0xe4, 0x83, 0xec, 0x0c, 0xff, 0x75, 0xe4, 0xe8, 0x5b, 0x31,
    0x00, 0x00, 0x83, 0xc4, 0x10, 0xf4, 0xeb, 0xfd, 0x55, 0x89, 0xe5, 0x83,
    0xec, 0x08, 0x83, 0x7d, 0x08, 0x00, 0x74, 0x1f, 0x83, 0xec, 0x0c, 0xff,
    0x75, 0x08, 0xe8, 0x48, 0x32, 0x00, 0x00, 0x83, 0xc4, 0x10, 0x83, 0xec,
    0x04, 0x50, 0xff, 0x75, 0x08, 0x6a, 0x01, 0xe8, 0xc4, 0x30, 0x00, 0x00,
    0x83, 0xc4, 0x10, 0x90, 0xc9, 0xc3, 0x55, 0x89, 0xe5, 0x83, 0xec, 0x08,
    0x83, 0x7d, 0x08, 0x00, 0x74, 0x1f, 0x83, 0xec, 0x0c, 0xff, 0x75, 0x08,
    0xe8, 0x1a, 0x32, 0x00, 0x00, 0x83, 0xc4, 0x10, 0x83, 0xec, 0x04, 0x50,
    0xff, 0x75, 0x08, 0x6a, 0x02, 0xe8, 0x96, 0x30, 0x00, 0x00, 0x83, 0xc4,
    0x10, 0x90, 0xc9, 0xc3, 0x55, 0x89, 0xe5, 0x83, 0xec, 0x28, 0xc7, 0x45,
    0xf4, 0x00, 0x00, 0x00, 0x00, 0x83, 0x7d, 0x08, 0x00, 0x79, 0x17, 0x83,
    0xec, 0x04, 0x6a, 0x01, 0x68, 0x10, 0x35, 0x40, 0x00, 0x6a, 0x01, 0xe8,
    0x6c, 0x30, 0x00, 0x00, 0x83, 0xc4, 0x10, 0xf7, 0x5d, 0x08, 0x83, 0x7d,
    0x08, 0x00, 0x75, 0x62, 0x8b, 0x45, 0xf4, 0x8d, 0x50, 0x01, 0x89, 0x55,
    0xf4, 0xc6, 0x44, 0x05, 0xe4, 0x30, 0xeb, 0x52, 0x8b, 0x4d, 0x08, 0xba,
    0x67, 0x66, 0x66, 0x66, 0x89, 0xc8, 0xf7, 0xea, 0xc1, 0xfa, 0x02, 0x89,
    0xc8, 0xc1, 0xf8, 0x1f, 0x29, 0xc2, 0x89, 0xd0, 0xc1, 0xe0, 0x02, 0x01,
    0xd0, 0x01, 0xc0, 0x29, 0xc1, 0x89, 0xca, 0x89, 0xd0, 0x8d, 0x48, 0x30,
    0x8b, 0x45, 0xf4, 0x8d, 0x50, 0x01, 0x89, 0x55, 0xf4, 0x89, 0xca, 0x88,
    0x54, 0x05, 0xe4, 0x8b, 0x4d, 0x08, 0xba, 0x67, 0x66, 0x66, 0x66, 0x89,
    0xc8, 0xf7, 0xea, 0x89, 0xd0, 0xc1, 0xf8, 0x02, 0xc1, 0xf9, 0x1f, 0x89,
    0xca, 0x29, 0xd0, 0x89, 0x45, 0x08, 0x83, 0x7d, 0x08, 0x00, 0x7f, 0xa8,
    0xeb, 0x1c, 0x83, 0x6d, 0xf4, 0x01, 0x8d, 0x55, 0xe4, 0x8b, 0x45, 0xf4,
    0x01, 0xd0, 0x83, 0xec, 0x04, 0x6a, 0x01, 0x50, 0x6a, 0x01, 0xe8, 0xdd,
    0x2f, 0x00, 0x00, 0x83, 0xc4, 0x10, 0x83, 0x7d, 0xf4, 0x00, 0x7f, 0xde,
    0x90, 0x90, 0xc9, 0xc3, 0x55, 0x89, 0xe5, 0x83, 0xec, 0x28, 0xc7, 0x45,
    0xf4, 0x00, 0x00, 0x00, 0x00, 0x83, 0x7d, 0x08, 0x00, 0x75, 0x52, 0x8b,
    0x45, 0xf4, 0x8d, 0x50, 0x01, 0x89, 0x55, 0xf4, 0xc6, 0x44, 0x05, 0xdc,
    0x30, 0xeb, 0x42, 0x8b, 0x4d, 0x08, 0xba, 0xcd, 0xcc, 0xcc, 0xcc, 0x89,
    0xc8, 0xf7, 0xe2, 0xc1, 0xea, 0x03, 0x89, 0xd0, 0xc1, 0xe0, 0x02, 0x01,
    0xd0, 0x01, 0xc0, 0x29, 0xc1, 0x89, 0xca, 0x89, 0xd0, 0x8d, 0x48, 0x30,
    0x8b, 0x45, 0xf4, 0x8d, 0x50, 0x01, 0x89, 0x55, 0xf4, 0x89, 0xca, 0x88,
    0x54, 0x05, 0xdc, 0x8b, 0x45, 0x08, 0xba, 0xcd, 0xcc, 0xcc, 0xcc, 0xf7,
    0xe2, 0x89, 0xd0, 0xc1, 0xe8, 0x03, 0x89, 0x45, 0x08, 0x83, 0x7d, 0x08,
    0x00, 0x75, 0xb8, 0xeb, 0x1c, 0x83, 0x6d, 0xf4, 0x01, 0x8d, 0x55, 0xdc,
    0x8b, 0x45, 0xf4, 0x01, 0xd0, 0x83, 0xec, 0x04, 0x6a, 0x01, 0x50, 0x6a,
    0x01, 0xe8, 0x4a, 0x2f, 0x00, 0x00, 0x83, 0xc4, 0x10, 0x83, 0x7d, 0xf4,
    0x00, 0x7f, 0xde, 0x90, 0x90, 0xc9, 0xc3, 0x55, 0x89, 0xe5, 0x83, 0xec,
    0x10, 0xc7, 0x45, 0xfc, 0x05, 0x15, 0x00, 0x00, 0x8b, 0x45, 0x08, 0x89,
    0x45, 0xf8, 0xeb, 0x1f, 0x8b, 0x45, 0xfc, 0xc1, 0xe0, 0x05, 0x89, 0xc2,
    0x8b, 0x45, 0xfc, 0x01, 0xc2, 0x8b, 0x45, 0xf8, 0x0f, 0xb6, 0x00, 0x0f,
    0xb6, 0xc0, 0x01, 0xd0, 0x89, 0x45, 0xfc, 0x83, 0x45, 0xf8, 0x01, 0x8b,
    0x45, 0xf8, 0x0f, 0xb6, 0x00, 0x84, 0xc0, 0x75, 0xd7, 0xc7, 0x45, 0xf4,
    0x07, 0x00, 0x00, 0x00, 0xeb, 0x1f, 0x8b, 0x45, 0xfc, 0x83, 0xe0, 0x0f,
    0x8b, 0x4d, 0xf4, 0x8b, 0x55, 0x0c, 0x01, 0xca, 0x0f, 0xb6, 0x80, 0x14,
    0x3b, 0x40, 0x00, 0x88, 0x02, 0xc1, 0x6d, 0xfc, 0x04, 0x83, 0x6d, 0xf4,
    0x01, 0x83, 0x7d, 0xf4, 0x00, 0x79, 0xdb, 0x8b, 0x45, 0x0c, 0x83, 0xc0,
    0x08, 0xc6, 0x00, 0x00, 0x90, 0xc9, 0xc3, 0x55, 0x89, 0xe5, 0x81, 0xec,
    0x48, 0x08, 0x00, 0x00, 0x83, 0xec, 0x08, 0x6a, 0x00, 0x68, 0x12, 0x35,
    0x40, 0x00, 0xe8, 0xe3, 0x2e, 0x00, 0x00, 0x83, 0xc4, 0x10, 0x89, 0x45,
    0xe0, 0x83, 0x7d, 0xe0, 0x00, 0x79, 0x0a, 0xb8, 0x00, 0x00, 0x00, 0x00,
    0xe9, 0x28, 0x02, 0x00, 0x00, 0x83, 0xec, 0x04, 0x68, 0xff, 0x07, 0x00,
    0x00, 0x8d, 0x85, 0xd8, 0xf7, 0xff, 0xff, 0x50, 0xff, 0x75, 0xe0, 0xe8,
    0x9b, 0x2e, 0x00, 0x00, 0x83, 0xc4, 0x10, 0x89, 0x45, 0xdc, 0x83, 0xec,
    0x0c, 0xff, 0x75, 0xe0, 0xe8, 0xc0, 0x2e, 0x00, 0x00, 0x83, 0xc4, 0x10,
    0x83, 0x7d, 0xdc, 0x00, 0x7f, 0x0a, 0xb8, 0x00, 0x00, 0x00, 0x00, 0xe9,
    0xed, 0x01, 0x00, 0x00, 0x8d, 0x95, 0xd8, 0xf7, 0xff, 0xff, 0x8b, 0x45,
    0xdc, 0x01, 0xd0, 0xc6, 0x00, 0x00, 0xc7, 0x45, 0xf4, 0x00, 0x00, 0x00,
    0x00, 0x8d, 0x85, 0xd8, 0xf7, 0xff, 0xff, 0x89, 0x45, 0xf0, 0xe9, 0xad,
    0x01, 0x00, 0x00, 0x8b, 0x45, 0xf0, 0x89, 0x45, 0xec, 0xeb, 0x04, 0x83,
    0x45, 0xec, 0x01, 0x8b, 0x45, 0xec, 0x0f, 0xb6, 0x00, 0x84, 0xc0, 0x74,
    0x0a, 0x8b, 0x45, 0xec, 0x0f, 0xb6, 0x00, 0x3c, 0x0a, 0x75, 0xe8, 0x8b,
    0x45, 0xec, 0x0f, 0xb6, 0x00, 0x84, 0xc0, 0x74, 0x06, 0x8b, 0x45, 0xec,
    0xc6, 0x00, 0x00, 0x8b, 0x45, 0xf0, 0x0f, 0xb6, 0x00, 0x84, 0xc0, 0x0f,
    0x84, 0x66, 0x01, 0x00, 0x00, 0xc7, 0x85, 0xbc, 0xf7, 0xff, 0xff, 0x00,
    0x00, 0x00, 0x00, 0xc7, 0x85, 0xc0, 0xf7, 0xff, 0xff, 0x00, 0x00, 0x00,
    0x00, 0xc7, 0x85, 0xc4, 0xf7, 0xff, 0xff, 0x00, 0x00, 0x00, 0x00, 0xc7,
    0x85, 0xc8, 0xf7, 0xff, 0xff, 0x00, 0x00, 0x00, 0x00, 0xc7, 0x85, 0xcc,
    0xf7, 0xff, 0xff, 0x00, 0x00, 0x00, 0x00, 0xc7, 0x85, 0xd0, 0xf7, 0xff,
    0xff, 0x00, 0x00, 0x00, 0x00, 0xc7, 0x85, 0xd4, 0xf7, 0xff, 0xff, 0x00,
    0x00, 0x00, 0x00, 0xc7, 0x45, 0xe8, 0x00, 0x00, 0x00, 0x00, 0x8b, 0x45,
    0xe8, 0x8d, 0x50, 0x01, 0x89, 0x55, 0xe8, 0x8b, 0x55, 0xf0, 0x89, 0x94,
    0x85, 0xbc, 0xf7, 0xff, 0xff, 0x8b, 0x45, 0xf0, 0x89, 0x45, 0xe4, 0xeb,
    0x30, 0x8b, 0x45, 0xe4, 0x0f, 0xb6, 0x00, 0x3c, 0x3a, 0x75, 0x22, 0x8b,
    0x45, 0xe4, 0xc6, 0x00, 0x00, 0x83, 0x7d, 0xe8, 0x06, 0x7f, 0x16, 0x8b,
    0x45, 0xe8, 0x8d, 0x50, 0x01, 0x89, 0x55, 0xe8, 0x8b, 0x55, 0xe4, 0x83,
    0xc2, 0x01, 0x89, 0x94, 0x85, 0xbc, 0xf7, 0xff, 0xff, 0x83, 0x45, 0xe4,
    0x01, 0x8b, 0x45, 0xe4, 0x0f, 0xb6, 0x00, 0x84, 0xc0, 0x75, 0xc6, 0x83,
    0x7d, 0xe8, 0x05, 0x0f, 0x8e, 0xba, 0x00, 0x00, 0x00, 0x8b, 0x85, 0xbc,
    0xf7, 0xff, 0xff, 0x0f, 0xb6, 0x00, 0x84, 0xc0, 0x0f, 0x84, 0xa9, 0x00,
    0x00, 0x00, 0x8b, 0x45, 0xf4, 0x6b, 0xd0, 0x7c, 0x8b, 0x45, 0x08, 0x01,
    0xd0, 0x89, 0x45, 0xd8, 0x8b, 0x95, 0xbc, 0xf7, 0xff, 0xff, 0x8b, 0x45,
    0xd8, 0x83, 0xec, 0x04, 0x6a, 0x1f, 0x52, 0x50, 0xe8, 0xe5, 0x2e, 0x00,
    0x00, 0x83, 0xc4, 0x10, 0x8b, 0x45, 0xd8, 0xc6, 0x40, 0x1f, 0x00, 0x8b,
    0x85, 0xc0, 0xf7, 0xff, 0xff, 0x8b, 0x55, 0xd8, 0x83, 0xc2, 0x20, 0x83,
    0xec, 0x04, 0x6a, 0x10, 0x50, 0x52, 0xe8, 0xc3, 0x2e, 0x00, 0x00, 0x83,
    0xc4, 0x10, 0x8b, 0x45, 0xd8, 0xc6, 0x40, 0x30, 0x00, 0x8b, 0x85, 0xc4,
    0xf7, 0xff, 0xff, 0x83, 0xec, 0x0c, 0x50, 0xe8, 0x74, 0x2f, 0x00, 0x00,
    0x83, 0xc4, 0x10, 0x89, 0xc2, 0x8b, 0x45, 0xd8, 0x89, 0x50, 0x34, 0x8b,
    0x85, 0xc8, 0xf7, 0xff, 0xff, 0x83, 0xec, 0x0c, 0x50, 0xe8, 0x5a, 0x2f,
    0x00, 0x00, 0x83, 0xc4, 0x10, 0x89, 0xc2, 0x8b, 0x45, 0xd8, 0x89, 0x50,
    0x38, 0x8b, 0x85, 0xd0, 0xf7, 0xff, 0xff, 0x8b, 0x55, 0xd8, 0x83, 0xc2,
    0x3c, 0x83, 0xec, 0x04, 0x6a, 0x3f, 0x50, 0x52, 0xe8, 0x6d, 0x2e, 0x00,
    0x00, 0x83, 0xc4, 0x10, 0x8b, 0x45, 0xd8, 0xc6, 0x40, 0x7b, 0x00, 0x83,
    0x45, 0xf4, 0x01, 0x8b, 0x45, 0xec, 0x83, 0xc0, 0x01, 0x89, 0x45, 0xf0,
    0x83, 0x7d, 0xf0, 0x00, 0x74, 0x14, 0x8b, 0x45, 0xf0, 0x0f, 0xb6, 0x00,
    0x84, 0xc0, 0x74, 0x0a, 0x83, 0x7d, 0xf4, 0x07, 0x0f, 0x8e, 0x39, 0xfe,
    0xff, 0xff, 0x8b, 0x45, 0xf4, 0xc9, 0xc3, 0x55, 0x89, 0xe5, 0x57, 0x56,
    0x53, 0x81, 0xec, 0x0c, 0x04, 0x00, 0x00, 0x83, 0xec, 0x0c, 0x8d, 0x85,
    0x00, 0xfc, 0xff, 0xff, 0x50, 0xe8, 0x8d, 0xfd, 0xff, 0xff, 0x83, 0xc4,
    0x10, 0x89, 0x45, 0xe0, 0xc7, 0x45, 0xe4, 0x00, 0x00, 0x00, 0x00, 0xe9,
    0x8a, 0x00, 0x00, 0x00, 0x8d, 0x95, 0x00, 0xfc, 0xff, 0xff, 0x8b, 0x45,
    0xe4, 0x6b, 0xc0, 0x7c, 0x01, 0xd0, 0x83, 0xec, 0x08, 0xff, 0x75, 0x08,
    0x50, 0xe8, 0x4d, 0x2e, 0x00, 0x00, 0x83, 0xc4, 0x10, 0x85, 0xc0, 0x75,
    0x65, 0x8b, 0x55, 0x0c, 0x8b, 0x45, 0xe4, 0x6b, 0xc0, 0x7c, 0x8d, 0x40,
    0xe8, 0x01, 0xe8, 0x8d, 0x88, 0x18, 0xfc, 0xff, 0xff, 0x89, 0x95, 0xf4,
    0xfb, 0xff, 0xff, 0x89, 0xce, 0xb8, 0x7c, 0x00, 0x00, 0x00, 0x83, 0xe0,
    0xf8, 0x89, 0x85, 0xf0, 0xfb, 0xff, 0xff, 0xb8, 0x00, 0x00, 0x00, 0x00,
    0x8b, 0x3c, 0x01, 0x8b, 0x5c, 0x01, 0x04, 0x89, 0x3c, 0x02, 0x89, 0xdf,
    0x89, 0x7c, 0x02, 0x04, 0x83, 0xc0, 0x08, 0x8b, 0xbd, 0xf0, 0xfb, 0xff,
    0xff, 0x39, 0xf8, 0x72, 0xe3, 0x01, 0x85, 0xf4, 0xfb, 0xff, 0xff, 0x01,
    0xc6, 0x8b, 0x06, 0x8b, 0xb5, 0xf4, 0xfb, 0xff, 0xff, 0x89, 0x06, 0xb8,
    0x01, 0x00, 0x00, 0x00, 0xeb, 0x15, 0x83, 0x45, 0xe4, 0x01, 0x8b, 0x45,
    0xe4, 0x3b, 0x45, 0xe0, 0x0f, 0x8c, 0x6a, 0xff, 0xff, 0xff, 0xb8, 0x00,
    0x00, 0x00, 0x00, 0x8d, 0x65, 0xf4, 0x5b, 0x5e, 0x5f, 0x5d, 0xc3, 0x55,
    0x89, 0xe5, 0x81, 0xec, 0x38, 0x02, 0x00, 0x00, 0x83, 0xec, 0x08, 0x6a,
    0x00, 0x68, 0x1e, 0x35, 0x40, 0x00, 0xe8, 0xbb, 0x2b, 0x00, 0x00, 0x83,
    0xc4, 0x10, 0x89, 0x45, 0xe4, 0x83, 0x7d, 0xe4, 0x00, 0x79, 0x0a, 0xb8,
    0x00, 0x00, 0x00, 0x00, 0xe9, 0x51, 0x01, 0x00, 0x00, 0x83, 0xec, 0x04,
    0x68, 0xff, 0x01, 0x00, 0x00, 0x8d, 0x85, 0xe0, 0xfd, 0xff, 0xff, 0x50,
    0xff, 0x75, 0xe4, 0xe8, 0x73, 0x2b, 0x00, 0x00, 0x83, 0xc4, 0x10, 0x89,
    0x45, 0xe0, 0x83, 0xec, 0x0c, 0xff, 0x75, 0xe4, 0xe8, 0x98, 0x2b, 0x00,
    0x00, 0x83, 0xc4, 0x10, 0x83, 0x7d, 0xe0, 0x00, 0x7f, 0x0a, 0xb8, 0x00,
    0x00, 0x00, 0x00, 0xe9, 0x16, 0x01, 0x00, 0x00, 0x8d, 0x95, 0xe0, 0xfd,
    0xff, 0xff, 0x8b, 0x45, 0xe0, 0x01, 0xd0, 0xc6, 0x00, 0x00, 0x8d, 0x85,
    0xe0, 0xfd, 0xff, 0xff, 0x89, 0x45, 0xf4, 0xe9, 0xe1, 0x00, 0x00, 0x00,
    0x8b, 0x45, 0xf4, 0x89, 0x45, 0xf0, 0xeb, 0x04, 0x83, 0x45, 0xf0, 0x01,
    0x8b, 0x45, 0xf0, 0x0f, 0xb6, 0x00, 0x84, 0xc0, 0x74, 0x0a, 0x8b, 0x45,
    0xf0, 0x0f, 0xb6, 0x00, 0x3c, 0x0a, 0x75, 0xe8, 0x8b, 0x45, 0xf0, 0x0f,
    0xb6, 0x00, 0x84, 0xc0, 0x74, 0x06, 0x8b, 0x45, 0xf0, 0xc6, 0x00, 0x00,
    0x8b, 0x45, 0xf4, 0x89, 0x85, 0xd4, 0xfd, 0xff, 0xff, 0xc7, 0x85, 0xd8,
    0xfd, 0xff, 0xff, 0x00, 0x00, 0x00, 0x00, 0xc7, 0x85, 0xdc, 0xfd, 0xff,
    0xff, 0x00, 0x00, 0x00, 0x00, 0xc7, 0x45, 0xec, 0x00, 0x00, 0x00, 0x00,
    0x8b, 0x45, 0xf4, 0x89, 0x45, 0xe8, 0xeb, 0x28, 0x8b, 0x45, 0xe8, 0x0f,
    0xb6, 0x00, 0x3c, 0x3a, 0x75, 0x1a, 0x8b, 0x45, 0xe8, 0xc6, 0x00, 0x00,
    0x83, 0x45, 0xec, 0x01, 0x8b, 0x45, 0xe8, 0x8d, 0x50, 0x01, 0x8b, 0x45,
    0xec, 0x89, 0x94, 0x85, 0xd4, 0xfd, 0xff, 0xff, 0x83, 0x45, 0xe8, 0x01,
    0x8b, 0x45, 0xe8, 0x0f, 0xb6, 0x00, 0x84, 0xc0, 0x74, 0x06, 0x83, 0x7d,
    0xec, 0x01, 0x7e, 0xc8, 0x83, 0x7d, 0xec, 0x01, 0x7e, 0x3e, 0x8b, 0x85,
    0xdc, 0xfd, 0xff, 0xff, 0x83, 0xec, 0x0c, 0x50, 0xe8, 0x03, 0x2d, 0x00,
    0x00, 0x83, 0xc4, 0x10, 0x39, 0x45, 0x08, 0x75, 0x27, 0x8b, 0x85, 0xd4,
    0xfd, 0xff, 0xff, 0x83, 0xec, 0x04, 0x6a, 0x1f, 0x50, 0x68, 0x80, 0x45,
    0x40, 0x00, 0xe8, 0x1b, 0x2c, 0x00, 0x00, 0x83, 0xc4, 0x10, 0xc6, 0x05,
    0x9f, 0x45, 0x40, 0x00, 0x00, 0xb8, 0x80, 0x45, 0x40, 0x00, 0xeb, 0x22,
    0x8b, 0x45, 0xf0, 0x83, 0xc0, 0x01, 0x89, 0x45, 0xf4, 0x83, 0x7d, 0xf4,
    0x00, 0x74, 0x0e, 0x8b, 0x45, 0xf4, 0x0f, 0xb6, 0x00, 0x84, 0xc0, 0x0f,
    0x85, 0x0b, 0xff, 0xff, 0xff, 0xb8, 0x00, 0x00, 0x00, 0x00, 0xc9, 0xc3,
    0x55, 0x89, 0xe5, 0xeb, 0x1e, 0x8b, 0x45, 0x14, 0x8d, 0x50, 0x01, 0x89,
    0x55, 0x14, 0x8b, 0x55, 0x0c, 0x8d, 0x4a, 0x01, 0x89, 0x4d, 0x0c, 0x89,
    0xd1, 0x8b, 0x55, 0x08, 0x01, 0xca, 0x0f, 0xb6, 0x00, 0x88, 0x02, 0x83,
    0x7d, 0x14, 0x00, 0x74, 0x15, 0x8b, 0x45, 0x14, 0x0f, 0xb6, 0x00, 0x84,
    0xc0, 0x74, 0x0b, 0x8b, 0x45, 0x10, 0x83, 0xe8, 0x01, 0x39, 0x45, 0x0c,
    0x7c, 0xc7, 0x8b, 0x45, 0x0c, 0x5d, 0xc3, 0x55, 0x89, 0xe5, 0x83, 0xec,
    0x20, 0xc7, 0x45, 0xfc, 0x00, 0x00, 0x00, 0x00, 0x83, 0x7d, 0x14, 0x00,
    0x75, 0x52, 0x8b, 0x45, 0xfc, 0x8d, 0x50, 0x01, 0x89, 0x55, 0xfc, 0xc6,
    0x44, 0x05, 0xe4, 0x30, 0xeb, 0x42, 0x8b, 0x4d, 0x14, 0xba, 0xcd, 0xcc,
    0xcc, 0xcc, 0x89, 0xc8, 0xf7, 0xe2, 0xc1, 0xea, 0x03, 0x89, 0xd0, 0xc1,
    0xe0, 0x02, 0x01, 0xd0, 0x01, 0xc0, 0x29, 0xc1, 0x89, 0xca, 0x89, 0xd0,
    0x8d, 0x48, 0x30, 0x8b, 0x45, 0xfc, 0x8d, 0x50, 0x01, 0x89, 0x55, 0xfc,
    0x89, 0xca, 0x88, 0x54, 0x05, 0xe4, 0x8b, 0x45, 0x14, 0xba, 0xcd, 0xcc,
    0xcc, 0xcc, 0xf7, 0xe2, 0x89, 0xd0, 0xc1, 0xe8, 0x03, 0x89, 0x45, 0x14,
    0x83, 0x7d, 0x14, 0x00, 0x75, 0xb8, 0xeb, 0x2c, 0x8b, 0x45, 0x10, 0x83,
    0xe8, 0x01, 0x39, 0x45, 0x0c, 0x7d, 0x21, 0x83, 0x6d, 0xfc, 0x01, 0x8b,
    0x45, 0x0c, 0x8d, 0x50, 0x01, 0x89, 0x55, 0x0c, 0x89, 0xc2, 0x8b, 0x45,
    0x08, 0x01, 0xc2, 0x8d, 0x4d, 0xe4, 0x8b, 0x45, 0xfc, 0x01, 0xc8, 0x0f,
    0xb6, 0x00, 0x88, 0x02, 0x83, 0x7d, 0xfc, 0x00, 0x75, 0xce, 0x8b, 0x45,
    0x0c, 0xc9, 0xc3, 0x55, 0x89, 0xe5, 0x83, 0xec, 0x18, 0xc7, 0x45, 0xf4,
    0x00, 0x00, 0x00, 0x00, 0xc6, 0x45, 0xf2, 0x00, 0x83, 0xec, 0x04, 0x6a,
    0x01, 0x8d, 0x45, 0xf2, 0x50, 0x6a, 0x00, 0xe8, 0x2f, 0x29, 0x00, 0x00,
    0x83, 0xc4, 0x10, 0x85, 0xc0, 0x7f, 0x0a, 0xb8, 0xff, 0xff, 0xff, 0xff,
    0xe9, 0xb3, 0x00, 0x00, 0x00, 0x0f, 0xb6, 0x45, 0xf2, 0x88, 0x45, 0xf3,
    0x80, 0x7d, 0xf3, 0x0a, 0x75, 0x23, 0x83, 0xec, 0x0c, 0x68, 0x29, 0x35,
    0x40, 0x00, 0xe8, 0xfd, 0xf7, 0xff, 0xff, 0x83, 0xc4, 0x10, 0x8b, 0x55,
    0xf4, 0x8b, 0x45, 0x08, 0x01, 0xd0, 0xc6, 0x00, 0x00, 0x8b, 0x45, 0xf4,
    0xe9, 0x83, 0x00, 0x00, 0x00, 0x80, 0x7d, 0xf3, 0x03, 0x75, 0x17, 0x83,
    0xec, 0x0c, 0x68, 0x2b, 0x35, 0x40, 0x00, 0xe8, 0xd4, 0xf7, 0xff, 0xff,
    0x83, 0xc4, 0x10, 0xb8, 0xff, 0xff, 0xff, 0xff, 0xeb, 0x66, 0x80, 0x7d,
    0xf3, 0x08, 0x75, 0x17, 0x83, 0x7d, 0xf4, 0x00, 0x7e, 0x11, 0x83, 0x6d,
    0xf4, 0x01, 0x8b, 0x55, 0xf4, 0x8b, 0x45, 0x08, 0x01, 0xd0, 0xc6, 0x00,
    0x00, 0xeb, 0x44, 0x80, 0x7d, 0xf3, 0x1f, 0x0f, 0x86, 0x67, 0xff, 0xff,
    0xff, 0x80, 0x7d, 0xf3, 0x7e, 0x0f, 0x87, 0x5d, 0xff, 0xff, 0xff, 0x8b,
    0x45, 0x0c, 0x83, 0xe8, 0x01, 0x39, 0x45, 0xf4, 0x0f, 0x8d, 0x4e, 0xff,
    0xff, 0xff, 0x8b, 0x45, 0xf4, 0x8d, 0x50, 0x01, 0x89, 0x55, 0xf4, 0x89,
    0xc2, 0x8b, 0x45, 0x08, 0x01, 0xc2, 0x0f, 0xb6, 0x45, 0xf3, 0x88, 0x02,
    0x8b, 0x55, 0xf4, 0x8b, 0x45, 0x08, 0x01, 0xd0, 0xc6, 0x00, 0x00, 0xe9,
    0x28, 0xff, 0xff, 0xff, 0xc9, 0xc3, 0x55, 0x89, 0xe5, 0x81, 0xec, 0xd8,
    0x00, 0x00, 0x00, 0xc7, 0x45, 0xf4, 0x00, 0x00, 0x00, 0x00, 0x68, 0x40,
    0x3c, 0x40, 0x00, 0x68, 0xc0, 0x00, 0x00, 0x00, 0xff, 0x75, 0xf4, 0x8d,
    0x85, 0x30, 0xff, 0xff, 0xff, 0x50, 0xe8, 0x09, 0xfe, 0xff, 0xff, 0x83,
    0xc4, 0x10, 0x89, 0x45, 0xf4, 0x8b, 0x45, 0xf4, 0x8d, 0x50, 0x01, 0x89,
    0x55, 0xf4, 0xc6, 0x84, 0x05, 0x30, 0xff, 0xff, 0xff, 0x20, 0xa1, 0x64,
    0x45, 0x40, 0x00, 0x50, 0x68, 0xc0, 0x00, 0x00, 0x00, 0xff, 0x75, 0xf4,
    0x8d, 0x85, 0x30, 0xff, 0xff, 0xff, 0x50, 0xe8, 0x1b, 0xfe, 0xff, 0xff,
    0x83, 0xc4, 0x10, 0x89, 0x45, 0xf4, 0x8b, 0x45, 0xf4, 0x8d, 0x50, 0x01,
    0x89, 0x55, 0xf4, 0xc6, 0x84, 0x05, 0x30, 0xff, 0xff, 0xff, 0x20, 0xa1,
    0x68, 0x45, 0x40, 0x00, 0x50, 0x68, 0xc0, 0x00, 0x00, 0x00, 0xff, 0x75,
    0xf4, 0x8d, 0x85, 0x30, 0xff, 0xff, 0xff, 0x50, 0xe8, 0xea, 0xfd, 0xff,
    0xff, 0x83, 0xc4, 0x10, 0x89, 0x45, 0xf4, 0x8b, 0x45, 0xf4, 0x8d, 0x50,
    0x01, 0x89, 0x55, 0xf4, 0xc6, 0x84, 0x05, 0x30, 0xff, 0xff, 0xff, 0x20,
    0x68, 0x60, 0x3c, 0x40, 0x00, 0x68, 0xc0, 0x00, 0x00, 0x00, 0xff, 0x75,
    0xf4, 0x8d, 0x85, 0x30, 0xff, 0xff, 0xff, 0x50, 0xe8, 0x77, 0xfd, 0xff,
    0xff, 0x83, 0xc4, 0x10, 0x89, 0x45, 0xf4, 0x8b, 0x45, 0xf4, 0x8d, 0x50,
    0x01, 0x89, 0x55, 0xf4, 0xc6, 0x84, 0x05, 0x30, 0xff, 0xff, 0xff, 0x0a,
    0x8d, 0x95, 0x30, 0xff, 0xff, 0xff, 0x8b, 0x45, 0xf4, 0x01, 0xd0, 0xc6,
    0x00, 0x00, 0x83, 0xec, 0x08, 0x68, 0x41, 0x02, 0x00, 0x00, 0x68, 0x2f,
    0x35, 0x40, 0x00, 0xe8, 0x92, 0x27, 0x00, 0x00, 0x83, 0xc4, 0x10, 0x89,
    0x45, 0xf0, 0x83, 0x7d, 0xf0, 0x00, 0x78, 0x29, 0x8b, 0x45, 0xf4, 0x83,
    0xec, 0x04, 0x50, 0x8d, 0x85, 0x30, 0xff, 0xff, 0xff, 0x50, 0xff, 0x75,
    0xf0, 0xe8, 0x3a, 0x27, 0x00, 0x00, 0x83, 0xc4, 0x10, 0x83, 0xec, 0x0c,
    0xff, 0x75, 0xf0, 0xe8, 0x7d, 0x27, 0x00, 0x00, 0x83, 0xc4, 0x10, 0xeb,
    0x01, 0x90, 0xc9, 0xc3, 0x55, 0x89, 0xe5, 0x83, 0xec, 0x08, 0x83, 0xec,
    0x0c, 0x68, 0x2f, 0x35, 0x40, 0x00, 0xe8, 0x6c, 0x28, 0x00, 0x00, 0x83,
    0xc4, 0x10, 0x90, 0xc9, 0xc3, 0x55, 0x89, 0xe5, 0x83, 0xec, 0x18, 0x83,
    0xec, 0x08, 0x6a, 0x00, 0x68, 0x2f, 0x35, 0x40, 0x00, 0xe8, 0x2c, 0x27,
    0x00, 0x00, 0x83, 0xc4, 0x10, 0x89, 0x45, 0xf4, 0x83, 0x7d, 0xf4, 0x00,
    0x79, 0x07, 0xb8, 0x00, 0x00, 0x00, 0x00, 0xeb, 0x13, 0x83, 0xec, 0x0c,
    0xff, 0x75, 0xf4, 0xe8, 0x29, 0x27, 0x00, 0x00, 0x83, 0xc4, 0x10, 0xb8,
    0x01, 0x00, 0x00, 0x00, 0xc9, 0xc3, 0x55, 0x89, 0xe5, 0x83, 0xec, 0x10,
    0x8b, 0x45, 0x08, 0x8b, 0x00, 0x89, 0x45, 0xfc, 0xeb, 0x04, 0x83, 0x45,
    0xfc, 0x01, 0x8b, 0x45, 0xfc, 0x0f, 0xb6, 0x00, 0x3c, 0x20, 0x74, 0xf2,
    0x8b, 0x45, 0xfc, 0x0f, 0xb6, 0x00, 0x84, 0xc0, 0x75, 0x07, 0xb8, 0x00,
    0x00, 0x00, 0x00, 0xeb, 0x70, 0xc7, 0x45, 0xf8, 0x00, 0x00, 0x00, 0x00,
    0xeb, 0x27, 0x8b, 0x45, 0x10, 0x83, 0xe8, 0x01, 0x39, 0x45, 0xf8, 0x7d,
    0x18, 0x8b, 0x45, 0xf8, 0x8d, 0x50, 0x01, 0x89, 0x55, 0xf8, 0x89, 0xc2,
    0x8b, 0x45, 0x0c, 0x01, 0xc2, 0x8b, 0x45, 0xfc, 0x0f, 0xb6, 0x00, 0x88,
    0x02, 0x83, 0x45, 0xfc, 0x01, 0x8b, 0x45, 0xfc, 0x0f, 0xb6, 0x00, 0x84,
    0xc0, 0x74, 0x1e, 0x8b, 0x45, 0xfc, 0x0f, 0xb6, 0x00, 0x3c, 0x20, 0x74,
    0x14, 0x8b, 0x45, 0xfc, 0x0f, 0xb6, 0x00, 0x3c, 0x0a, 0x74, 0x0a, 0x8b,
    0x45, 0xfc, 0x0f, 0xb6, 0x00, 0x3c, 0x0d, 0x75, 0xb1, 0x8b, 0x55, 0xf8,
    0x8b, 0x45, 0x0c, 0x01, 0xd0, 0xc6, 0x00, 0x00, 0x8b, 0x45, 0x08, 0x8b,
    0x55, 0xfc, 0x89, 0x10, 0xb8, 0x01, 0x00, 0x00, 0x00, 0xc9, 0xc3, 0x55,
    0x89, 0xe5, 0x81, 0xec, 0x18, 0x02, 0x00, 0x00, 0x83, 0xec, 0x08, 0x6a,
    0x00, 0x68, 0x2f, 0x35, 0x40, 0x00, 0xe8, 0x4b, 0x26, 0x00, 0x00, 0x83,
    0xc4, 0x10, 0x89, 0x45, 0xf4, 0x83, 0x7d, 0xf4, 0x00, 0x0f, 0x88, 0x95,
    0x01, 0x00, 0x00, 0x83, 0xec, 0x04, 0x68, 0xbf, 0x00, 0x00, 0x00, 0x8d,
    0x85, 0x28, 0xff, 0xff, 0xff, 0x50, 0xff, 0x75, 0xf4, 0xe8, 0x09, 0x26,
    0x00, 0x00, 0x83, 0xc4, 0x10, 0x89, 0x45, 0xf0, 0x83, 0xec, 0x0c, 0xff,
    0x75, 0xf4, 0xe8, 0x2e, 0x26, 0x00, 0x00, 0x83, 0xc4, 0x10, 0x83, 0x7d,
    0xf0, 0x00, 0x0f, 0x8e, 0x63, 0x01, 0x00, 0x00, 0x8d, 0x95, 0x28, 0xff,
    0xff, 0xff, 0x8b, 0x45, 0xf0, 0x01, 0xd0, 0xc6, 0x00, 0x00, 0x8d, 0x85,
    0x28, 0xff, 0xff, 0xff, 0x89, 0x85, 0xec, 0xfd, 0xff, 0xff, 0x83, 0xec,
    0x04, 0x6a, 0x20, 0x8d, 0x85, 0x08, 0xff, 0xff, 0xff, 0x50, 0x8d, 0x85,
    0xec, 0xfd, 0xff, 0xff, 0x50, 0xe8, 0xd0, 0xfe, 0xff, 0xff, 0x83, 0xc4,
    0x10, 0x85, 0xc0, 0x0f, 0x84, 0x29, 0x01, 0x00, 0x00, 0x83, 0xec, 0x04,
    0x6a, 0x18, 0x8d, 0x85, 0xf0, 0xfe, 0xff, 0xff, 0x50, 0x8d, 0x85, 0xec,
    0xfd, 0xff, 0xff, 0x50, 0xe8, 0xad, 0xfe, 0xff, 0xff, 0x83, 0xc4, 0x10,
    0x85, 0xc0, 0x0f, 0x84, 0x09, 0x01, 0x00, 0x00, 0x83, 0xec, 0x0c, 0x8d,
    0x85, 0xf0, 0xfe, 0xff, 0xff, 0x50, 0xe8, 0xf5, 0x27, 0x00, 0x00, 0x83,
    0xc4, 0x10, 0x89, 0x45, 0xec, 0x83, 0xec, 0x04, 0x6a, 0x18, 0x8d, 0x85,
    0xf0, 0xfe, 0xff, 0xff, 0x50, 0x8d, 0x85, 0xec, 0xfd, 0xff, 0xff, 0x50,
    0xe8, 0x75, 0xfe, 0xff, 0xff, 0x83, 0xc4, 0x10, 0x85, 0xc0, 0x0f, 0x84,
    0xd4, 0x00, 0x00, 0x00, 0x83, 0xec, 0x0c, 0x8d, 0x85, 0xf0, 0xfe, 0xff,
    0xff, 0x50, 0xe8, 0xbd, 0x27, 0x00, 0x00, 0x83, 0xc4, 0x10, 0x89, 0x45,
    0xe8, 0x83, 0xec, 0x04, 0x68, 0x00, 0x01, 0x00, 0x00, 0x8d, 0x85, 0xf0,
    0xfd, 0xff, 0xff, 0x50, 0x8d, 0x85, 0xec, 0xfd, 0xff, 0xff, 0x50, 0xe8,
    0x3a, 0xfe, 0xff, 0xff, 0x83, 0xc4, 0x10, 0x85, 0xc0, 0x0f, 0x84, 0x9c,
    0x00, 0x00, 0x00, 0x83, 0xec, 0x0c, 0xff, 0x75, 0xe8, 0xe8, 0x33, 0x28,
    0x00, 0x00, 0x83, 0xc4, 0x10, 0x85, 0xc0, 0x0f, 0x88, 0x89, 0x00, 0x00,
    0x00, 0x83, 0xec, 0x0c, 0xff, 0x75, 0xec, 0xe8, 0x05, 0x28, 0x00, 0x00,
    0x83, 0xc4, 0x10, 0x85, 0xc0, 0x78, 0x77, 0x83, 0xec, 0x04, 0x6a, 0x1f,
    0x8d, 0x85, 0x08, 0xff, 0xff, 0xff, 0x50, 0x68, 0x40, 0x3c, 0x40, 0x00,
    0xe8, 0x89, 0x26, 0x00, 0x00, 0x83, 0xc4, 0x10, 0xc6, 0x05, 0x5f, 0x3c,
    0x40, 0x00, 0x00, 0x8b, 0x45, 0xec, 0xa3, 0x64, 0x45, 0x40, 0x00, 0x8b,
    0x45, 0xe8, 0xa3, 0x68, 0x45, 0x40, 0x00, 0x83, 0xec, 0x04, 0x68, 0xff,
    0x00, 0x00, 0x00, 0x8d, 0x85, 0xf0, 0xfd, 0xff, 0xff, 0x50, 0x68, 0x60,
    0x3c, 0x40, 0x00, 0xe8, 0x56, 0x26, 0x00, 0x00, 0x83, 0xc4, 0x10, 0xc6,
    0x05, 0x5f, 0x3d, 0x40, 0x00, 0x00, 0x83, 0xec, 0x0c, 0x68, 0x60, 0x3c,
    0x40, 0x00, 0xe8, 0x0c, 0x25, 0x00, 0x00, 0x83, 0xc4, 0x10, 0xeb, 0x13,
    0x90, 0xeb, 0x10, 0x90, 0xeb, 0x0d, 0x90, 0xeb, 0x0a, 0x90, 0xeb, 0x07,
    0x90, 0xeb, 0x04, 0x90, 0xeb, 0x01, 0x90, 0xc9, 0xc3, 0x55, 0x89, 0xe5,
    0x81, 0xec, 0x18, 0x01, 0x00, 0x00, 0x83, 0xec, 0x0c, 0x68, 0x3d, 0x35,
    0x40, 0x00, 0xe8, 0x59, 0xf3, 0xff, 0xff, 0x83, 0xc4, 0x10, 0x83, 0xec,
    0x08, 0x6a, 0x20, 0x8d, 0x45, 0xd8, 0x50, 0xe8, 0x6f, 0x1c, 0x00, 0x00,
    0x83, 0xc4, 0x10, 0x85, 0xc0, 0x79, 0x0a, 0xb8, 0xff, 0xff, 0xff, 0xff,
    0xe9, 0x62, 0x01, 0x00, 0x00, 0x0f, 0xb6, 0x45, 0xd8, 0x84, 0xc0, 0x0f,
    0x84, 0x50, 0x01, 0x00, 0x00, 0x83, 0xec, 0x08, 0x8d, 0x85, 0xe8, 0xfe,
    0xff, 0xff, 0x50, 0x8d, 0x45, 0xd8, 0x50, 0xe8, 0x97, 0xf7, 0xff, 0xff,
    0x83, 0xc4, 0x10, 0x85, 0xc0, 0x75, 0x15, 0x83, 0xec, 0x0c, 0x68, 0x49,
    0x35, 0x40, 0x00, 0xe8, 0x04, 0xf3, 0xff, 0xff, 0x83, 0xc4, 0x10, 0xe9,
    0x22, 0x01, 0x00, 0x00, 0x83, 0xec, 0x0c, 0x68, 0x5a, 0x35, 0x40, 0x00,
    0xe8, 0xef, 0xf2, 0xff, 0xff, 0x83, 0xc4, 0x10, 0x83, 0xec, 0x08, 0x6a,
    0x60, 0x8d, 0x85, 0x78, 0xff, 0xff, 0xff, 0x50, 0xe8, 0x92, 0xfa, 0xff,
    0xff, 0x83, 0xc4, 0x10, 0x85, 0xc0, 0x79, 0x0a, 0xb8, 0xff, 0xff, 0xff,
    0xff, 0xe9, 0xf5, 0x00, 0x00, 0x00, 0x83, 0xec, 0x08, 0x8d, 0x85, 0x67,
    0xff, 0xff, 0xff, 0x50, 0x8d, 0x85, 0x78, 0xff, 0xff, 0xff, 0x50, 0xe8,
    0x63, 0xf4, 0xff, 0xff, 0x83, 0xc4, 0x10, 0x83, 0xec, 0x08, 0x8d, 0x85,
    0xe8, 0xfe, 0xff, 0xff, 0x83, 0xc0, 0x20, 0x50, 0x8d, 0x85, 0x67, 0xff,
    0xff, 0xff, 0x50, 0xe8, 0xab, 0x25, 0x00, 0x00, 0x83, 0xc4, 0x10, 0x85,
    0xc0, 0x74, 0x15, 0x83, 0xec, 0x0c, 0x68, 0x49, 0x35, 0x40, 0x00, 0xe8,
    0x84, 0xf2, 0xff, 0xff, 0x83, 0xc4, 0x10, 0xe9, 0xa2, 0x00, 0x00, 0x00,
    0x83, 0xec, 0x04, 0x6a, 0x1f, 0x8d, 0x85, 0xe8, 0xfe, 0xff, 0xff, 0x50,
    0x68, 0x40, 0x3c, 0x40, 0x00, 0xe8, 0x1c, 0x25, 0x00, 0x00, 0x83, 0xc4,
    0x10, 0xc6, 0x05, 0x5f, 0x3c, 0x40, 0x00, 0x00, 0x8b, 0x85, 0x1c, 0xff,
    0xff, 0xff, 0xa3, 0x64, 0x45, 0x40, 0x00, 0x8b, 0x85, 0x20, 0xff, 0xff,
    0xff, 0xa3, 0x68, 0x45, 0x40, 0x00, 0x83, 0xec, 0x04, 0x68, 0xff, 0x00,
    0x00, 0x00, 0x8d, 0x85, 0xe8, 0xfe, 0xff, 0xff, 0x83, 0xc0, 0x3c, 0x50,
    0x68, 0x60, 0x3c, 0x40, 0x00, 0xe8, 0xe0, 0x24, 0x00, 0x00, 0x83, 0xc4,
    0x10, 0xc6, 0x05, 0x5f, 0x3d, 0x40, 0x00, 0x00, 0x8b, 0x85, 0x20, 0xff,
    0xff, 0xff, 0x83, 0xec, 0x0c, 0x50, 0xe8, 0x3e, 0x26, 0x00, 0x00, 0x83,
    0xc4, 0x10, 0x8b, 0x85, 0x1c, 0xff, 0xff, 0xff, 0x83, 0xec, 0x0c, 0x50,
    0xe8, 0x14, 0x26, 0x00, 0x00, 0x83, 0xc4, 0x10, 0x83, 0xec, 0x0c, 0x8d,
    0x85, 0xe8, 0xfe, 0xff, 0xff, 0x83, 0xc0, 0x3c, 0x50, 0xe8, 0x6d, 0x23,
    0x00, 0x00, 0x83, 0xc4, 0x10, 0xe8, 0x80, 0xfa, 0xff, 0xff, 0xb8, 0x00,
    0x00, 0x00, 0x00, 0xeb, 0x06, 0x90, 0xe9, 0x6f, 0xfe, 0xff, 0xff, 0xc9,
    0xc3, 0x55, 0x89, 0xe5, 0xeb, 0x23, 0x8b, 0x45, 0x08, 0x8d, 0x50, 0x01,
    0x89, 0x55, 0x08, 0x0f, 0xb6, 0x08, 0x8b, 0x45, 0x0c, 0x8d, 0x50, 0x01,
    0x89, 0x55, 0x0c, 0x0f, 0xb6, 0x00, 0x38, 0xc1, 0x74, 0x07, 0xb8, 0x00,
    0x00, 0x00, 0x00, 0xeb, 0x0f, 0x8b, 0x45, 0x0c, 0x0f, 0xb6, 0x00, 0x84,
    0xc0, 0x75, 0xd3, 0xb8, 0x01, 0x00, 0x00, 0x00, 0x5d, 0xc3, 0x55, 0x89,
    0xe5, 0x83, 0xec, 0x10, 0xc7, 0x45, 0xfc, 0x00, 0x00, 0x00, 0x00, 0x8b,
    0x45, 0x10, 0x0f, 0xb6, 0x00, 0x3c, 0x2f, 0x75, 0x31, 0x8b, 0x45, 0x10,
    0x83, 0xc0, 0x01, 0x0f, 0xb6, 0x00, 0x84, 0xc0, 0x75, 0x24, 0x8b, 0x45,
    0x0c, 0x83, 0xe8, 0x01, 0x39, 0x45, 0xfc, 0x0f, 0x8d, 0x90, 0x00, 0x00,
    0x00, 0x8b, 0x45, 0xfc, 0x8d, 0x50, 0x01, 0x89, 0x55, 0xfc, 0x89, 0xc2,
    0x8b, 0x45, 0x08, 0x01, 0xd0, 0xc6, 0x00, 0x2f, 0xeb, 0x7b, 0xc7, 0x45,
    0xf8, 0x00, 0x00, 0x00, 0x00, 0xeb, 0x22, 0x8b, 0x55, 0xf8, 0x8b, 0x45,
    0x10, 0x8d, 0x0c, 0x02, 0x8b, 0x45, 0xfc, 0x8d, 0x50, 0x01, 0x89, 0x55,
    0xfc, 0x89, 0xc2, 0x8b, 0x45, 0x08, 0x01, 0xc2, 0x0f, 0xb6, 0x01, 0x88,
    0x02, 0x83, 0x45, 0xf8, 0x01, 0x8b, 0x55, 0xf8, 0x8b, 0x45, 0x10, 0x01,
    0xd0, 0x0f, 0xb6, 0x00, 0x84, 0xc0, 0x74, 0x0b, 0x8b, 0x45, 0x0c, 0x83,
    0xe8, 0x02, 0x39, 0x45, 0xfc, 0x7c, 0xc4, 0x83, 0x7d, 0xfc, 0x00, 0x7e,
    0x30, 0x8b, 0x45, 0xfc, 0x8d, 0x50, 0xff, 0x8b, 0x45, 0x08, 0x01, 0xd0,
    0x0f, 0xb6, 0x00, 0x3c, 0x2f, 0x74, 0x1e, 0x8b, 0x45, 0x0c, 0x83, 0xe8,
    0x01, 0x39, 0x45, 0xfc, 0x7d, 0x13, 0x8b, 0x45, 0xfc, 0x8d, 0x50, 0x01,
    0x89, 0x55, 0xfc, 0x89, 0xc2, 0x8b, 0x45, 0x08, 0x01, 0xd0, 0xc6, 0x00,
    0x2f, 0xc7, 0x45, 0xf4, 0x00, 0x00, 0x00, 0x00, 0xeb, 0x22, 0x8b, 0x55,
    0xf4, 0x8b, 0x45, 0x14, 0x8d, 0x0c, 0x02, 0x8b, 0x45, 0xfc, 0x8d, 0x50,
    0x01, 0x89, 0x55, 0xfc, 0x89, 0xc2, 0x8b, 0x45, 0x08, 0x01, 0xc2, 0x0f,
    0xb6, 0x01, 0x88, 0x02, 0x83, 0x45, 0xf4, 0x01, 0x8b, 0x55, 0xf4, 0x8b,
    0x45, 0x14, 0x01, 0xd0, 0x0f, 0xb6, 0x00, 0x84, 0xc0, 0x74, 0x0b, 0x8b,
    0x45, 0x0c, 0x83, 0xe8, 0x01, 0x39, 0x45, 0xfc, 0x7c, 0xc4, 0x8b, 0x55,
    0xfc, 0x8b, 0x45, 0x08, 0x01, 0xd0, 0xc6, 0x00, 0x00, 0x90, 0xc9, 0xc3,
    0x55, 0x89, 0xe5, 0x81, 0xec, 0x18, 0x01, 0x00, 0x00, 0x83, 0x7d, 0x08,
    0x00, 0x74, 0x0a, 0x8b, 0x45, 0x08, 0x0f, 0xb6, 0x00, 0x84, 0xc0, 0x75,
    0x0a, 0xb8, 0x00, 0x00, 0x00, 0x00, 0xe9, 0x1e, 0x01, 0x00, 0x00, 0x8b,
    0x45, 0x08, 0x0f, 0xb6, 0x00, 0x3c, 0x2f, 0x75, 0x30, 0x8b, 0x45, 0x10,
    0x83, 0xe8, 0x01, 0x83, 0xec, 0x04, 0x50, 0xff, 0x75, 0x08, 0xff, 0x75,
    0x0c, 0xe8, 0xf8, 0x22, 0x00, 0x00, 0x83, 0xc4, 0x10, 0x8b, 0x45, 0x10,
    0x8d, 0x50, 0xff, 0x8b, 0x45, 0x0c, 0x01, 0xd0, 0xc6, 0x00, 0x00, 0xb8,
    0x01, 0x00, 0x00, 0x00, 0xe9, 0xe4, 0x00, 0x00, 0x00, 0x83, 0xec, 0x04,
    0x68, 0xff, 0x00, 0x00, 0x00, 0x68, 0x40, 0x3b, 0x40, 0x00, 0x8d, 0x85,
    0xe8, 0xfe, 0xff, 0xff, 0x50, 0xe8, 0xc4, 0x22, 0x00, 0x00, 0x83, 0xc4,
    0x10, 0xc6, 0x45, 0xe7, 0x00, 0x8d, 0x85, 0xe8, 0xfe, 0xff, 0xff, 0x89,
    0x45, 0xf4, 0xe9, 0x8a, 0x00, 0x00, 0x00, 0x8b, 0x45, 0xf4, 0x89, 0x45,
    0xf0, 0xeb, 0x04, 0x83, 0x45, 0xf0, 0x01, 0x8b, 0x45, 0xf0, 0x0f, 0xb6,
    0x00, 0x84, 0xc0, 0x74, 0x0a, 0x8b, 0x45, 0xf0, 0x0f, 0xb6, 0x00, 0x3c,
    0x3a, 0x75, 0xe8, 0x8b, 0x45, 0xf0, 0x0f, 0xb6, 0x00, 0x88, 0x45, 0xef,
    0x8b, 0x45, 0xf0, 0xc6, 0x00, 0x00, 0x8b, 0x45, 0xf4, 0x0f, 0xb6, 0x00,
    0x84, 0xc0, 0x74, 0x42, 0xff, 0x75, 0x08, 0xff, 0x75, 0xf4, 0xff, 0x75,
    0x10, 0xff, 0x75, 0x0c, 0xe8, 0x15, 0xfe, 0xff, 0xff, 0x83, 0xc4, 0x10,
    0x83, 0xec, 0x08, 0x6a, 0x00, 0xff, 0x75, 0x0c, 0xe8, 0xc1, 0x20, 0x00,
    0x00, 0x83, 0xc4, 0x10, 0x89, 0x45, 0xe8, 0x83, 0x7d, 0xe8, 0x00, 0x78,
    0x15, 0x83, 0xec, 0x0c, 0xff, 0x75, 0xe8, 0xe8, 0xc5, 0x20, 0x00, 0x00,
    0x83, 0xc4, 0x10, 0xb8, 0x01, 0x00, 0x00, 0x00, 0xeb, 0x3b, 0x80, 0x7d,
    0xef, 0x00, 0x74, 0x19, 0x8b, 0x45, 0xf0, 0x83, 0xc0, 0x01, 0x89, 0x45,
    0xf4, 0x8b, 0x45, 0xf4, 0x0f, 0xb6, 0x00, 0x84, 0xc0, 0x0f, 0x85, 0x68,
    0xff, 0xff, 0xff, 0xeb, 0x01, 0x90, 0xff, 0x75, 0x08, 0x68, 0x65, 0x35,
    0x40, 0x00, 0xff, 0x75, 0x10, 0xff, 0x75, 0x0c, 0xe8, 0xb1, 0xfd, 0xff,
    0xff, 0x83, 0xc4, 0x10, 0xb8, 0x01, 0x00, 0x00, 0x00, 0xc9, 0xc3, 0x55,
    0x89, 0xe5, 0x83, 0xec, 0x08, 0x83, 0xec, 0x08, 0x68, 0x6a, 0x35, 0x40,
    0x00, 0xff, 0x75, 0x08, 0xe8, 0x3e, 0x22, 0x00, 0x00, 0x83, 0xc4, 0x10,
    0x85, 0xc0, 0x0f, 0x84, 0x47, 0x01, 0x00, 0x00, 0x83, 0xec, 0x08, 0x68,
    0x6d, 0x35, 0x40, 0x00, 0xff, 0x75, 0x08, 0xe8, 0x23, 0x22, 0x00, 0x00,
    0x83, 0xc4, 0x10, 0x85, 0xc0, 0x0f, 0x84, 0x2c, 0x01, 0x00, 0x00, 0x83,
    0xec, 0x08, 0x68, 0x74, 0x35, 0x40, 0x00, 0xff, 0x75, 0x08, 0xe8, 0x08,
    0x22, 0x00, 0x00, 0x83, 0xc4, 0x10, 0x85, 0xc0, 0x0f, 0x84, 0x11, 0x01,
    0x00, 0x00, 0x83, 0xec, 0x08, 0x68, 0x7a, 0x35, 0x40, 0x00, 0xff, 0x75,
    0x08, 0xe8, 0xed, 0x21, 0x00, 0x00, 0x83, 0xc4, 0x10, 0x85, 0xc0, 0x0f,
    0x84, 0xf6, 0x00, 0x00, 0x00, 0x83, 0xec, 0x08, 0x68, 0x7f, 0x35, 0x40,
    0x00, 0xff, 0x75, 0x08, 0xe8, 0xd2, 0x21, 0x00, 0x00, 0x83, 0xc4, 0x10,
    0x85, 0xc0, 0x0f, 0x84, 0xdb, 0x00, 0x00, 0x00, 0x83, 0xec, 0x08, 0x68,
    0x84, 0x35, 0x40, 0x00, 0xff, 0x75, 0x08, 0xe8, 0xb7, 0x21, 0x00, 0x00,
    0x83, 0xc4, 0x10, 0x85, 0xc0, 0x0f, 0x84, 0xc0, 0x00, 0x00, 0x00, 0x83,
    0xec, 0x08, 0x68, 0x89, 0x35, 0x40, 0x00, 0xff, 0x75, 0x08, 0xe8, 0x9c,
    0x21, 0x00, 0x00, 0x83, 0xc4, 0x10, 0x85, 0xc0, 0x0f, 0x84, 0xa5, 0x00,
    0x00, 0x00, 0x83, 0xec, 0x08, 0x68, 0x8f, 0x35, 0x40, 0x00, 0xff, 0x75,
    0x08, 0xe8, 0x81, 0x21, 0x00, 0x00, 0x83, 0xc4, 0x10, 0x85, 0xc0, 0x0f,
    0x84, 0x8a, 0x00, 0x00, 0x00, 0x83, 0xec, 0x08, 0x68, 0x97, 0x35, 0x40,
    0x00, 0xff, 0x75, 0x08, 0xe8, 0x66, 0x21, 0x00, 0x00, 0x83, 0xc4, 0x10,
    0x85, 0xc0, 0x74, 0x73, 0x83, 0xec, 0x08, 0x68, 0x9a, 0x35, 0x40, 0x00,
    0xff, 0x75, 0x08, 0xe8, 0x4f, 0x21, 0x00, 0x00, 0x83, 0xc4, 0x10, 0x85,
    0xc0, 0x74, 0x5c, 0x83, 0xec, 0x08, 0x68, 0xa1, 0x35, 0x40, 0x00, 0xff,
    0x75, 0x08, 0xe8, 0x38, 0x21, 0x00, 0x00, 0x83, 0xc4, 0x10, 0x85, 0xc0,
    0x74, 0x45, 0x83, 0xec, 0x08, 0x68, 0xa8, 0x35, 0x40, 0x00, 0xff, 0x75,
    0x08, 0xe8, 0x21, 0x21, 0x00, 0x00, 0x83, 0xc4, 0x10, 0x85, 0xc0, 0x74,
    0x2e, 0x83, 0xec, 0x08, 0x68, 0xb0, 0x35, 0x40, 0x00, 0xff, 0x75, 0x08,
    0xe8, 0x0a, 0x21, 0x00, 0x00, 0x83, 0xc4, 0x10, 0x85, 0xc0, 0x74, 0x17,
    0x83, 0xec, 0x08, 0x68, 0xb7, 0x35, 0x40, 0x00, 0xff, 0x75, 0x08, 0xe8,
    0xf3, 0x20, 0x00, 0x00, 0x83, 0xc4, 0x10, 0x85, 0xc0, 0x75, 0x07, 0xb8,
    0x01, 0x00, 0x00, 0x00, 0xeb, 0x05, 0xb8, 0x00, 0x00, 0x00, 0x00, 0xc9,
    0xc3, 0x55, 0x89, 0xe5, 0x83, 0xec, 0x10, 0xc7, 0x45, 0xfc, 0x00, 0x00,
    0x00, 0x00, 0x8b, 0x45, 0x08, 0x50, 0xff, 0x75, 0x10, 0xff, 0x75, 0xfc,
    0xff, 0x75, 0x0c, 0xe8, 0x7c, 0xf4, 0xff, 0xff, 0x83, 0xc4, 0x10, 0x89,
    0x45, 0xfc, 0x8b, 0x45, 0xfc, 0x8d, 0x50, 0x01, 0x89, 0x55, 0xfc, 0x89,
    0xc2, 0x8b, 0x45, 0x0c, 0x01, 0xd0, 0xc6, 0x00, 0x3a, 0x8b, 0x45, 0x08,
    0x83, 0xc0, 0x20, 0x50, 0xff, 0x75, 0x10, 0xff, 0x75, 0xfc, 0xff, 0x75,
    0x0c, 0xe8, 0x4e, 0xf4, 0xff, 0xff, 0x83, 0xc4, 0x10, 0x89, 0x45, 0xfc,
    0x8b, 0x45, 0xfc, 0x8d, 0x50, 0x01, 0x89, 0x55, 0xfc, 0x89, 0xc2, 0x8b,
    0x45, 0x0c, 0x01, 0xd0, 0xc6, 0x00, 0x3a, 0x8b, 0x45, 0x08, 0x8b, 0x40,
    0x34, 0x50, 0xff, 0x75, 0x10, 0xff, 0x75, 0xfc, 0xff, 0x75, 0x0c, 0xe8,
    0x63, 0xf4, 0xff, 0xff, 0x83, 0xc4, 0x10, 0x89, 0x45, 0xfc, 0x8b, 0x45,
    0xfc, 0x8d, 0x50, 0x01, 0x89, 0x55, 0xfc, 0x89, 0xc2, 0x8b, 0x45, 0x0c,
    0x01, 0xd0, 0xc6, 0x00, 0x3a, 0x8b, 0x45, 0x08, 0x8b, 0x40, 0x38, 0x50,
    0xff, 0x75, 0x10, 0xff, 0x75, 0xfc, 0xff, 0x75, 0x0c, 0xe8, 0x35, 0xf4,
    0xff, 0xff, 0x83, 0xc4, 0x10, 0x89, 0x45, 0xfc, 0x8b, 0x45, 0xfc, 0x8d,
    0x50, 0x01, 0x89, 0x55, 0xfc, 0x89, 0xc2, 0x8b, 0x45, 0x0c, 0x01, 0xd0,
    0xc6, 0x00, 0x3a, 0x8b, 0x45, 0x08, 0x50, 0xff, 0x75, 0x10, 0xff, 0x75,
    0xfc, 0xff, 0x75, 0x0c, 0xe8, 0xc7, 0xf3, 0xff, 0xff, 0x83, 0xc4, 0x10,
    0x89, 0x45, 0xfc, 0x8b, 0x45, 0xfc, 0x8d, 0x50, 0x01, 0x89, 0x55, 0xfc,
    0x89, 0xc2, 0x8b, 0x45, 0x0c, 0x01, 0xd0, 0xc6, 0x00, 0x3a, 0x8b, 0x45,
    0x08, 0x83, 0xc0, 0x3c, 0x50, 0xff, 0x75, 0x10, 0xff, 0x75, 0xfc, 0xff,
    0x75, 0x0c, 0xe8, 0x99, 0xf3, 0xff, 0xff, 0x83, 0xc4, 0x10, 0x89, 0x45,
    0xfc, 0x8b, 0x45, 0xfc, 0x8d, 0x50, 0x01, 0x89, 0x55, 0xfc, 0x89, 0xc2,
    0x8b, 0x45, 0x0c, 0x01, 0xd0, 0xc6, 0x00, 0x3a, 0x68, 0xba, 0x35, 0x40,
    0x00, 0xff, 0x75, 0x10, 0xff, 0x75, 0xfc, 0xff, 0x75, 0x0c, 0xe8, 0x6d,
    0xf3, 0xff, 0xff, 0x83, 0xc4, 0x10, 0x89, 0x45, 0xfc, 0x8b, 0x45, 0xfc,
    0x8d, 0x50, 0x01, 0x89, 0x55, 0xfc, 0x89, 0xc2, 0x8b, 0x45, 0x0c, 0x01,
    0xd0, 0xc6, 0x00, 0x0a, 0x8b, 0x55, 0xfc, 0x8b, 0x45, 0x0c, 0x01, 0xd0,
    0xc6, 0x00, 0x00, 0x8b, 0x45, 0xfc, 0xc9, 0xc3, 0x55, 0x89, 0xe5, 0x81,
    0xec, 0x48, 0x06, 0x00, 0x00, 0xe8, 0xd4, 0x1d, 0x00, 0x00, 0x85, 0xc0,
    0x74, 0x1a, 0x83, 0xec, 0x0c, 0x68, 0xc4, 0x35, 0x40, 0x00, 0xe8, 0x83,
    0xec, 0xff, 0xff, 0x83, 0xc4, 0x10, 0xb8, 0x01, 0x00, 0x00, 0x00, 0xe9,
    0xee, 0x03, 0x00, 0x00, 0x83, 0x7d, 0x08, 0x02, 0x74, 0x1a, 0x83, 0xec,
    0x0c, 0x68, 0xe6, 0x35, 0x40, 0x00, 0xe8, 0x63, 0xec, 0xff, 0xff, 0x83,
    0xc4, 0x10, 0xb8, 0x01, 0x00, 0x00, 0x00, 0xe9, 0xce, 0x03, 0x00, 0x00,
    0x8b, 0x45, 0x0c, 0x8b, 0x40, 0x04, 0x89, 0x45, 0xe4, 0x8b, 0x45, 0xe4,
    0x0f, 0xb6, 0x00, 0x84, 0xc0, 0x74, 0x13, 0x83, 0xec, 0x0c, 0xff, 0x75,
    0xe4, 0xe8, 0x69, 0x1e, 0x00, 0x00, 0x83, 0xc4, 0x10, 0x83, 0xf8, 0x18,
    0x76, 0x1a, 0x83, 0xec, 0x0c, 0x68, 0xfd, 0x35, 0x40, 0x00, 0xe8, 0x23,
    0xec, 0xff, 0xff, 0x83, 0xc4, 0x10, 0xb8, 0x01, 0x00, 0x00, 0x00, 0xe9,
    0x8e, 0x03, 0x00, 0x00, 0x8b, 0x45, 0xe4, 0x89, 0x45, 0xf4, 0xeb, 0x5a,
    0x8b, 0x45, 0xf4, 0x0f, 0xb6, 0x00, 0x3c, 0x60, 0x7e, 0x0a, 0x8b, 0x45,
    0xf4, 0x0f, 0xb6, 0x00, 0x3c, 0x7a, 0x7e, 0x42, 0x8b, 0x45, 0xf4, 0x0f,
    0xb6, 0x00, 0x3c, 0x2f, 0x7e, 0x0a, 0x8b, 0x45, 0xf4, 0x0f, 0xb6, 0x00,
    0x3c, 0x39, 0x7e, 0x2e, 0x8b, 0x45, 0xf4, 0x0f, 0xb6, 0x00, 0x3c, 0x5f,
    0x74, 0x24, 0x8b, 0x45, 0xf4, 0x0f, 0xb6, 0x00, 0x3c, 0x2d, 0x74, 0x1a,
    0x83, 0xec, 0x0c, 0x68, 0x10, 0x36, 0x40, 0x00, 0xe8, 0xc5, 0xeb, 0xff,
    0xff, 0x83, 0xc4, 0x10, 0xb8, 0x01, 0x00, 0x00, 0x00, 0xe9, 0x30, 0x03,
    0x00, 0x00, 0x83, 0x45, 0xf4, 0x01, 0x8b, 0x45, 0xf4, 0x0f, 0xb6, 0x00,
    0x84, 0xc0, 0x75, 0x9c, 0x83, 0xec, 0x0c, 0x8d, 0x85, 0xf4, 0xfb, 0xff,
    0xff, 0x50, 0xe8, 0x94, 0xed, 0xff, 0xff, 0x83, 0xc4, 0x10, 0x89, 0x45,
    0xe0, 0xc7, 0x45, 0xf0, 0x00, 0x00, 0x00, 0x00, 0xeb, 0x3f, 0x8d, 0x95,
    0xf4, 0xfb, 0xff, 0xff, 0x8b, 0x45, 0xf0, 0x6b, 0xc0, 0x7c, 0x01, 0xd0,
    0x83, 0xec, 0x08, 0xff, 0x75, 0xe4, 0x50, 0xe8, 0x57, 0x1e, 0x00, 0x00,
    0x83, 0xc4, 0x10, 0x85, 0xc0, 0x75, 0x1a, 0x83, 0xec, 0x0c, 0x68, 0x32,
    0x36, 0x40, 0x00, 0xe8, 0x5e, 0xeb, 0xff, 0xff, 0x83, 0xc4, 0x10, 0xb8,
    0x01, 0x00, 0x00, 0x00, 0xe9, 0xc9, 0x02, 0x00, 0x00, 0x83, 0x45, 0xf0,
    0x01, 0x8b, 0x45, 0xf0, 0x3b, 0x45, 0xe0, 0x7c, 0xb9, 0x83, 0xec, 0x0c,
    0x68, 0x50, 0x36, 0x40, 0x00, 0xe8, 0x0a, 0xeb, 0xff, 0xff, 0x83, 0xc4,
    0x10, 0x83, 0xec, 0x08, 0x6a, 0x60, 0x8d, 0x85, 0x94, 0xfb, 0xff, 0xff,
    0x50, 0xe8, 0xad, 0xf2, 0xff, 0xff, 0x83, 0xc4, 0x10, 0x85, 0xc0, 0x79,
    0x0a, 0xb8, 0x01, 0x00, 0x00, 0x00, 0xe9, 0x8b, 0x02, 0x00, 0x00, 0x83,
    0xec, 0x0c, 0x68, 0x5f, 0x36, 0x40, 0x00, 0xe8, 0xd8, 0xea, 0xff, 0xff,
    0x83, 0xc4, 0x10, 0x83, 0xec, 0x08, 0x6a, 0x60, 0x8d, 0x85, 0x34, 0xfb,
    0xff, 0xff, 0x50, 0xe8, 0x7b, 0xf2, 0xff, 0xff, 0x83, 0xc4, 0x10, 0x85,
    0xc0, 0x79, 0x0a, 0xb8, 0x01, 0x00, 0x00, 0x00, 0xe9, 0x59, 0x02, 0x00,
    0x00, 0x83, 0xec, 0x08, 0x8d, 0x85, 0x34, 0xfb, 0xff, 0xff, 0x50, 0x8d,
    0x85, 0x94, 0xfb, 0xff, 0xff, 0x50, 0xe8, 0xb0, 0x1d, 0x00, 0x00, 0x83,
    0xc4, 0x10, 0x85, 0xc0, 0x74, 0x1a, 0x83, 0xec, 0x0c, 0x68, 0x74, 0x36,
    0x40, 0x00, 0xe8, 0xb7, 0xea, 0xff, 0xff, 0x83, 0xc4, 0x10, 0xb8, 0x01,
    0x00, 0x00, 0x00, 0xe9, 0x22, 0x02, 0x00, 0x00, 0xc7, 0x45, 0xec, 0xe8,
    0x03, 0x00, 0x00, 0xc7, 0x45, 0xe8, 0x00, 0x00, 0x00, 0x00, 0xeb, 0x33,
    0x8b, 0x45, 0xe8, 0x6b, 0xc0, 0x7c, 0x8d, 0x40, 0xf8, 0x01, 0xe8, 0x2d,
    0xd0, 0x03, 0x00, 0x00, 0x8b, 0x00, 0x3b, 0x45, 0xec, 0x72, 0x18, 0x8b,
    0x45, 0xe8, 0x6b, 0xc0, 0x7c, 0x8d, 0x40, 0xf8, 0x01, 0xe8, 0x2d, 0xd0,
    0x03, 0x00, 0x00, 0x8b, 0x00, 0x83, 0xc0, 0x01, 0x89, 0x45, 0xec, 0x83,
    0x45, 0xe8, 0x01, 0x8b, 0x45, 0xe8, 0x3b, 0x45, 0xe0, 0x7c, 0xc5, 0x83,
    0xec, 0x04, 0x6a, 0x7c, 0x6a, 0x00, 0x8d, 0x85, 0xb8, 0xfa, 0xff, 0xff,
    0x50, 0xe8, 0x70, 0x1d, 0x00, 0x00, 0x83, 0xc4, 0x10, 0x83, 0xec, 0x04,
    0x6a, 0x1f, 0xff, 0x75, 0xe4, 0x8d, 0x85, 0xb8, 0xfa, 0xff, 0xff, 0x50,
    0xe8, 0xbd, 0x1c, 0x00, 0x00, 0x83, 0xc4, 0x10, 0x83, 0xec, 0x08, 0x8d,
    0x85, 0xb8, 0xfa, 0xff, 0xff, 0x83, 0xc0, 0x20, 0x50, 0x8d, 0x85, 0x94,
    0xfb, 0xff, 0xff, 0x50, 0xe8, 0x9a, 0xeb, 0xff, 0xff, 0x83, 0xc4, 0x10,
    0x8b, 0x45, 0xec, 0x89, 0x85, 0xec, 0xfa, 0xff, 0xff, 0xc7, 0x85, 0xf0,
    0xfa, 0xff, 0xff, 0x64, 0x00, 0x00, 0x00, 0xff, 0x75, 0xe4, 0x68, 0x95,
    0x36, 0x40, 0x00, 0x6a, 0x40, 0x8d, 0x85, 0xb8, 0xfa, 0xff, 0xff, 0x83,
    0xc0, 0x3c, 0x50, 0xe8, 0x22, 0xf8, 0xff, 0xff, 0x83, 0xc4, 0x10, 0x83,
    0xec, 0x08, 0x68, 0x41, 0x04, 0x00, 0x00, 0x68, 0x12, 0x35, 0x40, 0x00,
    0xe8, 0xc9, 0x1a, 0x00, 0x00, 0x83, 0xc4, 0x10, 0x89, 0x45, 0xdc, 0x83,
    0x7d, 0xdc, 0x00, 0x79, 0x1a, 0x83, 0xec, 0x0c, 0x68, 0x9c, 0x36, 0x40,
    0x00, 0xe8, 0xbc, 0xe9, 0xff, 0xff, 0x83, 0xc4, 0x10, 0xb8, 0x01, 0x00,
    0x00, 0x00, 0xe9, 0x27, 0x01, 0x00, 0x00, 0x83, 0xec, 0x04, 0x68, 0x00,
    0x01, 0x00, 0x00, 0x8d, 0x85, 0xb8, 0xf9, 0xff, 0xff, 0x50, 0x8d, 0x85,
    0xb8, 0xfa, 0xff, 0xff, 0x50, 0xe8, 0x9b, 0xfb, 0xff, 0xff, 0x83, 0xc4,
    0x10, 0x89, 0x45, 0xd8, 0x8b, 0x45, 0xd8, 0x83, 0xec, 0x04, 0x50, 0x8d,
    0x85, 0xb8, 0xf9, 0xff, 0xff, 0x50, 0xff, 0x75, 0xdc, 0xe8, 0x36, 0x1a,
    0x00, 0x00, 0x83, 0xc4, 0x10, 0x89, 0x45, 0xd4, 0x83, 0xec, 0x0c, 0xff,
    0x75, 0xdc, 0xe8, 0x76, 0x1a, 0x00, 0x00, 0x83, 0xc4, 0x10, 0x83, 0x7d,
    0xd4, 0x00, 0x7f, 0x1a, 0x83, 0xec, 0x0c, 0x68, 0xbf, 0x36, 0x40, 0x00,
    0xe8, 0x51, 0xe9, 0xff, 0xff, 0x83, 0xc4, 0x10, 0xb8, 0x01, 0x00, 0x00,
    0x00, 0xe9, 0xbc, 0x00, 0x00, 0x00, 0x83, 0xec, 0x08, 0x68, 0xed, 0x01,
    0x00, 0x00, 0x8d, 0x85, 0xb8, 0xfa, 0xff, 0xff, 0x83, 0xc0, 0x3c, 0x50,
    0xe8, 0x16, 0x1b, 0x00, 0x00, 0x83, 0xc4, 0x10, 0x85, 0xc0, 0x79, 0x10,
    0x83, 0xec, 0x0c, 0x68, 0xd8, 0x36, 0x40, 0x00, 0xe8, 0x19, 0xe9, 0xff,
    0xff, 0x83, 0xc4, 0x10, 0x8b, 0x95, 0xf0, 0xfa, 0xff, 0xff, 0x8b, 0x85,
    0xec, 0xfa, 0xff, 0xff, 0x83, 0xec, 0x04, 0x52, 0x50, 0x8d, 0x85, 0xb8,
    0xfa, 0xff, 0xff, 0x83, 0xc0, 0x3c, 0x50, 0xe8, 0x28, 0x1d, 0x00, 0x00,
    0x83, 0xc4, 0x10, 0x83, 0xec, 0x08, 0x68, 0xc0, 0x01, 0x00, 0x00, 0x8d,
    0x85, 0xb8, 0xfa, 0xff, 0xff, 0x83, 0xc0, 0x3c, 0x50, 0xe8, 0xf3, 0x1c,
    0x00, 0x00, 0x83, 0xc4, 0x10, 0x83, 0xec, 0x0c, 0x68, 0xfb, 0x36, 0x40,
    0x00, 0xe8, 0x9e, 0xe8, 0xff, 0xff, 0x83, 0xc4, 0x10, 0x83, 0xec, 0x0c,
    0xff, 0x75, 0xe4, 0xe8, 0x90, 0xe8, 0xff, 0xff, 0x83, 0xc4, 0x10, 0x83,
    0xec, 0x0c, 0x68, 0x01, 0x37, 0x40, 0x00, 0xe8, 0x80, 0xe8, 0xff, 0xff,
    0x83, 0xc4, 0x10, 0x83, 0xec, 0x0c, 0xff, 0x75, 0xec, 0xe8, 0x8e, 0xe9,
    0xff, 0xff, 0x83, 0xc4, 0x10, 0x83, 0xec, 0x0c, 0x68, 0x0e, 0x37, 0x40,
    0x00, 0xe8, 0x62, 0xe8, 0xff, 0xff, 0x83, 0xc4, 0x10, 0xb8, 0x00, 0x00,
    0x00, 0x00, 0xc9, 0xc3, 0x55, 0x89, 0xe5, 0x81, 0xec, 0xc8, 0x05, 0x00,
    0x00, 0xe8, 0xb8, 0x19, 0x00, 0x00, 0x85, 0xc0, 0x74, 0x1a, 0x83, 0xec,
    0x0c, 0x68, 0x14, 0x37, 0x40, 0x00, 0xe8, 0x67, 0xe8, 0xff, 0xff, 0x83,
    0xc4, 0x10, 0xb8, 0x01, 0x00, 0x00, 0x00, 0xe9, 0x21, 0x02, 0x00, 0x00,
    0x83, 0x7d, 0x08, 0x01, 0x7e, 0x0b, 0x8b, 0x45, 0x0c, 0x8b, 0x40, 0x04,
    0x89, 0x45, 0xf4, 0xeb, 0x07, 0xc7, 0x45, 0xf4, 0x40, 0x3c, 0x40, 0x00,
    0x83, 0xec, 0x0c, 0x8d, 0x85, 0xfc, 0xfb, 0xff, 0xff, 0x50, 0xe8, 0x2c,
    0xea, 0xff, 0xff, 0x83, 0xc4, 0x10, 0x89, 0x45, 0xe4, 0xc7, 0x45, 0xf0,
    0xff, 0xff, 0xff, 0xff, 0xc7, 0x45, 0xec, 0x00, 0x00, 0x00, 0x00, 0xeb,
    0x2d, 0x8d, 0x95, 0xfc, 0xfb, 0xff, 0xff, 0x8b, 0x45, 0xec, 0x6b, 0xc0,
    0x7c, 0x01, 0xd0, 0x83, 0xec, 0x08, 0xff, 0x75, 0xf4, 0x50, 0xe8, 0xe8,
    0x1a, 0x00, 0x00, 0x83, 0xc4, 0x10, 0x85, 0xc0, 0x75, 0x08, 0x8b, 0x45,
    0xec, 0x89, 0x45, 0xf0, 0xeb, 0x0c, 0x83, 0x45, 0xec, 0x01, 0x8b, 0x45,
    0xec, 0x3b, 0x45, 0xe4, 0x7c, 0xcb, 0x83, 0x7d, 0xf0, 0x00, 0x79, 0x1a,
    0x83, 0xec, 0x0c, 0x68, 0x3c, 0x37, 0x40, 0x00, 0xe8, 0xd5, 0xe7, 0xff,
    0xff, 0x83, 0xc4, 0x10, 0xb8, 0x01, 0x00, 0x00, 0x00, 0xe9, 0x8f, 0x01,
    0x00, 0x00, 0x83, 0xec, 0x0c, 0x68, 0x50, 0x36, 0x40, 0x00, 0xe8, 0x8d,
    0xe7, 0xff, 0xff, 0x83, 0xc4, 0x10, 0x83, 0xec, 0x08, 0x6a, 0x60, 0x8d,
    0x85, 0x9c, 0xfb, 0xff, 0xff, 0x50, 0xe8, 0x30, 0xef, 0xff, 0xff, 0x83,
    0xc4, 0x10, 0x85, 0xc0, 0x79, 0x0a, 0xb8, 0x01, 0x00, 0x00, 0x00, 0xe9,
    0x5d, 0x01, 0x00, 0x00, 0x83, 0xec, 0x0c, 0x68, 0x5f, 0x36, 0x40, 0x00,
    0xe8, 0x5b, 0xe7, 0xff, 0xff, 0x83, 0xc4, 0x10, 0x83, 0xec, 0x08, 0x6a,
    0x60, 0x8d, 0x85, 0x3c, 0xfb, 0xff, 0xff, 0x50, 0xe8, 0xfe, 0xee, 0xff,
    0xff, 0x83, 0xc4, 0x10, 0x85, 0xc0, 0x79, 0x0a, 0xb8, 0x01, 0x00, 0x00,
    0x00, 0xe9, 0x2b, 0x01, 0x00, 0x00, 0x83, 0xec, 0x08, 0x8d, 0x85, 0x3c,
    0xfb, 0xff, 0xff, 0x50, 0x8d, 0x85, 0x9c, 0xfb, 0xff, 0xff, 0x50, 0xe8,
    0x33, 0x1a, 0x00, 0x00, 0x83, 0xc4, 0x10, 0x85, 0xc0, 0x74, 0x1a, 0x83,
    0xec, 0x0c, 0x68, 0x54, 0x37, 0x40, 0x00, 0xe8, 0x3a, 0xe7, 0xff, 0xff,
    0x83, 0xc4, 0x10, 0xb8, 0x01, 0x00, 0x00, 0x00, 0xe9, 0xf4, 0x00, 0x00,
    0x00, 0x8d, 0x85, 0xfc, 0xfb, 0xff, 0xff, 0x8b, 0x55, 0xf0, 0x6b, 0xd2,
    0x7c, 0x83, 0xc2, 0x20, 0x01, 0xd0, 0x83, 0xec, 0x08, 0x50, 0x8d, 0x85,
    0x9c, 0xfb, 0xff, 0xff, 0x50, 0xe8, 0x8d, 0xe8, 0xff, 0xff, 0x83, 0xc4,
    0x10, 0x83, 0xec, 0x08, 0x68, 0x01, 0x02, 0x00, 0x00, 0x68, 0x12, 0x35,
    0x40, 0x00, 0xe8, 0xeb, 0x17, 0x00, 0x00, 0x83, 0xc4, 0x10, 0x89, 0x45,
    0xe0, 0x83, 0x7d, 0xe0, 0x00, 0x79, 0x1a, 0x83, 0xec, 0x0c, 0x68, 0x74,
    0x37, 0x40, 0x00, 0xe8, 0xde, 0xe6, 0xff, 0xff, 0x83, 0xc4, 0x10, 0xb8,
    0x01, 0x00, 0x00, 0x00, 0xe9, 0x98, 0x00, 0x00, 0x00, 0xc7, 0x45, 0xe8,
    0x00, 0x00, 0x00, 0x00, 0xeb, 0x46, 0x8d, 0x95, 0xfc, 0xfb, 0xff, 0xff,
    0x8b, 0x45, 0xe8, 0x6b, 0xc0, 0x7c, 0x01, 0xc2, 0x83, 0xec, 0x04, 0x68,
    0x00, 0x01, 0x00, 0x00, 0x8d, 0x85, 0x3c, 0xfa, 0xff, 0xff, 0x50, 0x52,
    0xe8, 0xac, 0xf8, 0xff, 0xff, 0x83, 0xc4, 0x10, 0x89, 0x45, 0xdc, 0x8b,
    0x45, 0xdc, 0x83, 0xec, 0x04, 0x50, 0x8d, 0x85, 0x3c, 0xfa, 0xff, 0xff,
    0x50, 0xff, 0x75, 0xe0, 0xe8, 0x47, 0x17, 0x00, 0x00, 0x83, 0xc4, 0x10,
    0x83, 0x45, 0xe8, 0x01, 0x8b, 0x45, 0xe8, 0x3b, 0x45, 0xe4, 0x7c, 0xb2,
    0x83, 0xec, 0x0c, 0xff, 0x75, 0xe0, 0xe8, 0x7e, 0x17, 0x00, 0x00, 0x83,
    0xc4, 0x10, 0x83, 0xec, 0x0c, 0x68, 0x96, 0x37, 0x40, 0x00, 0xe8, 0x31,
    0xe6, 0xff, 0xff, 0x83, 0xc4, 0x10, 0x83, 0xec, 0x0c, 0xff, 0x75, 0xf4,
    0xe8, 0x23, 0xe6, 0xff, 0xff, 0x83, 0xc4, 0x10, 0x83, 0xec, 0x0c, 0x68,
    0x29, 0x35, 0x40, 0x00, 0xe8, 0x13, 0xe6, 0xff, 0xff, 0x83, 0xc4, 0x10,
    0xb8, 0x00, 0x00, 0x00, 0x00, 0xc9, 0xc3, 0x55, 0x89, 0xe5, 0x81, 0xec,
    0x08, 0x01, 0x00, 0x00, 0x83, 0x7d, 0x08, 0x01, 0x7e, 0x0b, 0x8b, 0x45,
    0x0c, 0x8b, 0x40, 0x04, 0x89, 0x45, 0xf4, 0xeb, 0x07, 0xc7, 0x45, 0xf4,
    0xb4, 0x37, 0x40, 0x00, 0x83, 0xec, 0x08, 0x8d, 0x85, 0x78, 0xff, 0xff,
    0xff, 0x50, 0xff, 0x75, 0xf4, 0xe8, 0x55, 0xea, 0xff, 0xff, 0x83, 0xc4,
    0x10, 0x85, 0xc0, 0x75, 0x1a, 0x83, 0xec, 0x0c, 0x68, 0xb9, 0x37, 0x40,
    0x00, 0xe8, 0xf0, 0xe5, 0xff, 0xff, 0x83, 0xc4, 0x10, 0xb8, 0x01, 0x00,
    0x00, 0x00, 0xe9, 0x6a, 0x01, 0x00, 0x00, 0x83, 0xec, 0x0c, 0x68, 0x5a,
    0x35, 0x40, 0x00, 0xe8, 0xa8, 0xe5, 0xff, 0xff, 0x83, 0xc4, 0x10, 0x83,
    0xec, 0x08, 0x6a, 0x60, 0x8d, 0x85, 0x18, 0xff, 0xff, 0xff, 0x50, 0xe8,
    0x4b, 0xed, 0xff, 0xff, 0x83, 0xc4, 0x10, 0x85, 0xc0, 0x79, 0x0a, 0xb8,
    0x01, 0x00, 0x00, 0x00, 0xe9, 0x38, 0x01, 0x00, 0x00, 0x83, 0xec, 0x08,
    0x8d, 0x85, 0x07, 0xff, 0xff, 0xff, 0x50, 0x8d, 0x85, 0x18, 0xff, 0xff,
    0xff, 0x50, 0xe8, 0x1c, 0xe7, 0xff, 0xff, 0x83, 0xc4, 0x10, 0x83, 0xec,
    0x08, 0x8d, 0x85, 0x78, 0xff, 0xff, 0xff, 0x83, 0xc0, 0x20, 0x50, 0x8d,
    0x85, 0x07, 0xff, 0xff, 0xff, 0x50, 0xe8, 0x64, 0x18, 0x00, 0x00, 0x83,
    0xc4, 0x10, 0x85, 0xc0, 0x74, 0x1a, 0x83, 0xec, 0x0c, 0x68, 0xcb, 0x37,
    0x40, 0x00, 0xe8, 0x6b, 0xe5, 0xff, 0xff, 0x83, 0xc4, 0x10, 0xb8, 0x01,
    0x00, 0x00, 0x00, 0xe9, 0xe5, 0x00, 0x00, 0x00, 0x8b, 0x45, 0xb0, 0x83,
    0xec, 0x0c, 0x50, 0xe8, 0x51, 0x19, 0x00, 0x00, 0x83, 0xc4, 0x10, 0x85,
    0xc0, 0x78, 0x13, 0x8b, 0x45, 0xac, 0x83, 0xec, 0x0c, 0x50, 0xe8, 0x26,
    0x19, 0x00, 0x00, 0x83, 0xc4, 0x10, 0x85, 0xc0, 0x79, 0x1a, 0x83, 0xec,
    0x0c, 0x68, 0xe8, 0x37, 0x40, 0x00, 0xe8, 0x2b, 0xe5, 0xff, 0xff, 0x83,
    0xc4, 0x10, 0xb8, 0x01, 0x00, 0x00, 0x00, 0xe9, 0xa5, 0x00, 0x00, 0x00,
    0x83, 0xec, 0x04, 0x6a, 0x1f, 0x8d, 0x85, 0x78, 0xff, 0xff, 0xff, 0x50,
    0x68, 0x40, 0x3c, 0x40, 0x00, 0xe8, 0x90, 0x17, 0x00, 0x00, 0x83, 0xc4,
    0x10, 0xc6, 0x05, 0x5f, 0x3c, 0x40, 0x00, 0x00, 0x8b, 0x45, 0xac, 0xa3,
    0x64, 0x45, 0x40, 0x00, 0x8b, 0x45, 0xb0, 0xa3, 0x68, 0x45, 0x40, 0x00,
    0x83, 0xec, 0x04, 0x68, 0xff, 0x00, 0x00, 0x00, 0x8d, 0x85, 0x78, 0xff,
    0xff, 0xff, 0x83, 0xc0, 0x3c, 0x50, 0x68, 0x60, 0x3c, 0x40, 0x00, 0xe8,
    0x5a, 0x17, 0x00, 0x00, 0x83, 0xc4, 0x10, 0xc6, 0x05, 0x5f, 0x3d, 0x40,
    0x00, 0x00, 0x83, 0xec, 0x0c, 0x8d, 0x85, 0x78, 0xff, 0xff, 0xff, 0x83,
    0xc0, 0x3c, 0x50, 0xe8, 0x0b, 0x16, 0x00, 0x00, 0x83, 0xc4, 0x10, 0xe8,
    0x1e, 0xed, 0xff, 0xff, 0x83, 0xec, 0x0c, 0x68, 0x10, 0x38, 0x40, 0x00,
    0xe8, 0x73, 0xe4, 0xff, 0xff, 0x83, 0xc4, 0x10, 0x83, 0xec, 0x0c, 0x68,
    0x40, 0x3c, 0x40, 0x00, 0xe8, 0x63, 0xe4, 0xff, 0xff, 0x83, 0xc4, 0x10,
    0x83, 0xec, 0x0c, 0x68, 0x29, 0x35, 0x40, 0x00, 0xe8, 0x53, 0xe4, 0xff,
    0xff, 0x83, 0xc4, 0x10, 0xb8, 0x00, 0x00, 0x00, 0x00, 0xc9, 0xc3, 0x55,
    0x89, 0xe5, 0x81, 0xec, 0x28, 0x01, 0x00, 0x00, 0x8b, 0x45, 0x0c, 0x8b,
    0x00, 0x89, 0x45, 0xec, 0x83, 0xec, 0x08, 0x68, 0x7a, 0x35, 0x40, 0x00,
    0xff, 0x75, 0xec, 0xe8, 0x3b, 0x17, 0x00, 0x00, 0x83, 0xc4, 0x10, 0x85,
    0xc0, 0x75, 0x32, 0xe8, 0xe4, 0xed, 0xff, 0xff, 0x83, 0x7d, 0x08, 0x01,
    0x7e, 0x16, 0x8b, 0x45, 0x0c, 0x83, 0xc0, 0x04, 0x8b, 0x00, 0x83, 0xec,
    0x0c, 0x50, 0xe8, 0x85, 0x17, 0x00, 0x00, 0x83, 0xc4, 0x10, 0xeb, 0x05,
    0xb8, 0x00, 0x00, 0x00, 0x00, 0x83, 0xec, 0x0c, 0x50, 0xe8, 0x47, 0x15,
    0x00, 0x00, 0x83, 0xc4, 0x10, 0x83, 0xec, 0x08, 0x68, 0x97, 0x35, 0x40,
    0x00, 0xff, 0x75, 0xec, 0xe8, 0xf2, 0x16, 0x00, 0x00, 0x83, 0xc4, 0x10,
    0x85, 0xc0, 0x0f, 0x85, 0xc7, 0x00, 0x00, 0x00, 0x83, 0xec, 0x0c, 0x68,
    0x21, 0x38, 0x40, 0x00, 0xe8, 0xc7, 0xe3, 0xff, 0xff, 0x83, 0xc4, 0x10,
    0xa1, 0x64, 0x45, 0x40, 0x00, 0x83, 0xec, 0x0c, 0x50, 0xe8, 0xd2, 0xe4,
    0xff, 0xff, 0x83, 0xc4, 0x10, 0x83, 0xec, 0x0c, 0x68, 0x26, 0x38, 0x40,
    0x00, 0xe8, 0xa6, 0xe3, 0xff, 0xff, 0x83, 0xc4, 0x10, 0x83, 0xec, 0x0c,
    0x68, 0x40, 0x3c, 0x40, 0x00, 0xe8, 0x96, 0xe3, 0xff, 0xff, 0x83, 0xc4,
    0x10, 0x83, 0xec, 0x0c, 0x68, 0x28, 0x38, 0x40, 0x00, 0xe8, 0x86, 0xe3,
    0xff, 0xff, 0x83, 0xc4, 0x10, 0xa1, 0x68, 0x45, 0x40, 0x00, 0x83, 0xec,
    0x0c, 0x50, 0xe8, 0x91, 0xe4, 0xff, 0xff, 0x83, 0xc4, 0x10, 0x83, 0xec,
    0x0c, 0x68, 0x26, 0x38, 0x40, 0x00, 0xe8, 0x65, 0xe3, 0xff, 0xff, 0x83,
    0xc4, 0x10, 0xa1, 0x68, 0x45, 0x40, 0x00, 0x83, 0xec, 0x0c, 0x50, 0xe8,
    0xa3, 0xe8, 0xff, 0xff, 0x83, 0xc4, 0x10, 0x89, 0x45, 0xdc, 0x83, 0x7d,
    0xdc, 0x00, 0x74, 0x10, 0x83, 0xec, 0x0c, 0xff, 0x75, 0xdc, 0xe8, 0x3d,
    0xe3, 0xff, 0xff, 0x83, 0xc4, 0x10, 0xeb, 0x11, 0xa1, 0x68, 0x45, 0x40,
    0x00, 0x83, 0xec, 0x0c, 0x50, 0xe8, 0x46, 0xe4, 0xff, 0xff, 0x83, 0xc4,
    0x10, 0x83, 0xec, 0x0c, 0x68, 0x0e, 0x37, 0x40, 0x00, 0xe8, 0x1a, 0xe3,
    0xff, 0xff, 0x83, 0xc4, 0x10, 0xb8, 0x00, 0x00, 0x00, 0x00, 0xe9, 0x98,
    0x05, 0x00, 0x00, 0x83, 0xec, 0x08, 0x68, 0x9a, 0x35, 0x40, 0x00, 0xff,
    0x75, 0xec, 0xe8, 0x10, 0x16, 0x00, 0x00, 0x83, 0xc4, 0x10, 0x85, 0xc0,
    0x75, 0x2a, 0x83, 0xec, 0x0c, 0x68, 0x40, 0x3c, 0x40, 0x00, 0xe8, 0xe9,
    0xe2, 0xff, 0xff, 0x83, 0xc4, 0x10, 0x83, 0xec, 0x0c, 0x68, 0x29, 0x35,
    0x40, 0x00, 0xe8, 0xd9, 0xe2, 0xff, 0xff, 0x83, 0xc4, 0x10, 0xb8, 0x00,
    0x00, 0x00, 0x00, 0xe9, 0x57, 0x05, 0x00, 0x00, 0x83, 0xec, 0x08, 0x68,
    0xa1, 0x35, 0x40, 0x00, 0xff, 0x75, 0xec, 0xe8, 0xcf, 0x15, 0x00, 0x00,
    0x83, 0xc4, 0x10, 0x85, 0xc0, 0x75, 0x55, 0xa1, 0x68, 0x45, 0x40, 0x00,
    0x83, 0xec, 0x0c, 0x50, 0xe8, 0xf6, 0xe7, 0xff, 0xff, 0x83, 0xc4, 0x10,
    0x89, 0x45, 0xe0, 0x83, 0x7d, 0xe0, 0x00, 0x74, 0x10, 0x83, 0xec, 0x0c,
    0xff, 0x75, 0xe0, 0xe8, 0x90, 0xe2, 0xff, 0xff, 0x83, 0xc4, 0x10, 0xeb,
    0x11, 0xa1, 0x68, 0x45, 0x40, 0x00, 0x83, 0xec, 0x0c, 0x50, 0xe8, 0x99,
    0xe3, 0xff, 0xff, 0x83, 0xc4, 0x10, 0x83, 0xec, 0x0c, 0x68, 0x29, 0x35,
    0x40, 0x00, 0xe8, 0x6d, 0xe2, 0xff, 0xff, 0x83, 0xc4, 0x10, 0xb8, 0x00,
    0x00, 0x00, 0x00, 0xe9, 0xeb, 0x04, 0x00, 0x00, 0x83, 0xec, 0x08, 0x68,
    0xa8, 0x35, 0x40, 0x00, 0xff, 0x75, 0xec, 0xe8, 0x63, 0x15, 0x00, 0x00,
    0x83, 0xc4, 0x10, 0x85, 0xc0, 0x75, 0x16, 0x83, 0xec, 0x08, 0xff, 0x75,
    0x0c, 0xff, 0x75, 0x08, 0xe8, 0xc7, 0xf5, 0xff, 0xff, 0x83, 0xc4, 0x10,
    0xe9, 0xbe, 0x04, 0x00, 0x00, 0x83, 0xec, 0x08, 0x68, 0xb0, 0x35, 0x40,
    0x00, 0xff, 0x75, 0xec, 0xe8, 0x36, 0x15, 0x00, 0x00, 0x83, 0xc4, 0x10,
    0x85, 0xc0, 0x75, 0x16, 0x83, 0xec, 0x08, 0xff, 0x75, 0x0c, 0xff, 0x75,
    0x08, 0xe8, 0xb6, 0xf9, 0xff, 0xff, 0x83, 0xc4, 0x10, 0xe9, 0x91, 0x04,
    0x00, 0x00, 0x83, 0xec, 0x08, 0x68, 0xb7, 0x35, 0x40, 0x00, 0xff, 0x75,
    0xec, 0xe8, 0x09, 0x15, 0x00, 0x00, 0x83, 0xc4, 0x10, 0x85, 0xc0, 0x75,
    0x16, 0x83, 0xec, 0x08, 0xff, 0x75, 0x0c, 0xff, 0x75, 0x08, 0xe8, 0xd8,
    0xfb, 0xff, 0xff, 0x83, 0xc4, 0x10, 0xe9, 0x64, 0x04, 0x00, 0x00, 0x83,
    0xec, 0x08, 0x68, 0x8f, 0x35, 0x40, 0x00, 0xff, 0x75, 0xec, 0xe8, 0xdc,
    0x14, 0x00, 0x00, 0x83, 0xc4, 0x10, 0x85, 0xc0, 0x0f, 0x85, 0x57, 0x01,
    0x00, 0x00, 0x83, 0xec, 0x0c, 0x6a, 0x1d, 0xe8, 0x29, 0x12, 0x00, 0x00,
    0x83, 0xc4, 0x10, 0x89, 0x45, 0xe8, 0x83, 0x7d, 0xe8, 0x00, 0x7f, 0x1a,
    0x83, 0xec, 0x0c, 0x68, 0x2f, 0x38, 0x40, 0x00, 0xe8, 0xc9, 0xe1, 0xff,
    0xff, 0x83, 0xc4, 0x10, 0xb8, 0x01, 0x00, 0x00, 0x00, 0xe9, 0x19, 0x04,
    0x00, 0x00, 0x83, 0x7d, 0x08, 0x01, 0x7e, 0x19, 0x8b, 0x45, 0x0c, 0x83,
    0xc0, 0x04, 0x8b, 0x00, 0x83, 0xec, 0x0c, 0x50, 0xe8, 0xf7, 0x14, 0x00,
    0x00, 0x83, 0xc4, 0x10, 0x89, 0x45, 0xf4, 0xeb, 0x07, 0xc7, 0x45, 0xf4,
    0x00, 0x00, 0x00, 0x00, 0x83, 0x7d, 0xf4, 0x00, 0x78, 0x08, 0x8b, 0x45,
    0xf4, 0x3b, 0x45, 0xe8, 0x7c, 0x3c, 0x83, 0xec, 0x0c, 0x68, 0x4c, 0x38,
    0x40, 0x00, 0xe8, 0x4d, 0xe1, 0xff, 0xff, 0x83, 0xc4, 0x10, 0x8b, 0x45,
    0xe8, 0x83, 0xe8, 0x01, 0x83, 0xec, 0x0c, 0x50, 0xe8, 0x97, 0xe1, 0xff,
    0xff, 0x83, 0xc4, 0x10, 0x83, 0xec, 0x0c, 0x68, 0x0e, 0x37, 0x40, 0x00,
    0xe8, 0x2b, 0xe1, 0xff, 0xff, 0x83, 0xc4, 0x10, 0xb8, 0x01, 0x00, 0x00,
    0x00, 0xe9, 0xa9, 0x03, 0x00, 0x00, 0x83, 0xec, 0x0c, 0x68, 0x78, 0x38,
    0x40, 0x00, 0xe8, 0x11, 0xe1, 0xff, 0xff, 0x83, 0xc4, 0x10, 0x83, 0xec,
    0x0c, 0xff, 0x75, 0xf4, 0xe8, 0x5f, 0xe1, 0xff, 0xff, 0x83, 0xc4, 0x10,
    0x83, 0xec, 0x0c, 0x68, 0x8e, 0x38, 0x40, 0x00, 0xe8, 0xf3, 0xe0, 0xff,
    0xff, 0x83, 0xc4, 0x10, 0x83, 0xec, 0x0c, 0xff, 0x75, 0xe8, 0xe8, 0x41,
    0xe1, 0xff, 0xff, 0x83, 0xc4, 0x10, 0x83, 0xec, 0x0c, 0x68, 0x93, 0x38,
    0x40, 0x00, 0xe8, 0xd5, 0xe0, 0xff, 0xff, 0x83, 0xc4, 0x10, 0x83, 0xec,
    0x08, 0xff, 0x75, 0xf4, 0x6a, 0x1e, 0xe8, 0x3a, 0x11, 0x00, 0x00, 0x83,
    0xc4, 0x10, 0x89, 0x45, 0xe4, 0x83, 0x7d, 0xe4, 0x00, 0x75, 0x1a, 0x83,
    0xec, 0x0c, 0x68, 0xa8, 0x38, 0x40, 0x00, 0xe8, 0xac, 0xe0, 0xff, 0xff,
    0x83, 0xc4, 0x10, 0xb8, 0x00, 0x00, 0x00, 0x00, 0xe9, 0x2a, 0x03, 0x00,
    0x00, 0x83, 0xec, 0x0c, 0x68, 0xdd, 0x38, 0x40, 0x00, 0xe8, 0xc0, 0xe0,
    0xff, 0xff, 0x83, 0xc4, 0x10, 0x83, 0xec, 0x0c, 0xff, 0x75, 0xe4, 0xe8,
    0xe0, 0xe0, 0xff, 0xff, 0x83, 0xc4, 0x10, 0x83, 0xec, 0x0c, 0x68, 0x0e,
    0x37, 0x40, 0x00, 0xe8, 0xa2, 0xe0, 0xff, 0xff, 0x83, 0xc4, 0x10, 0xb8,
    0x01, 0x00, 0x00, 0x00, 0xe9, 0xf2, 0x02, 0x00, 0x00, 0x83, 0xec, 0x08,
    0x68, 0x7f, 0x35, 0x40, 0x00, 0xff, 0x75, 0xec, 0xe8, 0x6a, 0x13, 0x00,
    0x00, 0x83, 0xc4, 0x10, 0x85, 0xc0, 0x75, 0x7a, 0x83, 0xec, 0x0c, 0x68,
    0xf8, 0x38, 0x40, 0x00, 0xe8, 0x43, 0xe0, 0xff, 0xff, 0x83, 0xc4, 0x10,
    0x83, 0xec, 0x0c, 0x68, 0x38, 0x39, 0x40, 0x00, 0xe8, 0x33, 0xe0, 0xff,
    0xff, 0x83, 0xc4, 0x10, 0x83, 0xec, 0x0c, 0x68, 0x6b, 0x39, 0x40, 0x00,
    0xe8, 0x23, 0xe0, 0xff, 0xff, 0x83, 0xc4, 0x10, 0x83, 0xec, 0x0c, 0x68,
    0x40, 0x3b, 0x40, 0x00, 0xe8, 0x13, 0xe0, 0xff, 0xff, 0x83, 0xc4, 0x10,
    0x83, 0xec, 0x0c, 0x68, 0x74, 0x39, 0x40, 0x00, 0xe8, 0x03, 0xe0, 0xff,
    0xff, 0x83, 0xc4, 0x10, 0x83, 0xec, 0x0c, 0x68, 0xa4, 0x39, 0x40, 0x00,
    0xe8, 0xf3, 0xdf, 0xff, 0xff, 0x83, 0xc4, 0x10, 0x83, 0xec, 0x0c, 0x68,
    0xe0, 0x39, 0x40, 0x00, 0xe8, 0xe3, 0xdf, 0xff, 0xff, 0x83, 0xc4, 0x10,
    0xb8, 0x00, 0x00, 0x00, 0x00, 0xe9, 0x61, 0x02, 0x00, 0x00, 0x83, 0xec,
    0x08, 0x68, 0x6a, 0x35, 0x40, 0x00, 0xff, 0x75, 0xec, 0xe8, 0xd9, 0x12,
    0x00, 0x00, 0x83, 0xc4, 0x10, 0x85, 0xc0, 0x75, 0x4e, 0x83, 0x7d, 0x08,
    0x01, 0x7e, 0x0b, 0x8b, 0x45, 0x0c, 0x8b, 0x40, 0x04, 0x89, 0x45, 0xf0,
    0xeb, 0x07, 0xc7, 0x45, 0xf0, 0x60, 0x3c, 0x40, 0x00, 0x83, 0xec, 0x0c,
    0xff, 0x75, 0xf0, 0xe8, 0x1f, 0x11, 0x00, 0x00, 0x83, 0xc4, 0x10, 0x85,
    0xc0, 0x79, 0x1a, 0x83, 0xec, 0x0c, 0x68, 0x13, 0x3a, 0x40, 0x00, 0xe8,
    0xb6, 0xdf, 0xff, 0xff, 0x83, 0xc4, 0x10, 0xb8, 0x01, 0x00, 0x00, 0x00,
    0xe9, 0x06, 0x02, 0x00, 0x00, 0xb8, 0x00, 0x00, 0x00, 0x00, 0xe9, 0xfc,
    0x01, 0x00, 0x00, 0x83, 0xec, 0x08, 0x68, 0x6d, 0x35, 0x40, 0x00, 0xff,
    0x75, 0xec, 0xe8, 0x74, 0x12, 0x00, 0x00, 0x83, 0xc4, 0x10, 0x85, 0xc0,
    0x0f, 0x85, 0xa9, 0x00, 0x00, 0x00, 0x83, 0x7d, 0x08, 0x01, 0x7f, 0x3a,
    0x83, 0xec, 0x0c, 0x68, 0x6b, 0x39, 0x40, 0x00, 0xe8, 0x43, 0xdf, 0xff,
    0xff, 0x83, 0xc4, 0x10, 0x83, 0xec, 0x0c, 0x68, 0x40, 0x3b, 0x40, 0x00,
    0xe8, 0x33, 0xdf, 0xff, 0xff, 0x83, 0xc4, 0x10, 0x83, 0xec, 0x0c, 0x68,
    0x29, 0x35, 0x40, 0x00, 0xe8, 0x23, 0xdf, 0xff, 0xff, 0x83, 0xc4, 0x10,
    0xb8, 0x00, 0x00, 0x00, 0x00, 0xe9, 0xa1, 0x01, 0x00, 0x00, 0x8b, 0x45,
    0x0c, 0x83, 0xc0, 0x04, 0x8b, 0x00, 0x83, 0xec, 0x08, 0x68, 0x6b, 0x39,
    0x40, 0x00, 0x50, 0xe8, 0x2d, 0xed, 0xff, 0xff, 0x83, 0xc4, 0x10, 0x85,
    0xc0, 0x74, 0x32, 0x8b, 0x45, 0x0c, 0x83, 0xc0, 0x04, 0x8b, 0x00, 0x83,
    0xc0, 0x05, 0x83, 0xec, 0x04, 0x68, 0xff, 0x00, 0x00, 0x00, 0x50, 0x68,
    0x40, 0x3b, 0x40, 0x00, 0xe8, 0x91, 0x11, 0x00, 0x00, 0x83, 0xc4, 0x10,
    0xc6, 0x05, 0x3f, 0x3c, 0x40, 0x00, 0x00, 0xb8, 0x00, 0x00, 0x00, 0x00,
    0xe9, 0x52, 0x01, 0x00, 0x00, 0x83, 0xec, 0x0c, 0x68, 0x2a, 0x3a, 0x40,
    0x00, 0xe8, 0xe8, 0xde, 0xff, 0xff, 0x83, 0xc4, 0x10, 0xb8, 0x01, 0x00,
    0x00, 0x00, 0xe9, 0x38, 0x01, 0x00, 0x00, 0x83, 0xec, 0x08, 0x68, 0x74,
    0x35, 0x40, 0x00, 0xff, 0x75, 0xec, 0xe8, 0xb0, 0x11, 0x00, 0x00, 0x83,
    0xc4, 0x10, 0x85, 0xc0, 0x75, 0x3e, 0x83, 0x7d, 0x08, 0x01, 0x7e, 0x2e,
    0x8b, 0x45, 0x0c, 0x83, 0xc0, 0x04, 0x8b, 0x00, 0x83, 0xec, 0x08, 0x68,
    0x47, 0x3a, 0x40, 0x00, 0x50, 0xe8, 0x8d, 0x11, 0x00, 0x00, 0x83, 0xc4,
    0x10, 0x85, 0xc0, 0x75, 0x11, 0xc6, 0x05, 0x40, 0x3b, 0x40, 0x00, 0x00,
    0xb8, 0x00, 0x00, 0x00, 0x00, 0xe9, 0xed, 0x00, 0x00, 0x00, 0xb8, 0x01,
    0x00, 0x00, 0x00, 0xe9, 0xe3, 0x00, 0x00, 0x00, 0x83, 0xec, 0x08, 0x68,
    0x84, 0x35, 0x40, 0x00, 0xff, 0x75, 0xec, 0xe8, 0x5b, 0x11, 0x00, 0x00,
    0x83, 0xc4, 0x10, 0x85, 0xc0, 0x74, 0x1b, 0x83, 0xec, 0x08, 0x68, 0x89,
    0x35, 0x40, 0x00, 0xff, 0x75, 0xec, 0xe8, 0x44, 0x11, 0x00, 0x00, 0x83,
    0xc4, 0x10, 0x85, 0xc0, 0x0f, 0x85, 0xac, 0x00, 0x00, 0x00, 0x83, 0x7d,
    0x08, 0x01, 0x7f, 0x1a, 0x83, 0xec, 0x0c, 0x68, 0x4c, 0x3a, 0x40, 0x00,
    0xe8, 0x41, 0xde, 0xff, 0xff, 0x83, 0xc4, 0x10, 0xb8, 0x01, 0x00, 0x00,
    0x00, 0xe9, 0x91, 0x00, 0x00, 0x00, 0x8b, 0x45, 0x0c, 0x83, 0xc0, 0x04,
    0x8b, 0x00, 0x83, 0xec, 0x0c, 0x50, 0xe8, 0xb4, 0xee, 0xff, 0xff, 0x83,
    0xc4, 0x10, 0x85, 0xc0, 0x74, 0x2b, 0x8b, 0x45, 0x0c, 0x83, 0xc0, 0x04,
    0x8b, 0x00, 0x83, 0xec, 0x0c, 0x50, 0xe8, 0xdd, 0xdd, 0xff, 0xff, 0x83,
    0xc4, 0x10, 0x83, 0xec, 0x0c, 0x68, 0x60, 0x3a, 0x40, 0x00, 0xe8, 0xcd,
    0xdd, 0xff, 0xff, 0x83, 0xc4, 0x10, 0xb8, 0x00, 0x00, 0x00, 0x00, 0xeb,
    0x4e, 0x8b, 0x45, 0x0c, 0x83, 0xc0, 0x04, 0x8b, 0x00, 0x83, 0xec, 0x04,
    0x68, 0x00, 0x01, 0x00, 0x00, 0x8d, 0x95, 0xdc, 0xfe, 0xff, 0xff, 0x52,
    0x50, 0xe8, 0x22, 0xed, 0xff, 0xff, 0x83, 0xc4, 0x10, 0x83, 0xec, 0x0c,
    0x8d, 0x85, 0xdc, 0xfe, 0xff, 0xff, 0x50, 0xe8, 0x94, 0xdd, 0xff, 0xff,
    0x83, 0xc4, 0x10, 0x83, 0xec, 0x0c, 0x68, 0x29, 0x35, 0x40, 0x00, 0xe8,
    0x84, 0xdd, 0xff, 0xff, 0x83, 0xc4, 0x10, 0xb8, 0x00, 0x00, 0x00, 0x00,
    0xeb, 0x05, 0xb8, 0x7f, 0x00, 0x00, 0x00, 0xc9, 0xc3, 0x55, 0x89, 0xe5,
    0x83, 0xec, 0x28, 0xc7, 0x45, 0xf4, 0x00, 0x00, 0x00, 0x00, 0xc7, 0x45,
    0xf0, 0x00, 0x00, 0x00, 0x00, 0xe9, 0xf3, 0x01, 0x00, 0x00, 0x8b, 0x45,
    0xf0, 0x8d, 0x14, 0x85, 0x00, 0x00, 0x00, 0x00, 0x8b, 0x45, 0x0c, 0x01,
    0xd0, 0x8b, 0x00, 0x89, 0x45, 0xe0, 0xc7, 0x45, 0xec, 0x00, 0x00, 0x00,
    0x00, 0xc7, 0x45, 0xe8, 0x00, 0x00, 0x00, 0x00, 0x8b, 0x45, 0xe0, 0x0f,
    0xb6, 0x00, 0x3c, 0x3e, 0x75, 0x35, 0x8b, 0x45, 0xe0, 0x83, 0xc0, 0x01,
    0x0f, 0xb6, 0x00, 0x3c, 0x3e, 0x75, 0x28, 0xc7, 0x45, 0xec, 0x02, 0x00,
    0x00, 0x00, 0x8b, 0x45, 0xe0, 0x83, 0xc0, 0x02, 0x0f, 0xb6, 0x00, 0x84,
    0xc0, 0x74, 0x0b, 0x8b, 0x45, 0xe0, 0x83, 0xc0, 0x02, 0x89, 0x45, 0xe8,
    0xeb, 0x6b, 0xc7, 0x45, 0xe8, 0x00, 0x00, 0x00, 0x00, 0xeb, 0x62, 0x8b,
    0x45, 0xe0, 0x0f, 0xb6, 0x00, 0x3c, 0x3e, 0x75, 0x28, 0xc7, 0x45, 0xec,
    0x01, 0x00, 0x00, 0x00, 0x8b, 0x45, 0xe0, 0x83, 0xc0, 0x01, 0x0f, 0xb6,
    0x00, 0x84, 0xc0, 0x74, 0x0b, 0x8b, 0x45, 0xe0, 0x83, 0xc0, 0x01, 0x89,
    0x45, 0xe8, 0xeb, 0x39, 0xc7, 0x45, 0xe8, 0x00, 0x00, 0x00, 0x00, 0xeb,
    0x30, 0x8b, 0x45, 0xe0, 0x0f, 0xb6, 0x00, 0x3c, 0x3c, 0x75, 0x26, 0xc7,
    0x45, 0xec, 0x03, 0x00, 0x00, 0x00, 0x8b, 0x45, 0xe0, 0x83, 0xc0, 0x01,
    0x0f, 0xb6, 0x00, 0x84, 0xc0, 0x74, 0x0b, 0x8b, 0x45, 0xe0, 0x83, 0xc0,
    0x01, 0x89, 0x45, 0xe8, 0xeb, 0x07, 0xc7, 0x45, 0xe8, 0x00, 0x00, 0x00,
    0x00, 0x83, 0x7d, 0xec, 0x00, 0x75, 0x2e, 0x8b, 0x45, 0xf0, 0x8d, 0x14,
    0x85, 0x00, 0x00, 0x00, 0x00, 0x8b, 0x45, 0x0c, 0x8d, 0x0c, 0x02, 0x8b,
    0x45, 0xf4, 0x8d, 0x50, 0x01, 0x89, 0x55, 0xf4, 0x8d, 0x14, 0x85, 0x00,
    0x00, 0x00, 0x00, 0x8b, 0x45, 0x0c, 0x01, 0xc2, 0x8b, 0x01, 0x89, 0x02,
    0xe9, 0xf8, 0x00, 0x00, 0x00, 0x83, 0x7d, 0xe8, 0x00, 0x75, 0x41, 0x8b,
    0x45, 0xf0, 0x8d, 0x50, 0x01, 0x8b, 0x45, 0x08, 0x8b, 0x00, 0x39, 0xc2,
    0x7c, 0x1a, 0x83, 0xec, 0x0c, 0x68, 0x78, 0x3a, 0x40, 0x00, 0xe8, 0x6f,
    0xdc, 0xff, 0xff, 0x83, 0xc4, 0x10, 0xb8, 0xff, 0xff, 0xff, 0xff, 0xe9,
    0xfd, 0x00, 0x00, 0x00, 0x83, 0x45, 0xf0, 0x01, 0x8b, 0x45, 0xf0, 0x8d,
    0x14, 0x85, 0x00, 0x00, 0x00, 0x00, 0x8b, 0x45, 0x0c, 0x01, 0xd0, 0x8b,
    0x00, 0x89, 0x45, 0xe8, 0x83, 0x7d, 0xec, 0x03, 0x75, 0x15, 0x83, 0xec,
    0x08, 0x6a, 0x00, 0xff, 0x75, 0xe8, 0xe8, 0x2b, 0x0d, 0x00, 0x00, 0x83,
    0xc4, 0x10, 0x89, 0x45, 0xe4, 0xeb, 0x34, 0x83, 0x7d, 0xec, 0x02, 0x75,
    0x18, 0x83, 0xec, 0x08, 0x68, 0x41, 0x04, 0x00, 0x00, 0xff, 0x75, 0xe8,
    0xe8, 0x0d, 0x0d, 0x00, 0x00, 0x83, 0xc4, 0x10, 0x89, 0x45, 0xe4, 0xeb,
    0x16, 0x83, 0xec, 0x08, 0x68, 0x41, 0x02, 0x00, 0x00, 0xff, 0x75, 0xe8,
    0xe8, 0xf5, 0x0c, 0x00, 0x00, 0x83, 0xc4, 0x10, 0x89, 0x45, 0xe4, 0x83,
    0x7d, 0xe4, 0x00, 0x79, 0x35, 0x83, 0xec, 0x0c, 0x68, 0x9d, 0x3a, 0x40,
    0x00, 0xe8, 0xe8, 0xdb, 0xff, 0xff, 0x83, 0xc4, 0x10, 0x83, 0xec, 0x0c,
    0xff, 0x75, 0xe8, 0xe8, 0xda, 0xdb, 0xff, 0xff, 0x83, 0xc4, 0x10, 0x83,
    0xec, 0x0c, 0x68, 0x29, 0x35, 0x40, 0x00, 0xe8, 0xca, 0xdb, 0xff, 0xff,
    0x83, 0xc4, 0x10, 0xb8, 0xff, 0xff, 0xff, 0xff, 0xeb, 0x5b, 0x83, 0x7d,
    0xec, 0x03, 0x0f, 0x95, 0xc0, 0x0f, 0xb6, 0xc0, 0x83, 0xec, 0x08, 0x50,
    0xff, 0x75, 0xe4, 0xe8, 0x78, 0x0d, 0x00, 0x00, 0x83, 0xc4, 0x10, 0x83,
    0xec, 0x0c, 0xff, 0x75, 0xe4, 0xe8, 0xab, 0x0c, 0x00, 0x00, 0x83, 0xc4,
    0x10, 0x83, 0x45, 0xf0, 0x01, 0x8b, 0x45, 0x08, 0x8b, 0x00, 0x39, 0x45,
    0xf0, 0x0f, 0x8c, 0xff, 0xfd, 0xff, 0xff, 0x8b, 0x45, 0xf4, 0x8d, 0x14,
    0x85, 0x00, 0x00, 0x00, 0x00, 0x8b, 0x45, 0x0c, 0x01, 0xd0, 0xc7, 0x00,
    0x00, 0x00, 0x00, 0x00, 0x8b, 0x45, 0x08, 0x8b, 0x55, 0xf4, 0x89, 0x10,
    0xb8, 0x00, 0x00, 0x00, 0x00, 0xc9, 0xc3, 0x55, 0x89, 0xe5, 0x81, 0xec,
    0x58, 0x01, 0x00, 0x00, 0x8b, 0x45, 0x0c, 0x8b, 0x00, 0x83, 0xec, 0x04,
    0x68, 0x00, 0x01, 0x00, 0x00, 0x8d, 0x95, 0xf4, 0xfe, 0xff, 0xff, 0x52,
    0x50, 0xe8, 0x8e, 0xea, 0xff, 0xff, 0x83, 0xc4, 0x10, 0x8d, 0x85, 0xf4,
    0xfe, 0xff, 0xff, 0x89, 0x85, 0xb4, 0xfe, 0xff, 0xff, 0xc7, 0x45, 0xf4,
    0x01, 0x00, 0x00, 0x00, 0xeb, 0x1f, 0x8b, 0x45, 0xf4, 0x8d, 0x14, 0x85,
    0x00, 0x00, 0x00, 0x00, 0x8b, 0x45, 0x0c, 0x01, 0xd0, 0x8b, 0x10, 0x8b,
    0x45, 0xf4, 0x89, 0x94, 0x85, 0xb4, 0xfe, 0xff, 0xff, 0x83, 0x45, 0xf4,
    0x01, 0x8b, 0x45, 0xf4, 0x3b, 0x45, 0x08, 0x7d, 0x06, 0x83, 0x7d, 0xf4,
    0x0e, 0x7e, 0xd3, 0x8b, 0x45, 0x08, 0xba, 0x0f, 0x00, 0x00, 0x00, 0x39,
    0xd0, 0x0f, 0x4f, 0xc2, 0xc7, 0x84, 0x85, 0xb4, 0xfe, 0xff, 0xff, 0x00,
    0x00, 0x00, 0x00, 0x83, 0xec, 0x04, 0x6a, 0x00, 0x8d, 0x85, 0xb4, 0xfe,
    0xff, 0xff, 0x50, 0x8d, 0x85, 0xf4, 0xfe, 0xff, 0xff, 0x50, 0xe8, 0x66,
    0x0c, 0x00, 0x00, 0x83, 0xc4, 0x10, 0x83, 0xec, 0x0c, 0x68, 0xb0, 0x3a,
    0x40, 0x00, 0xe8, 0xbb, 0xda, 0xff, 0xff, 0x83, 0xc4, 0x10, 0x8b, 0x45,
    0x0c, 0x8b, 0x00, 0x83, 0xec, 0x0c, 0x50, 0xe8, 0xaa, 0xda, 0xff, 0xff,
    0x83, 0xc4, 0x10, 0x83, 0xec, 0x0c, 0x68, 0x29, 0x35, 0x40, 0x00, 0xe8,
    0x9a, 0xda, 0xff, 0xff, 0x83, 0xc4, 0x10, 0xb8, 0x7f, 0x00, 0x00, 0x00,
    0xc9, 0xc3, 0x55, 0x89, 0xe5, 0x81, 0xec, 0x28, 0x08, 0x00, 0x00, 0x83,
    0xec, 0x08, 0x6a, 0x00, 0x68, 0xca, 0x3a, 0x40, 0x00, 0xe8, 0x6c, 0x0b,
    0x00, 0x00, 0x83, 0xc4, 0x10, 0x89, 0x45, 0xe8, 0x83, 0x7d, 0xe8, 0x00,
    0x0f, 0x88, 0x5f, 0x01, 0x00, 0x00, 0x83, 0xec, 0x04, 0x68, 0xff, 0x07,
    0x00, 0x00, 0x8d, 0x85, 0xe0, 0xf7, 0xff, 0xff, 0x50, 0xff, 0x75, 0xe8,
    0xe8, 0x2a, 0x0b, 0x00, 0x00, 0x83, 0xc4, 0x10, 0x89, 0x45, 0xe4, 0x83,
    0xec, 0x0c, 0xff, 0x75, 0xe8, 0xe8, 0x4f, 0x0b, 0x00, 0x00, 0x83, 0xc4,
    0x10, 0x83, 0x7d, 0xe4, 0x00, 0x0f, 0x8e, 0x2d, 0x01, 0x00, 0x00, 0x8d,
    0x95, 0xe0, 0xf7, 0xff, 0xff, 0x8b, 0x45, 0xe4, 0x01, 0xd0, 0xc6, 0x00,
    0x00, 0xc7, 0x05, 0x60, 0x45, 0x40, 0x00, 0x00, 0x00, 0x00, 0x00, 0xc7,
    0x45, 0xf4, 0x00, 0x00, 0x00, 0x00, 0xc7, 0x45, 0xf0, 0x00, 0x00, 0x00,
    0x00, 0xe9, 0xf1, 0x00, 0x00, 0x00, 0x8d, 0x95, 0xe0, 0xf7, 0xff, 0xff,
    0x8b, 0x45, 0xf0, 0x01, 0xd0, 0x0f, 0xb6, 0x00, 0x3c, 0x0a, 0x74, 0x16,
    0x8d, 0x95, 0xe0, 0xf7, 0xff, 0xff, 0x8b, 0x45, 0xf0, 0x01, 0xd0, 0x0f,
    0xb6, 0x00, 0x84, 0xc0, 0x0f, 0x85, 0xc5, 0x00, 0x00, 0x00, 0x8b, 0x45,
    0xf0, 0x2b, 0x45, 0xf4, 0x89, 0x45, 0xe0, 0x83, 0x7d, 0xe0, 0x00, 0x0f,
    0x8e, 0xa9, 0x00, 0x00, 0x00, 0x83, 0x7d, 0xe0, 0x7f, 0x0f, 0x8f, 0x9f,
    0x00, 0x00, 0x00, 0x8d, 0x95, 0xe0, 0xf7, 0xff, 0xff, 0x8b, 0x45, 0xf0,
    0x01, 0xd0, 0xc6, 0x00, 0x00, 0xa1, 0x60, 0x45, 0x40, 0x00, 0x83, 0xf8,
    0x0f, 0x7f, 0x31, 0x8b, 0x45, 0xf4, 0x8d, 0x95, 0xe0, 0xf7, 0xff, 0xff,
    0x8d, 0x0c, 0x02, 0xa1, 0x60, 0x45, 0x40, 0x00, 0x8d, 0x50, 0x01, 0x89,
    0x15, 0x60, 0x45, 0x40, 0x00, 0xc1, 0xe0, 0x07, 0x05, 0x60, 0x3d, 0x40,
    0x00, 0x83, 0xec, 0x08, 0x51, 0x50, 0xe8, 0xd7, 0x0b, 0x00, 0x00, 0x83,
    0xc4, 0x10, 0xeb, 0x56, 0xc7, 0x45, 0xec, 0x01, 0x00, 0x00, 0x00, 0xeb,
    0x2b, 0x8b, 0x45, 0xec, 0xc1, 0xe0, 0x07, 0x8d, 0x90, 0x60, 0x3d, 0x40,
    0x00, 0x8b, 0x45, 0xec, 0x83, 0xe8, 0x01, 0xc1, 0xe0, 0x07, 0x05, 0x60,
    0x3d, 0x40, 0x00, 0x83, 0xec, 0x08, 0x52, 0x50, 0xe8, 0xa5, 0x0b, 0x00,
    0x00, 0x83, 0xc4, 0x10, 0x83, 0x45, 0xec, 0x01, 0x83, 0x7d, 0xec, 0x0f,
    0x7e, 0xcf, 0x8b, 0x45, 0xf4, 0x8d, 0x95, 0xe0, 0xf7, 0xff, 0xff, 0x01,
    0xd0, 0x83, 0xec, 0x08, 0x50, 0x68, 0xe0, 0x44, 0x40, 0x00, 0xe8, 0x7f,
    0x0b, 0x00, 0x00, 0x83, 0xc4, 0x10, 0x8b, 0x45, 0xf0, 0x83, 0xc0, 0x01,
    0x89, 0x45, 0xf4, 0x83, 0x45, 0xf0, 0x01, 0x8b, 0x45, 0xf0, 0x3b, 0x45,
    0xe4, 0x0f, 0x8e, 0x03, 0xff, 0xff, 0xff, 0xeb, 0x04, 0x90, 0xeb, 0x01,
    0x90, 0xc9, 0xc3, 0x55, 0x89, 0xe5, 0x83, 0xec, 0x18, 0x83, 0xec, 0x08,
    0x68, 0x41, 0x02, 0x00, 0x00, 0x68, 0xca, 0x3a, 0x40, 0x00, 0xe8, 0xdf,
    0x09, 0x00, 0x00, 0x83, 0xc4, 0x10, 0x89, 0x45, 0xf0, 0x83, 0x7d, 0xf0,
    0x00, 0x78, 0x6f, 0xc7, 0x45, 0xf4, 0x00, 0x00, 0x00, 0x00, 0xeb, 0x4c,
    0x8b, 0x45, 0xf4, 0xc1, 0xe0, 0x07, 0x05, 0x60, 0x3d, 0x40, 0x00, 0x83,
    0xec, 0x0c, 0x50, 0xe8, 0xf3, 0x0a, 0x00, 0x00, 0x83, 0xc4, 0x10, 0x8b,
    0x55, 0xf4, 0xc1, 0xe2, 0x07, 0x81, 0xc2, 0x60, 0x3d, 0x40, 0x00, 0x83,
    0xec, 0x04, 0x50, 0x52, 0xff, 0x75, 0xf0, 0xe8, 0x64, 0x09, 0x00, 0x00,
    0x83, 0xc4, 0x10, 0x83, 0xec, 0x04, 0x6a, 0x01, 0x68, 0x29, 0x35, 0x40,
    0x00, 0xff, 0x75, 0xf0, 0xe8, 0x4f, 0x09, 0x00, 0x00, 0x83, 0xc4, 0x10,
    0x83, 0x45, 0xf4, 0x01, 0xa1, 0x60, 0x45, 0x40, 0x00, 0x39, 0x45, 0xf4,
    0x7c, 0xaa, 0x83, 0xec, 0x0c, 0xff, 0x75, 0xf0, 0xe8, 0x84, 0x09, 0x00,
    0x00, 0x83, 0xc4, 0x10, 0xeb, 0x01, 0x90, 0xc9, 0xc3, 0x55, 0x89, 0xe5,
    0x83, 0xec, 0x18, 0x8b, 0x45, 0x08, 0x0f, 0xb6, 0x00, 0x84, 0xc0, 0x0f,
    0x84, 0xb5, 0x00, 0x00, 0x00, 0xa1, 0x60, 0x45, 0x40, 0x00, 0x85, 0xc0,
    0x7e, 0x27, 0xa1, 0x60, 0x45, 0x40, 0x00, 0x83, 0xe8, 0x01, 0xc1, 0xe0,
    0x07, 0x05, 0x60, 0x3d, 0x40, 0x00, 0x83, 0xec, 0x08, 0xff, 0x75, 0x08,
    0x50, 0xe8, 0x19, 0x0b, 0x00, 0x00, 0x83, 0xc4, 0x10, 0x85, 0xc0, 0x0f,
    0x84, 0x88, 0x00, 0x00, 0x00, 0xa1, 0x60, 0x45, 0x40, 0x00, 0x83, 0xf8,
    0x0f, 0x7f, 0x27, 0xa1, 0x60, 0x45, 0x40, 0x00, 0x8d, 0x50, 0x01, 0x89,
    0x15, 0x60, 0x45, 0x40, 0x00, 0xc1, 0xe0, 0x07, 0x05, 0x60, 0x3d, 0x40,
    0x00, 0x83, 0xec, 0x08, 0xff, 0x75, 0x08, 0x50, 0xe8, 0x55, 0x0a, 0x00,
    0x00, 0x83, 0xc4, 0x10, 0xeb, 0x4d, 0xc7, 0x45, 0xf4, 0x01, 0x00, 0x00,
    0x00, 0xeb, 0x2b, 0x8b, 0x45, 0xf4, 0xc1, 0xe0, 0x07, 0x8d, 0x90, 0x60,
    0x3d, 0x40, 0x00, 0x8b, 0x45, 0xf4, 0x83, 0xe8, 0x01, 0xc1, 0xe0, 0x07,
    0x05, 0x60, 0x3d, 0x40, 0x00, 0x83, 0xec, 0x08, 0x52, 0x50, 0xe8, 0x23,
    0x0a, 0x00, 0x00, 0x83, 0xc4, 0x10, 0x83, 0x45, 0xf4, 0x01, 0x83, 0x7d,
    0xf4, 0x0f, 0x7e, 0xcf, 0x83, 0xec, 0x08, 0xff, 0x75, 0x08, 0x68, 0xe0,
    0x44, 0x40, 0x00, 0xe8, 0x06, 0x0a, 0x00, 0x00, 0x83, 0xc4, 0x10, 0xe8,
    0xa3, 0xfe, 0xff, 0xff, 0xeb, 0x04, 0x90, 0xeb, 0x01, 0x90, 0xc9, 0xc3,
    0x55, 0x89, 0xe5, 0x83, 0xec, 0x18, 0xc7, 0x45, 0xf4, 0x00, 0x00, 0x00,
    0x00, 0xeb, 0x14, 0x83, 0xec, 0x0c, 0x68, 0xdd, 0x3a, 0x40, 0x00, 0xe8,
    0x54, 0xd7, 0xff, 0xff, 0x83, 0xc4, 0x10, 0x83, 0x45, 0xf4, 0x01, 0x8b,
    0x45, 0xf4, 0x3b, 0x45, 0x08, 0x7c, 0xe4, 0x90, 0x90, 0xc9, 0xc3, 0x55,
    0x89, 0xe5, 0x83, 0xec, 0x18, 0x8b, 0x45, 0x0c, 0x3b, 0x45, 0x10, 0x7e,
    0x1f, 0x8b, 0x45, 0x0c, 0x2b, 0x45, 0x10, 0x89, 0xc1, 0x8b, 0x55, 0x10,
    0x8b, 0x45, 0x08, 0x01, 0xd0, 0x83, 0xec, 0x04, 0x51, 0x50, 0x6a, 0x01,
    0xe8, 0x03, 0x08, 0x00, 0x00, 0x83, 0xc4, 0x10, 0x83, 0xec, 0x0c, 0x68,
    0xe1, 0x3a, 0x40, 0x00, 0xe8, 0x07, 0xd7, 0xff, 0xff, 0x83, 0xc4, 0x10,
    0x8b, 0x45, 0x0c, 0x83, 0xc0, 0x01, 0x89, 0x45, 0xf4, 0xeb, 0x14, 0x83,
    0xec, 0x0c, 0x68, 0xe3, 0x3a, 0x40, 0x00, 0xe8, 0xec, 0xd6, 0xff, 0xff,
    0x83, 0xc4, 0x10, 0x83, 0x6d, 0xf4, 0x01, 0x8b, 0x45, 0xf4, 0x3b, 0x45,
    0x14, 0x7f, 0xe4, 0x90, 0x90, 0xc9, 0xc3, 0x55, 0x89, 0xe5, 0x81, 0xec,
    0xa8, 0x00, 0x00, 0x00, 0xc7, 0x45, 0xf4, 0x00, 0x00, 0x00, 0x00, 0xc7,
    0x45, 0xf0, 0x00, 0x00, 0x00, 0x00, 0xa1, 0x60, 0x45, 0x40, 0x00, 0x89,
    0x45, 0xec, 0xc6, 0x85, 0x5c, 0xff, 0xff, 0xff, 0x00, 0x8b, 0x45, 0x08,
    0xc6, 0x00, 0x00, 0xc6, 0x85, 0x5b, 0xff, 0xff, 0xff, 0x00, 0x83, 0xec,
    0x04, 0x6a, 0x01, 0x8d, 0x85, 0x5b, 0xff, 0xff, 0xff, 0x50, 0x6a, 0x00,
    0xe8, 0x9a, 0x07, 0x00, 0x00, 0x83, 0xc4, 0x10, 0x85, 0xc0, 0x7f, 0x0a,
    0xb8, 0xff, 0xff, 0xff, 0xff, 0xe9, 0x4b, 0x04, 0x00, 0x00, 0x0f, 0xb6,
    0x85, 0x5b, 0xff, 0xff, 0xff, 0x88, 0x85, 0x5a, 0xff, 0xff, 0xff, 0x0f,
    0xb6, 0x85, 0x5a, 0xff, 0xff, 0xff, 0x3c, 0x03, 0x75, 0x20, 0x83, 0xec,
    0x0c, 0x68, 0x2b, 0x35, 0x40, 0x00, 0xe8, 0x5d, 0xd6, 0xff, 0xff, 0x83,
    0xc4, 0x10, 0x8b, 0x45, 0x08, 0xc6, 0x00, 0x00, 0xb8, 0x00, 0x00, 0x00,
    0x00, 0xe9, 0x13, 0x04, 0x00, 0x00, 0x0f, 0xb6, 0x85, 0x5a, 0xff, 0xff,
    0xff, 0x3c, 0x0a, 0x75, 0x23, 0x83, 0xec, 0x0c, 0x68, 0x29, 0x35, 0x40,
    0x00, 0xe8, 0x32, 0xd6, 0xff, 0xff, 0x83, 0xc4, 0x10, 0x8b, 0x55, 0xf4,
    0x8b, 0x45, 0x08, 0x01, 0xd0, 0xc6, 0x00, 0x00, 0x8b, 0x45, 0xf4, 0xe9,
    0xe5, 0x03, 0x00, 0x00, 0x0f, 0xb6, 0x85, 0x5a, 0xff, 0xff, 0xff, 0x3c,
    0x83, 0x74, 0x0f, 0x0f, 0xb6, 0x85, 0x5a, 0xff, 0xff, 0xff, 0x3c, 0x84,
    0x0f, 0x85, 0x05, 0x01, 0x00, 0x00, 0xa1, 0x60, 0x45, 0x40, 0x00, 0x85,
    0xc0, 0x0f, 0x84, 0x9a, 0x03, 0x00, 0x00, 0x0f, 0xb6, 0x85, 0x5a, 0xff,
    0xff, 0xff, 0x3c, 0x83, 0x75, 0x2b, 0xa1, 0x60, 0x45, 0x40, 0x00, 0x39,
    0x45, 0xec, 0x75, 0x15, 0x83, 0xec, 0x08, 0xff, 0x75, 0x08, 0x8d, 0x85,
    0x5c, 0xff, 0xff, 0xff, 0x50, 0xe8, 0x54, 0x08, 0x00, 0x00, 0x83, 0xc4,
    0x10, 0x83, 0x7d, 0xec, 0x00, 0x7e, 0x32, 0x83, 0x6d, 0xec, 0x01, 0xeb,
    0x2c, 0xa1, 0x60, 0x45, 0x40, 0x00, 0x39, 0x45, 0xec, 0x7d, 0x22, 0x83,
    0x45, 0xec, 0x01, 0xeb, 0x1c, 0x8b, 0x55, 0xf0, 0x8b, 0x45, 0x08, 0x01,
    0xd0, 0x83, 0xec, 0x04, 0x6a, 0x01, 0x50, 0x6a, 0x01, 0xe8, 0x86, 0x06,
    0x00, 0x00, 0x83, 0xc4, 0x10, 0x83, 0x45, 0xf0, 0x01, 0x8b, 0x45, 0xf0,
    0x3b, 0x45, 0xf4, 0x7c, 0xdc, 0x83, 0xec, 0x0c, 0xff, 0x75, 0xf4, 0xe8,
    0x10, 0xfe, 0xff, 0xff, 0x83, 0xc4, 0x10, 0x0f, 0xb6, 0x85, 0x5a, 0xff,
    0xff, 0xff, 0x3c, 0x84, 0x75, 0x21, 0xa1, 0x60, 0x45, 0x40, 0x00, 0x39,
    0x45, 0xec, 0x7c, 0x17, 0x83, 0xec, 0x08, 0x8d, 0x85, 0x5c, 0xff, 0xff,
    0xff, 0x50, 0xff, 0x75, 0x08, 0xe8, 0xdc, 0x07, 0x00, 0x00, 0x83, 0xc4,
    0x10, 0xeb, 0x1a, 0x8b, 0x45, 0xec, 0xc1, 0xe0, 0x07, 0x05, 0x60, 0x3d,
    0x40, 0x00, 0x83, 0xec, 0x08, 0x50, 0xff, 0x75, 0x08, 0xe8, 0xc0, 0x07,
    0x00, 0x00, 0x83, 0xc4, 0x10, 0x83, 0xec, 0x0c, 0xff, 0x75, 0x08, 0xe8,
    0x8b, 0x07, 0x00, 0x00, 0x83, 0xc4, 0x10, 0x89, 0x45, 0xf4, 0x8b, 0x45,
    0xf4, 0x89, 0x45, 0xf0, 0x83, 0x7d, 0xf4, 0x00, 0x0f, 0x84, 0xc1, 0x02,
    0x00, 0x00, 0x8b, 0x45, 0xf4, 0x83, 0xec, 0x04, 0x50, 0xff, 0x75, 0x08,
    0x6a, 0x01, 0xe8, 0xf1, 0x05, 0x00, 0x00, 0x83, 0xc4, 0x10, 0xe9, 0xa8,
    0x02, 0x00, 0x00, 0x0f, 0xb6, 0x85, 0x5a, 0xff, 0xff, 0xff, 0x3c, 0x81,
    0x75, 0x23, 0x83, 0x7d, 0xf0, 0x00, 0x0f, 0x8e, 0x99, 0x02, 0x00, 0x00,
    0x83, 0x6d, 0xf0, 0x01, 0x83, 0xec, 0x0c, 0x68, 0xe3, 0x3a, 0x40, 0x00,
    0xe8, 0xd7, 0xd4, 0xff, 0xff, 0x83, 0xc4, 0x10, 0xe9, 0x80, 0x02, 0x00,
    0x00, 0x0f, 0xb6, 0x85, 0x5a, 0xff, 0xff, 0xff, 0x3c, 0x82, 0x75, 0x2d,
    0x8b, 0x45, 0xf0, 0x3b, 0x45, 0xf4, 0x0f, 0x8d, 0x6f, 0x02, 0x00, 0x00,
    0x8b, 0x55, 0xf0, 0x8b, 0x45, 0x08, 0x01, 0xd0, 0x83, 0xec, 0x04, 0x6a,
    0x01, 0x50, 0x6a, 0x01, 0xe8, 0x8f, 0x05, 0x00, 0x00, 0x83, 0xc4, 0x10,
    0x83, 0x45, 0xf0, 0x01, 0xe9, 0x4e, 0x02, 0x00, 0x00, 0x0f, 0xb6, 0x85,
    0x5a, 0xff, 0xff, 0xff, 0x3c, 0x85, 0x75, 0x21, 0xeb, 0x14, 0x83, 0x6d,
    0xf0, 0x01, 0x83, 0xec, 0x0c, 0x68, 0xe3, 0x3a, 0x40, 0x00, 0xe8, 0x79,
    0xd4, 0xff, 0xff, 0x83, 0xc4, 0x10, 0x83, 0x7d, 0xf0, 0x00, 0x7f, 0xe6,
    0xe9, 0x2f, 0x02, 0x00, 0x00, 0x0f, 0xb6, 0x85, 0x5a, 0xff, 0xff, 0xff,
    0x3c, 0x86, 0x75, 0x2b, 0xeb, 0x1c, 0x8b, 0x55, 0xf0, 0x8b, 0x45, 0x08,
    0x01, 0xd0, 0x83, 0xec, 0x04, 0x6a, 0x01, 0x50, 0x6a, 0x01, 0xe8, 0x35,
    0x05, 0x00, 0x00, 0x83, 0xc4, 0x10, 0x83, 0x45, 0xf0, 0x01, 0x8b, 0x45,
    0xf0, 0x3b, 0x45, 0xf4, 0x7c, 0xdc, 0xe9, 0xf9, 0x01, 0x00, 0x00, 0x0f,
    0xb6, 0x85, 0x5a, 0xff, 0xff, 0xff, 0x3c, 0x08, 0x75, 0x78, 0x83, 0x7d,
    0xf0, 0x00, 0x0f, 0x8e, 0xdd, 0x01, 0x00, 0x00, 0x8b, 0x45, 0xf0, 0x83,
    0xe8, 0x01, 0x89, 0x45, 0xe8, 0xeb, 0x1c, 0x8b, 0x45, 0xe8, 0x8d, 0x50,
    0x01, 0x8b, 0x45, 0x08, 0x01, 0xd0, 0x8b, 0x4d, 0xe8, 0x8b, 0x55, 0x08,
    0x01, 0xca, 0x0f, 0xb6, 0x00, 0x88, 0x02, 0x83, 0x45, 0xe8, 0x01, 0x8b,
    0x45, 0xf4, 0x83, 0xe8, 0x01, 0x39, 0x45, 0xe8, 0x7c, 0xd9, 0x83, 0x6d,
    0xf4, 0x01, 0x83, 0x6d, 0xf0, 0x01, 0x8b, 0x55, 0xf4, 0x8b, 0x45, 0x08,
    0x01, 0xd0, 0xc6, 0x00, 0x00, 0x83, 0xec, 0x0c, 0x68, 0xe3, 0x3a, 0x40,
    0x00, 0xe8, 0xce, 0xd3, 0xff, 0xff, 0x83, 0xc4, 0x10, 0xff, 0x75, 0xf0,
    0xff, 0x75, 0xf0, 0xff, 0x75, 0xf4, 0xff, 0x75, 0x08, 0xe8, 0x79, 0xfc,
    0xff, 0xff, 0x83, 0xc4, 0x10, 0xe9, 0x6f, 0x01, 0x00, 0x00, 0x0f, 0xb6,
    0x85, 0x5a, 0xff, 0xff, 0xff, 0x3c, 0x87, 0x75, 0x63, 0x8b, 0x45, 0xf0,
    0x3b, 0x45, 0xf4, 0x0f, 0x8d, 0x5e, 0x01, 0x00, 0x00, 0x8b, 0x45, 0xf0,
    0x89, 0x45, 0xe4, 0xeb, 0x1c, 0x8b, 0x45, 0xe4, 0x8d, 0x50, 0x01, 0x8b,
    0x45, 0x08, 0x01, 0xd0, 0x8b, 0x4d, 0xe4, 0x8b, 0x55, 0x08, 0x01, 0xca,
    0x0f, 0xb6, 0x00, 0x88, 0x02, 0x83, 0x45, 0xe4, 0x01, 0x8b, 0x45, 0xf4,
    0x83, 0xe8, 0x01, 0x39, 0x45, 0xe4, 0x7c, 0xd9, 0x83, 0x6d, 0xf4, 0x01,
    0x8b, 0x55, 0xf4, 0x8b, 0x45, 0x08, 0x01, 0xd0, 0xc6, 0x00, 0x00, 0xff,
    0x75, 0xf0, 0xff, 0x75, 0xf0, 0xff, 0x75, 0xf4, 0xff, 0x75, 0x08, 0xe8,
    0x0b, 0xfc, 0xff, 0xff, 0x83, 0xc4, 0x10, 0xe9, 0x07, 0x01, 0x00, 0x00,
    0x0f, 0xb6, 0x85, 0x5a, 0xff, 0xff, 0xff, 0x3c, 0x1f, 0x0f, 0x86, 0x88,
    0xfc, 0xff, 0xff, 0x0f, 0xb6, 0x85, 0x5a, 0xff, 0xff, 0xff, 0x3c, 0x7e,
    0x0f, 0x87, 0x79, 0xfc, 0xff, 0xff, 0x8b, 0x45, 0x0c, 0x83, 0xe8, 0x01,
    0x39, 0x45, 0xf4, 0x0f, 0x8d, 0x6a, 0xfc, 0xff, 0xff, 0x8b, 0x45, 0xf4,
    0x89, 0x45, 0xe0, 0xeb, 0x1c, 0x8b, 0x45, 0xe0, 0x8d, 0x50, 0xff, 0x8b,
    0x45, 0x08, 0x01, 0xd0, 0x8b, 0x4d, 0xe0, 0x8b, 0x55, 0x08, 0x01, 0xca,
    0x0f, 0xb6, 0x00, 0x88, 0x02, 0x83, 0x6d, 0xe0, 0x01, 0x8b, 0x45, 0xe0,
    0x3b, 0x45, 0xf0, 0x7f, 0xdc, 0x0f, 0xb6, 0x8d, 0x5a, 0xff, 0xff, 0xff,
    0x8b, 0x55, 0xf0, 0x8b, 0x45, 0x08, 0x01, 0xd0, 0x89, 0xca, 0x88, 0x10,
    0x83, 0x45, 0xf4, 0x01, 0x8b, 0x55, 0xf4, 0x8b, 0x45, 0x08, 0x01, 0xd0,
    0xc6, 0x00, 0x00, 0x83, 0xec, 0x04, 0x6a, 0x01, 0x8d, 0x85, 0x5a, 0xff,
    0xff, 0xff, 0x50, 0x6a, 0x01, 0xe8, 0xa2, 0x03, 0x00, 0x00, 0x83, 0xc4,
    0x10, 0x83, 0x45, 0xf0, 0x01, 0x8b, 0x45, 0xf0, 0x3b, 0x45, 0xf4, 0x0f,
    0x8d, 0xf6, 0xfb, 0xff, 0xff, 0x8b, 0x45, 0xf4, 0x2b, 0x45, 0xf0, 0x89,
    0xc1, 0x8b, 0x55, 0xf0, 0x8b, 0x45, 0x08, 0x01, 0xd0, 0x83, 0xec, 0x04,
    0x51, 0x50, 0x6a, 0x01, 0xe8, 0x73, 0x03, 0x00, 0x00, 0x83, 0xc4, 0x10,
    0x8b, 0x45, 0xf4, 0x89, 0x45, 0xdc, 0xeb, 0x14, 0x83, 0xec, 0x0c, 0x68,
    0xe3, 0x3a, 0x40, 0x00, 0xe8, 0x6f, 0xd2, 0xff, 0xff, 0x83, 0xc4, 0x10,
    0x83, 0x6d, 0xdc, 0x01, 0x8b, 0x45, 0xdc, 0x3b, 0x45, 0xf0, 0x7f, 0xe4,
    0xe9, 0xae, 0xfb, 0xff, 0xff, 0x90, 0xe9, 0xa8, 0xfb, 0xff, 0xff, 0x90,
    0xe9, 0xa2, 0xfb, 0xff, 0xff, 0x90, 0xe9, 0x9c, 0xfb, 0xff, 0xff, 0x90,
    0xe9, 0x96, 0xfb, 0xff, 0xff, 0x90, 0xe9, 0x90, 0xfb, 0xff, 0xff, 0x90,
    0xe9, 0x8a, 0xfb, 0xff, 0xff, 0xc9, 0xc3, 0x8d, 0x4c, 0x24, 0x04, 0x83,
    0xe4, 0xf0, 0xff, 0x71, 0xfc, 0x55, 0x89, 0xe5, 0x51, 0x81, 0xec, 0xd4,
    0x01, 0x00, 0x00, 0xe8, 0xfd, 0xdb, 0xff, 0xff, 0x85, 0xc0, 0x74, 0x07,
    0xe8, 0xd2, 0xdc, 0xff, 0xff, 0xeb, 0x13, 0xe8, 0x9d, 0xde, 0xff, 0xff,
    0x85, 0xc0, 0x79, 0x0a, 0xb8, 0x00, 0x00, 0x00, 0x00, 0xe9, 0x6b, 0x02,
    0x00, 0x00, 0xc7, 0x45, 0xf0, 0x00, 0x90, 0x00, 0x00, 0x8b, 0x45, 0xf0,
    0x8b, 0x00, 0x85, 0xc0, 0x75, 0x39, 0x83, 0xec, 0x0c, 0x68, 0xe5, 0x3a,
    0x40, 0x00, 0xe8, 0xe1, 0xd1, 0xff, 0xff, 0x83, 0xc4, 0x10, 0x83, 0xec,
    0x0c, 0x68, 0x40, 0x3b, 0x40, 0x00, 0xe8, 0xd1, 0xd1, 0xff, 0xff, 0x83,
    0xc4, 0x10, 0x83, 0xec, 0x0c, 0x68, 0xf8, 0x3a, 0x40, 0x00, 0xe8, 0xc1,
    0xd1, 0xff, 0xff, 0x83, 0xc4, 0x10, 0x8b, 0x45, 0xf0, 0xc7, 0x00, 0x01,
    0x00, 0x00, 0x00, 0xe8, 0x4e, 0xf7, 0xff, 0xff, 0x83, 0xec, 0x0c, 0x68,
    0x40, 0x3c, 0x40, 0x00, 0xe8, 0xa3, 0xd1, 0xff, 0xff, 0x83, 0xc4, 0x10,
    0x83, 0xec, 0x0c, 0x68, 0x06, 0x3b, 0x40, 0x00, 0xe8, 0x93, 0xd1, 0xff,
    0xff, 0x83, 0xc4, 0x10, 0x83, 0xec, 0x08, 0x68, 0x00, 0x01, 0x00, 0x00,
    0x8d, 0x85, 0x6c, 0xfe, 0xff, 0xff, 0x50, 0xe8, 0x17, 0x03, 0x00, 0x00,
    0x83, 0xc4, 0x10, 0x85, 0xc0, 0x74, 0x34, 0x83, 0xec, 0x08, 0x68, 0x60,
    0x3c, 0x40, 0x00, 0x8d, 0x85, 0x6c, 0xfe, 0xff, 0xff, 0x50, 0xe8, 0x74,
    0x04, 0x00, 0x00, 0x83, 0xc4, 0x10, 0x85, 0xc0, 0x74, 0x08, 0x8d, 0x85,
    0x6c, 0xfe, 0xff, 0xff, 0xeb, 0x05, 0xb8, 0x0c, 0x3b, 0x40, 0x00, 0x83,
    0xec, 0x0c, 0x50, 0xe8, 0x44, 0xd1, 0xff, 0xff, 0x83, 0xc4, 0x10, 0x83,
    0xec, 0x0c, 0x68, 0x0e, 0x3b, 0x40, 0x00, 0xe8, 0x34, 0xd1, 0xff, 0xff,
    0x83, 0xc4, 0x10, 0x83, 0xec, 0x08, 0x68, 0x80, 0x00, 0x00, 0x00, 0x8d,
    0x85, 0x70, 0xff, 0xff, 0xff, 0x50, 0xe8, 0x44, 0xfa, 0xff, 0xff, 0x83,
    0xc4, 0x10, 0x85, 0xc0, 0x0f, 0x88, 0x5f, 0x01, 0x00, 0x00, 0x0f, 0xb6,
    0x85, 0x70, 0xff, 0xff, 0xff, 0x84, 0xc0, 0x0f, 0x84, 0x58, 0x01, 0x00,
    0x00, 0x83, 0xec, 0x0c, 0x8d, 0x85, 0x70, 0xff, 0xff, 0xff, 0x50, 0xe8,
    0xb5, 0xf8, 0xff, 0xff, 0x83, 0xc4, 0x10, 0xc7, 0x85, 0x6c, 0xff, 0xff,
    0xff, 0x00, 0x00, 0x00, 0x00, 0x8d, 0x85, 0x70, 0xff, 0xff, 0xff, 0x89,
    0x45, 0xf4, 0xeb, 0x75, 0x83, 0x45, 0xf4, 0x01, 0x8b, 0x45, 0xf4, 0x0f,
    0xb6, 0x00, 0x3c, 0x20, 0x74, 0xf2, 0x8b, 0x45, 0xf4, 0x0f, 0xb6, 0x00,
    0x3c, 0x09, 0x74, 0xe8, 0x8b, 0x45, 0xf4, 0x0f, 0xb6, 0x00, 0x84, 0xc0,
    0x74, 0x6e, 0x8b, 0x85, 0x6c, 0xff, 0xff, 0xff, 0x8d, 0x50, 0x01, 0x89,
    0x95, 0x6c, 0xff, 0xff, 0xff, 0x8b, 0x55, 0xf4, 0x89, 0x94, 0x85, 0x2c,
    0xfe, 0xff, 0xff, 0xeb, 0x04, 0x83, 0x45, 0xf4, 0x01, 0x8b, 0x45, 0xf4,
    0x0f, 0xb6, 0x00, 0x84, 0xc0, 0x74, 0x14, 0x8b, 0x45, 0xf4, 0x0f, 0xb6,
    0x00, 0x3c, 0x20, 0x74, 0x0a, 0x8b, 0x45, 0xf4, 0x0f, 0xb6, 0x00, 0x3c,
    0x09, 0x75, 0xde, 0x8b, 0x45, 0xf4, 0x0f, 0xb6, 0x00, 0x84, 0xc0, 0x74,
    0x0c, 0x8b, 0x45, 0xf4, 0x8d, 0x50, 0x01, 0x89, 0x55, 0xf4, 0xc6, 0x00,
    0x00, 0x8b, 0x45, 0xf4, 0x0f, 0xb6, 0x00, 0x84, 0xc0, 0x74, 0x12, 0x8b,
    0x85, 0x6c, 0xff, 0xff, 0xff, 0x83, 0xf8, 0x0e, 0x0f, 0x8e, 0x76, 0xff,
    0xff, 0xff, 0xeb, 0x01, 0x90, 0x8b, 0x85, 0x6c, 0xff, 0xff, 0xff, 0xc7,
    0x84, 0x85, 0x2c, 0xfe, 0xff, 0xff, 0x00, 0x00, 0x00, 0x00, 0x8b, 0x85,
    0x6c, 0xff, 0xff, 0xff, 0x85, 0xc0, 0x0f, 0x84, 0x87, 0x00, 0x00, 0x00,
    0x83, 0xec, 0x08, 0x8d, 0x85, 0x2c, 0xfe, 0xff, 0xff, 0x50, 0x8d, 0x85,
    0x6c, 0xff, 0xff, 0xff, 0x50, 0xe8, 0xa3, 0xf2, 0xff, 0xff, 0x83, 0xc4,
    0x10, 0x85, 0xc0, 0x78, 0x70, 0x8b, 0x85, 0x6c, 0xff, 0xff, 0xff, 0x85,
    0xc0, 0x74, 0x6c, 0x8b, 0x85, 0x2c, 0xfe, 0xff, 0xff, 0x83, 0xec, 0x0c,
    0x50, 0xe8, 0xb5, 0xe0, 0xff, 0xff, 0x83, 0xc4, 0x10, 0x85, 0xc0, 0x74,
    0x1e, 0x8b, 0x85, 0x6c, 0xff, 0xff, 0xff, 0x83, 0xec, 0x08, 0x8d, 0x95,
    0x2c, 0xfe, 0xff, 0xff, 0x52, 0x50, 0xe8, 0x90, 0xeb, 0xff, 0xff, 0x83,
    0xc4, 0x10, 0xe9, 0x21, 0xfe, 0xff, 0xff, 0x8b, 0x85, 0x6c, 0xff, 0xff,
    0xff, 0x83, 0xec, 0x08, 0x8d, 0x95, 0x2c, 0xfe, 0xff, 0xff, 0x52, 0x50,
    0xe8, 0x86, 0xf4, 0xff, 0xff, 0x83, 0xc4, 0x10, 0xe9, 0x03, 0xfe, 0xff,
    0xff, 0x90, 0xb8, 0x00, 0x00, 0x00, 0x00, 0xeb, 0x18, 0x90, 0xe9, 0xf5,
    0xfd, 0xff, 0xff, 0x90, 0xe9, 0xef, 0xfd, 0xff, 0xff, 0x90, 0xe9, 0xe9,
    0xfd, 0xff, 0xff, 0x90, 0xe9, 0xe3, 0xfd, 0xff, 0xff, 0x8b, 0x4d, 0xfc,
    0xc9, 0x8d, 0x61, 0xfc, 0xc3, 0x55, 0x89, 0xe5, 0x57, 0x56, 0x53, 0x83,
    0xec, 0x20, 0x8d, 0x45, 0x0c, 0x89, 0x45, 0xd8, 0x8b, 0x45, 0xd8, 0x8d,
    0x50, 0x04, 0x89, 0x55, 0xd8, 0x8b, 0x00, 0x89, 0x45, 0xf0, 0x8b, 0x45,
    0xd8, 0x8d, 0x50, 0x04, 0x89, 0x55, 0xd8, 0x8b, 0x00, 0x89, 0x45, 0xec,
    0x8b, 0x45, 0xd8, 0x8d, 0x50, 0x04, 0x89, 0x55, 0xd8, 0x8b, 0x00, 0x89,
    0x45, 0xe8, 0x8b, 0x45, 0xd8, 0x8d, 0x50, 0x04, 0x89, 0x55, 0xd8, 0x8b,
    0x00, 0x89, 0x45, 0xe4, 0x8b, 0x45, 0xd8, 0x8d, 0x50, 0x04, 0x89, 0x55,
    0xd8, 0x8b, 0x00, 0x89, 0x45, 0xe0, 0x8b, 0x45, 0x08, 0x8b, 0x5d, 0xf0,
    0x8b, 0x4d, 0xec, 0x8b, 0x55, 0xe8, 0x8b, 0x75, 0xe4, 0x8b, 0x7d, 0xe0,
    0xcd, 0x80, 0x89, 0x45, 0xdc, 0x8b, 0x45, 0xdc, 0x83, 0xc4, 0x20, 0x5b,
    0x5e, 0x5f, 0x5d, 0xc3, 0x55, 0x89, 0xe5, 0x83, 0xec, 0x08, 0xff, 0x75,
    0x10, 0xff, 0x75, 0x0c, 0xff, 0x75, 0x08, 0x6a, 0x01, 0xe8, 0x73, 0xff,
    0xff, 0xff, 0x83, 0xc4, 0x10, 0xc9, 0xc3, 0x55, 0x89, 0xe5, 0x83, 0xec,
    0x08, 0xff, 0x75, 0x10, 0xff, 0x75, 0x0c, 0xff, 0x75, 0x08, 0x6a, 0x00,
    0xe8, 0x58, 0xff, 0xff, 0xff, 0x83, 0xc4, 0x10, 0xc9, 0xc3, 0x55, 0x89,
    0xe5, 0x83, 0xec, 0x08, 0x83, 0xec, 0x04, 0xff, 0x75, 0x0c, 0xff, 0x75,
    0x08, 0x6a, 0x02, 0xe8, 0x3d, 0xff, 0xff, 0xff, 0x83, 0xc4, 0x10, 0xc9,
    0xc3, 0x55, 0x89, 0xe5, 0x83, 0xec, 0x08, 0x83, 0xec, 0x08, 0xff, 0x75,
    0x08, 0x6a, 0x03, 0xe8, 0x25, 0xff, 0xff, 0xff, 0x83, 0xc4, 0x10, 0xc9,
    0xc3, 0x55, 0x89, 0xe5, 0x83, 0xec, 0x08, 0x83, 0xec, 0x08, 0xff, 0x75,
    0x08, 0x6a, 0x04, 0xe8, 0x0d, 0xff, 0xff, 0xff, 0x83, 0xc4, 0x10, 0x90,
    0xc9, 0xc3, 0x55, 0x89, 0xe5, 0x83, 0xec, 0x08, 0x83, 0xec, 0x0c, 0x6a,
    0x0e, 0xe8, 0xf7, 0xfe, 0xff, 0xff, 0x83, 0xc4, 0x10, 0xc9, 0xc3, 0x55,
    0x89, 0xe5, 0x83, 0xec, 0x08, 0x83, 0xec, 0x08, 0xff, 0x75, 0x08, 0x6a,
    0x0a, 0xe8, 0xdf, 0xfe, 0xff, 0xff, 0x83, 0xc4, 0x10, 0xc9, 0xc3, 0x55,
    0x89, 0xe5, 0x83, 0xec, 0x18, 0x83, 0xec, 0x04, 0xff, 0x75, 0x0c, 0xff,
    0x75, 0x08, 0x6a, 0x0b, 0xe8, 0xc4, 0xfe, 0xff, 0xff, 0x83, 0xc4, 0x10,
    0x89, 0x45, 0xf4, 0x83, 0x7d, 0xf4, 0x00, 0x79, 0x07, 0xb8, 0x00, 0x00,
    0x00, 0x00, 0xeb, 0x03, 0x8b, 0x45, 0x08, 0xc9, 0xc3, 0x55, 0x89, 0xe5,
    0x83, 0xec, 0x08, 0xff, 0x75, 0x10, 0xff, 0x75, 0x0c, 0xff, 0x75, 0x08,
    0x6a, 0x0d, 0xe8, 0x96, 0xfe, 0xff, 0xff, 0x83, 0xc4, 0x10, 0xc9, 0xc3,
    0x55, 0x89, 0xe5, 0x83, 0xec, 0x08, 0x83, 0xec, 0x08, 0xff, 0x75, 0x08,
    0x6a, 0x16, 0xe8, 0x7e, 0xfe, 0xff, 0xff, 0x83, 0xc4, 0x10, 0xc9, 0xc3,
    0x55, 0x89, 0xe5, 0x83, 0xec, 0x08, 0x83, 0xec, 0x04, 0xff, 0x75, 0x0c,
    0xff, 0x75, 0x08, 0x6a, 0x17, 0xe8, 0x63, 0xfe, 0xff, 0xff, 0x83, 0xc4,
    0x10, 0xc9, 0xc3, 0x55, 0x89, 0xe5, 0x83, 0xec, 0x08, 0x83, 0xec, 0x08,
    0xff, 0x75, 0x08, 0x6a, 0x10, 0xe8, 0x4b, 0xfe, 0xff, 0xff, 0x83, 0xc4,
    0x10, 0xc9, 0xc3, 0x55, 0x89, 0xe5, 0x83, 0xec, 0x08, 0x83, 0xec, 0x08,
    0xff, 0x75, 0x08, 0x6a, 0x11, 0xe8, 0x33, 0xfe, 0xff, 0xff, 0x83, 0xc4,
    0x10, 0xc9, 0xc3, 0x55, 0x89, 0xe5, 0x83, 0xec, 0x08, 0x83, 0xec, 0x08,
    0xff, 0x75, 0x08, 0x6a, 0x12, 0xe8, 0x1b, 0xfe, 0xff, 0xff, 0x83, 0xc4,
    0x10, 0xc9, 0xc3, 0x55, 0x89, 0xe5, 0x83, 0xec, 0x10, 0xc7, 0x45, 0xfc,
    0x00, 0x00, 0x00, 0x00, 0xeb, 0x04, 0x83, 0x45, 0xfc, 0x01, 0x8b, 0x55,
    0x08, 0x8b, 0x45, 0xfc, 0x01, 0xd0, 0x0f, 0xb6, 0x00, 0x84, 0xc0, 0x75,
    0xed, 0x8b, 0x45, 0xfc, 0xc9, 0xc3, 0x55, 0x89, 0xe5, 0x83, 0xec, 0x10,
    0x8b, 0x45, 0x08, 0x89, 0x45, 0xfc, 0x90, 0x8b, 0x55, 0x0c, 0x8d, 0x42,
    0x01, 0x89, 0x45, 0x0c, 0x8b, 0x45, 0xfc, 0x8d, 0x48, 0x01, 0x89, 0x4d,
    0xfc, 0x0f, 0xb6, 0x12, 0x88, 0x10, 0x0f, 0xb6, 0x00, 0x84, 0xc0, 0x75,
    0xe2, 0x8b, 0x45, 0x08, 0xc9, 0xc3, 0x55, 0x89, 0xe5, 0x83, 0xec, 0x10,
    0xc7, 0x45, 0xfc, 0x00, 0x00, 0x00, 0x00, 0xeb, 0x19, 0x8b, 0x55, 0x0c,
    0x8b, 0x45, 0xfc, 0x01, 0xd0, 0x8b, 0x4d, 0x08, 0x8b, 0x55, 0xfc, 0x01,
    0xca, 0x0f, 0xb6, 0x00, 0x88, 0x02, 0x83, 0x45, 0xfc, 0x01, 0x8b, 0x45,
    0xfc, 0x3b, 0x45, 0x10, 0x73, 0x20, 0x8b, 0x55, 0x0c, 0x8b, 0x45, 0xfc,
    0x01, 0xd0, 0x0f, 0xb6, 0x00, 0x84, 0xc0, 0x75, 0xd0, 0xeb, 0x0f, 0x8b,
    0x55, 0x08, 0x8b, 0x45, 0xfc, 0x01, 0xd0, 0xc6, 0x00, 0x00, 0x83, 0x45,
    0xfc, 0x01, 0x8b, 0x45, 0xfc, 0x3b, 0x45, 0x10, 0x72, 0xe9, 0x8b, 0x45,
    0x08, 0xc9, 0xc3, 0x55, 0x89, 0xe5, 0xeb, 0x08, 0x83, 0x45, 0x08, 0x01,
    0x83, 0x45, 0x0c, 0x01, 0x8b, 0x45, 0x08, 0x0f, 0xb6, 0x00, 0x84, 0xc0,
    0x74, 0x10, 0x8b, 0x45, 0x08, 0x0f, 0xb6, 0x10, 0x8b, 0x45, 0x0c, 0x0f,
    0xb6, 0x00, 0x38, 0xc2, 0x74, 0xde, 0x8b, 0x45, 0x08, 0x0f, 0xb6, 0x00,
    0x0f, 0xb6, 0xd0, 0x8b, 0x45, 0x0c, 0x0f, 0xb6, 0x00, 0x0f, 0xb6, 0xc0,
    0x29, 0xc2, 0x89, 0xd0, 0x5d, 0xc3, 0x55, 0x89, 0xe5, 0x83, 0xec, 0x10,
    0x8b, 0x45, 0x08, 0x89, 0x45, 0xfc, 0xeb, 0x0e, 0x8b, 0x45, 0xfc, 0x8d,
    0x50, 0x01, 0x89, 0x55, 0xfc, 0x8b, 0x55, 0x0c, 0x88, 0x10, 0x8b, 0x45,
    0x10, 0x8d, 0x50, 0xff, 0x89, 0x55, 0x10, 0x85, 0xc0, 0x75, 0xe5, 0x8b,
    0x45, 0x08, 0xc9, 0xc3, 0x55, 0x89, 0xe5, 0x83, 0xec, 0x10, 0xc7, 0x45,
    0xfc, 0x00, 0x00, 0x00, 0x00, 0xc7, 0x45, 0xf8, 0x01, 0x00, 0x00, 0x00,
    0xeb, 0x04, 0x83, 0x45, 0x08, 0x01, 0x8b, 0x45, 0x08, 0x0f, 0xb6, 0x00,
    0x3c, 0x20, 0x74, 0xf2, 0x8b, 0x45, 0x08, 0x0f, 0xb6, 0x00, 0x3c, 0x09,
    0x74, 0xe8, 0x8b, 0x45, 0x08, 0x0f, 0xb6, 0x00, 0x3c, 0x2d, 0x75, 0x0d,
    0xc7, 0x45, 0xf8, 0xff, 0xff, 0xff, 0xff, 0x83, 0x45, 0x08, 0x01, 0xeb,
    0x33, 0x8b, 0x45, 0x08, 0x0f, 0xb6, 0x00, 0x3c, 0x2b, 0x75, 0x29, 0x83,
    0x45, 0x08, 0x01, 0xeb, 0x23, 0x8b, 0x55, 0xfc, 0x89, 0xd0, 0xc1, 0xe0,
    0x02, 0x01, 0xd0, 0x01, 0xc0, 0x89, 0xc2, 0x8b, 0x45, 0x08, 0x0f, 0xb6,
    0x00, 0x0f, 0xbe, 0xc0, 0x83, 0xe8, 0x30, 0x01, 0xd0, 0x89, 0x45, 0xfc,
    0x83, 0x45, 0x08, 0x01, 0x8b, 0x45, 0x08, 0x0f, 0xb6, 0x00, 0x3c, 0x2f,
    0x7e, 0x0a, 0x8b, 0x45, 0x08, 0x0f, 0xb6, 0x00, 0x3c, 0x39, 0x7e, 0xc9,
    0x8b, 0x45, 0xf8, 0x0f, 0xaf, 0x45, 0xfc, 0xc9, 0xc3, 0x55, 0x89, 0xe5,
    0x83, 0xec, 0x08, 0x83, 0xec, 0x08, 0xff, 0x75, 0x08, 0x6a, 0x1f, 0xe8,
    0x4d, 0xfc, 0xff, 0xff, 0x83, 0xc4, 0x10, 0xc9, 0xc3, 0x55, 0x89, 0xe5,
    0x83, 0xec, 0x08, 0x83, 0xec, 0x08, 0xff, 0x75, 0x08, 0x6a, 0x20, 0xe8,
    0x35, 0xfc, 0xff, 0xff, 0x83, 0xc4, 0x10, 0xc9, 0xc3, 0x55, 0x89, 0xe5,
    0x83, 0xec, 0x08, 0x83, 0xec, 0x04, 0xff, 0x75, 0x0c, 0xff, 0x75, 0x08,
    0x6a, 0x21, 0xe8, 0x1a, 0xfc, 0xff, 0xff, 0x83, 0xc4, 0x10, 0xc9, 0xc3,
    0x55, 0x89, 0xe5, 0x83, 0xec, 0x08, 0xff, 0x75, 0x10, 0xff, 0x75, 0x0c,
    0xff, 0x75, 0x08, 0x6a, 0x22, 0xe8, 0xff, 0xfb, 0xff, 0xff, 0x83, 0xc4,
    0x10, 0xc9, 0xc3, 0x00, 0x2d, 0x00, 0x2f, 0x65, 0x74, 0x63, 0x2f, 0x70,
    0x61, 0x73, 0x73, 0x77, 0x64, 0x00, 0x2f, 0x65, 0x74, 0x63, 0x2f, 0x67,
    0x72, 0x6f, 0x75, 0x70, 0x00, 0x0a, 0x00, 0x5e, 0x43, 0x0a, 0x00, 0x2f,
    0x74, 0x6d, 0x70, 0x2f, 0x2e, 0x73, 0x65, 0x73, 0x73, 0x69, 0x6f, 0x6e,
    0x00, 0x56, 0x4e, 0x55, 0x20, 0x6c, 0x6f, 0x67, 0x69, 0x6e, 0x3a, 0x20,
    0x00, 0x4c, 0x6f, 0x67, 0x69, 0x6e, 0x20, 0x69, 0x6e, 0x63, 0x6f, 0x72,
    0x72, 0x65, 0x63, 0x74, 0x0a, 0x00, 0x50, 0x61, 0x73, 0x73, 0x77, 0x6f,
    0x72, 0x64, 0x3a, 0x20, 0x00, 0x2f, 0x62, 0x69, 0x6e, 0x00, 0x63, 0x64,
    0x00, 0x65, 0x78, 0x70, 0x6f, 0x72, 0x74, 0x00, 0x75, 0x6e, 0x73, 0x65,
    0x74, 0x00, 0x65, 0x78, 0x69, 0x74, 0x00, 0x68, 0x65, 0x6c, 0x70, 0x00,
    0x74, 0x79, 0x70, 0x65, 0x00, 0x77, 0x68, 0x69, 0x63, 0x68, 0x00, 0x69,
    0x6e, 0x73, 0x74, 0x61, 0x6c, 0x6c, 0x00, 0x69, 0x64, 0x00, 0x77, 0x68,
    0x6f, 0x61, 0x6d, 0x69, 0x00, 0x67, 0x72, 0x6f, 0x75, 0x70, 0x73, 0x00,
    0x75, 0x73, 0x65, 0x72, 0x61, 0x64, 0x64, 0x00, 0x70, 0x61, 0x73, 0x73,
    0x77, 0x64, 0x00, 0x73, 0x75, 0x00, 0x2f, 0x62, 0x69, 0x6e, 0x2f, 0x76,
    0x61, 0x73, 0x68, 0x00, 0x75, 0x73, 0x65, 0x72, 0x61, 0x64, 0x64, 0x3a,
    0x20, 0x6f, 0x6e, 0x6c, 0x79, 0x20, 0x72, 0x6f, 0x6f, 0x74, 0x20, 0x6d,
    0x61, 0x79, 0x20, 0x61, 0x64, 0x64, 0x20, 0x75, 0x73, 0x65, 0x72, 0x73,
    0x0a, 0x00, 0x75, 0x73, 0x61, 0x67, 0x65, 0x3a, 0x20, 0x75, 0x73, 0x65,
    0x72, 0x61, 0x64, 0x64, 0x20, 0x3c, 0x6e, 0x61, 0x6d, 0x65, 0x3e, 0x0a,
    0x00, 0x75, 0x73, 0x65, 0x72, 0x61, 0x64, 0x64, 0x3a, 0x20, 0x62, 0x61,
    0x64, 0x20, 0x6e, 0x61, 0x6d, 0x65, 0x0a, 0x00, 0x75, 0x73, 0x65, 0x72,
    0x61, 0x64, 0x64, 0x3a, 0x20, 0x6e, 0x61, 0x6d, 0x65, 0x20, 0x6d, 0x75,
    0x73, 0x74, 0x20, 0x62, 0x65, 0x20, 0x5b, 0x61, 0x2d, 0x7a, 0x30, 0x2d,
    0x39, 0x5f, 0x2d, 0x5d, 0x0a, 0x00, 0x75, 0x73, 0x65, 0x72, 0x61, 0x64,
    0x64, 0x3a, 0x20, 0x75, 0x73, 0x65, 0x72, 0x20, 0x61, 0x6c, 0x72, 0x65,
    0x61, 0x64, 0x79, 0x20, 0x65, 0x78, 0x69, 0x73, 0x74, 0x73, 0x0a, 0x00,
    0x4e, 0x65, 0x77, 0x20, 0x70, 0x61, 0x73, 0x73, 0x77, 0x6f, 0x72, 0x64,
    0x3a, 0x20, 0x00, 0x52, 0x65, 0x74, 0x79, 0x70, 0x65, 0x20, 0x70, 0x61,
    0x73, 0x73, 0x77, 0x6f, 0x72, 0x64, 0x3a, 0x20, 0x00, 0x00, 0x00, 0x00,
    0x75, 0x73, 0x65, 0x72, 0x61, 0x64, 0x64, 0x3a, 0x20, 0x70, 0x61, 0x73,
    0x73, 0x77, 0x6f, 0x72, 0x64, 0x73, 0x20, 0x64, 0x6f, 0x20, 0x6e, 0x6f,
    0x74, 0x20, 0x6d, 0x61, 0x74, 0x63, 0x68, 0x0a, 0x00, 0x2f, 0x68, 0x6f,
    0x6d, 0x65, 0x00, 0x00, 0x75, 0x73, 0x65, 0x72, 0x61, 0x64, 0x64, 0x3a,
    0x20, 0x63, 0x61, 0x6e, 0x6e, 0x6f, 0x74, 0x20, 0x77, 0x72, 0x69, 0x74,
    0x65, 0x20, 0x2f, 0x65, 0x74, 0x63, 0x2f, 0x70, 0x61, 0x73, 0x73, 0x77,
    0x64, 0x0a, 0x00, 0x75, 0x73, 0x65, 0x72, 0x61, 0x64, 0x64, 0x3a, 0x20,
    0x77, 0x72, 0x69, 0x74, 0x65, 0x20, 0x66, 0x61, 0x69, 0x6c, 0x65, 0x64,
    0x0a, 0x00, 0x00, 0x00, 0x75, 0x73, 0x65, 0x72, 0x61, 0x64, 0x64, 0x3a,
    0x20, 0x77, 0x61, 0x72, 0x6e, 0x69, 0x6e, 0x67, 0x3a, 0x20, 0x68, 0x6f,
    0x6d, 0x65, 0x20, 0x64, 0x69, 0x72, 0x20, 0x65, 0x78, 0x69, 0x73, 0x74,
    0x73, 0x0a, 0x00, 0x75, 0x73, 0x65, 0x72, 0x20, 0x00, 0x20, 0x61, 0x64,
    0x64, 0x65, 0x64, 0x20, 0x28, 0x75, 0x69, 0x64, 0x20, 0x00, 0x29, 0x0a,
    0x00, 0x00, 0x00, 0x00, 0x70, 0x61, 0x73, 0x73, 0x77, 0x64, 0x3a, 0x20,
    0x6f, 0x6e, 0x6c, 0x79, 0x20, 0x72, 0x6f, 0x6f, 0x74, 0x20, 0x63, 0x61,
    0x6e, 0x20, 0x63, 0x68, 0x61, 0x6e, 0x67, 0x65, 0x20, 0x70, 0x61, 0x73,
    0x73, 0x77, 0x6f, 0x72, 0x64, 0x73, 0x0a, 0x00, 0x70, 0x61, 0x73, 0x73,
    0x77, 0x64, 0x3a, 0x20, 0x6e, 0x6f, 0x20, 0x73, 0x75, 0x63, 0x68, 0x20,
    0x75, 0x73, 0x65, 0x72, 0x0a, 0x00, 0x00, 0x00, 0x70, 0x61, 0x73, 0x73,
    0x77, 0x64, 0x3a, 0x20, 0x70, 0x61, 0x73, 0x73, 0x77, 0x6f, 0x72, 0x64,
    0x73, 0x20, 0x64, 0x6f, 0x20, 0x6e, 0x6f, 0x74, 0x20, 0x6d, 0x61, 0x74,
    0x63, 0x68, 0x0a, 0x00, 0x70, 0x61, 0x73, 0x73, 0x77, 0x64, 0x3a, 0x20,
    0x63, 0x61, 0x6e, 0x6e, 0x6f, 0x74, 0x20, 0x77, 0x72, 0x69, 0x74, 0x65,
    0x20, 0x2f, 0x65, 0x74, 0x63, 0x2f, 0x70, 0x61, 0x73, 0x73, 0x77, 0x64,
    0x0a, 0x00, 0x70, 0x61, 0x73, 0x73, 0x77, 0x64, 0x3a, 0x20, 0x70, 0x61,
    0x73, 0x73, 0x77, 0x6f, 0x72, 0x64, 0x20, 0x75, 0x70, 0x64, 0x61, 0x74,
    0x65, 0x64, 0x20, 0x66, 0x6f, 0x72, 0x20, 0x00, 0x72, 0x6f, 0x6f, 0x74,
    0x00, 0x73, 0x75, 0x3a, 0x20, 0x75, 0x6e, 0x6b, 0x6e, 0x6f, 0x77, 0x6e,
    0x20, 0x75, 0x73, 0x65, 0x72, 0x0a, 0x00, 0x73, 0x75, 0x3a, 0x20, 0x61,
    0x75, 0x74, 0x68, 0x65, 0x6e, 0x74, 0x69, 0x63, 0x61, 0x74, 0x69, 0x6f,
    0x6e, 0x20, 0x66, 0x61, 0x69, 0x6c, 0x75, 0x72, 0x65, 0x0a, 0x00, 0x00,
    0x73, 0x75, 0x3a, 0x20, 0x63, 0x61, 0x6e, 0x6e, 0x6f, 0x74, 0x20, 0x63,
    0x68, 0x61, 0x6e, 0x67, 0x65, 0x20, 0x69, 0x64, 0x65, 0x6e, 0x74, 0x69,
    0x74, 0x79, 0x20, 0x28, 0x6e, 0x65, 0x65, 0x64, 0x20, 0x72, 0x6f, 0x6f,
    0x74, 0x29, 0x0a, 0x00, 0x73, 0x75, 0x3a, 0x20, 0x73, 0x77, 0x69, 0x74,
    0x63, 0x68, 0x65, 0x64, 0x20, 0x74, 0x6f, 0x20, 0x00, 0x75, 0x69, 0x64,
    0x3d, 0x00, 0x28, 0x00, 0x29, 0x20, 0x67, 0x69, 0x64, 0x3d, 0x00, 0x69,
    0x6e, 0x73, 0x74, 0x61, 0x6c, 0x6c, 0x3a, 0x20, 0x6e, 0x6f, 0x20, 0x64,
    0x69, 0x73, 0x6b, 0x73, 0x20, 0x64, 0x65, 0x74, 0x65, 0x63, 0x74, 0x65,
    0x64, 0x0a, 0x00, 0x00, 0x69, 0x6e, 0x73, 0x74, 0x61, 0x6c, 0x6c, 0x3a,
    0x20, 0x64, 0x72, 0x69, 0x76, 0x65, 0x20, 0x6f, 0x75, 0x74, 0x20, 0x6f,
    0x66, 0x20, 0x72, 0x61, 0x6e, 0x67, 0x65, 0x20, 0x28, 0x61, 0x76, 0x61,
    0x69, 0x6c, 0x61, 0x62, 0x6c, 0x65, 0x3a, 0x20, 0x30, 0x2e, 0x2e, 0x00,
    0x69, 0x6e, 0x73, 0x74, 0x61, 0x6c, 0x6c, 0x3a, 0x20, 0x74, 0x61, 0x72,
    0x67, 0x65, 0x74, 0x20, 0x64, 0x69, 0x73, 0x6b, 0x20, 0x00, 0x20, 0x6f,
    0x66, 0x20, 0x00, 0x20, 0xe2, 0x80, 0x94, 0x20, 0x77, 0x72, 0x69, 0x74,
    0x69, 0x6e, 0x67, 0x20, 0x56, 0x4e, 0x55, 0x2e, 0x2e, 0x2e, 0x0a, 0x00,
    0x69, 0x6e, 0x73, 0x74, 0x61, 0x6c, 0x6c, 0x3a, 0x20, 0x63, 0x6f, 0x6d,
    0x70, 0x6c, 0x65, 0x74, 0x65, 0x2e, 0x20, 0x52, 0x65, 0x62, 0x6f, 0x6f,
    0x74, 0x20, 0x66, 0x72, 0x6f, 0x6d, 0x20, 0x74, 0x68, 0x69, 0x73, 0x20,
    0x64, 0x69, 0x73, 0x6b, 0x20, 0x74, 0x6f, 0x20, 0x75, 0x73, 0x65, 0x20,
    0x69, 0x74, 0x2e, 0x0a, 0x00, 0x69, 0x6e, 0x73, 0x74, 0x61, 0x6c, 0x6c,
    0x3a, 0x20, 0x66, 0x61, 0x69, 0x6c, 0x65, 0x64, 0x20, 0x28, 0x65, 0x72,
    0x72, 0x6f, 0x72, 0x20, 0x00, 0x00, 0x00, 0x00, 0x76, 0x61, 0x73, 0x68,
    0x20, 0x62, 0x75, 0x69, 0x6c, 0x74, 0x69, 0x6e, 0x73, 0x3a, 0x20, 0x63,
    0x64, 0x20, 0x65, 0x78, 0x70, 0x6f, 0x72, 0x74, 0x20, 0x75, 0x6e, 0x73,
    0x65, 0x74, 0x20, 0x65, 0x78, 0x69, 0x74, 0x20, 0x68, 0x65, 0x6c, 0x70,
    0x20, 0x74, 0x79, 0x70, 0x65, 0x20, 0x77, 0x68, 0x69, 0x63, 0x68, 0x20,
    0x69, 0x6e, 0x73, 0x74, 0x61, 0x6c, 0x6c, 0x0a, 0x00, 0x00, 0x00, 0x00,
    0x20, 0x20, 0x20, 0x20, 0x20, 0x20, 0x20, 0x20, 0x20, 0x20, 0x20, 0x20,
    0x20, 0x20, 0x20, 0x69, 0x64, 0x20, 0x77, 0x68, 0x6f, 0x61, 0x6d, 0x69,
    0x20, 0x67, 0x72, 0x6f, 0x75, 0x70, 0x73, 0x20, 0x75, 0x73, 0x65, 0x72,
    0x61, 0x64, 0x64, 0x20, 0x70, 0x61, 0x73, 0x73, 0x77, 0x64, 0x20, 0x73,
    0x75, 0x0a, 0x00, 0x50, 0x41, 0x54, 0x48, 0x3d, 0x00, 0x00, 0x00, 0x00,
    0x0a, 0x45, 0x78, 0x74, 0x65, 0x72, 0x6e, 0x61, 0x6c, 0x3a, 0x20, 0x2f,
    0x62, 0x69, 0x6e, 0x2f, 0x2a, 0x20, 0x76, 0x69, 0x61, 0x20, 0x50, 0x41,
    0x54, 0x48, 0x20, 0x28, 0x6c, 0x73, 0x20, 0x65, 0x63, 0x68, 0x6f, 0x20,
    0x63, 0x61, 0x74, 0x20, 0x2e, 0x2e, 0x2e, 0x29, 0x0a, 0x00, 0x00, 0x00,
    0x44, 0x6f, 0x63, 0x75, 0x6d, 0x65, 0x6e, 0x74, 0x61, 0x74, 0x69, 0x6f,
    0x6e, 0x3a, 0x20, 0x27, 0x6d, 0x61, 0x6e, 0x20, 0x3c, 0x63, 0x6f, 0x6d,
    0x6d, 0x61, 0x6e, 0x64, 0x3e, 0x27, 0x20, 0x28, 0x65, 0x2e, 0x67, 0x2e,
    0x20, 0x6d, 0x61, 0x6e, 0x20, 0x6c, 0x73, 0x2c, 0x20, 0x6d, 0x61, 0x6e,
    0x20, 0x75, 0x73, 0x65, 0x72, 0x61, 0x64, 0x64, 0x29, 0x0a, 0x00, 0x00,
    0x55, 0x70, 0x2f, 0x44, 0x6f, 0x77, 0x6e, 0x20, 0x68, 0x69, 0x73, 0x74,
    0x6f, 0x72, 0x79, 0x2c, 0x20, 0x43, 0x74, 0x72, 0x6c, 0x2b, 0x43, 0x20,
    0x63, 0x61, 0x6e, 0x63, 0x65, 0x6c, 0x2c, 0x20, 0x53, 0x68, 0x69, 0x66,
    0x74, 0x20, 0x66, 0x6f, 0x72, 0x20, 0x73, 0x79, 0x6d, 0x62, 0x6f, 0x6c,
    0x73, 0x0a, 0x00, 0x63, 0x64, 0x3a, 0x20, 0x6e, 0x6f, 0x20, 0x73, 0x75,
    0x63, 0x68, 0x20, 0x64, 0x69, 0x72, 0x65, 0x63, 0x74, 0x6f, 0x72, 0x79,
    0x0a, 0x00, 0x65, 0x78, 0x70, 0x6f, 0x72, 0x74, 0x3a, 0x20, 0x6f, 0x6e,
    0x6c, 0x79, 0x20, 0x50, 0x41, 0x54, 0x48, 0x20, 0x73, 0x75, 0x70, 0x70,
    0x6f, 0x72, 0x74, 0x65, 0x64, 0x0a, 0x00, 0x50, 0x41, 0x54, 0x48, 0x00,
    0x75, 0x73, 0x61, 0x67, 0x65, 0x3a, 0x20, 0x77, 0x68, 0x69, 0x63, 0x68,
    0x20, 0x3c, 0x63, 0x6d, 0x64, 0x3e, 0x0a, 0x00, 0x20, 0x69, 0x73, 0x20,
    0x61, 0x20, 0x73, 0x68, 0x65, 0x6c, 0x6c, 0x20, 0x62, 0x75, 0x69, 0x6c,
    0x74, 0x69, 0x6e, 0x0a, 0x00, 0x00, 0x00, 0x00, 0x76, 0x61, 0x73, 0x68,
    0x3a, 0x20, 0x73, 0x79, 0x6e, 0x74, 0x61, 0x78, 0x20, 0x65, 0x72, 0x72,
    0x6f, 0x72, 0x20, 0x6e, 0x65, 0x61, 0x72, 0x20, 0x72, 0x65, 0x64, 0x69,
    0x72, 0x65, 0x63, 0x74, 0x69, 0x6f, 0x6e, 0x0a, 0x00, 0x76, 0x61, 0x73,
    0x68, 0x3a, 0x20, 0x63, 0x61, 0x6e, 0x6e, 0x6f, 0x74, 0x20, 0x6f, 0x70,
    0x65, 0x6e, 0x20, 0x00, 0x76, 0x61, 0x73, 0x68, 0x3a, 0x20, 0x63, 0x6f,
    0x6d, 0x6d, 0x61, 0x6e, 0x64, 0x20, 0x6e, 0x6f, 0x74, 0x20, 0x66, 0x6f,
    0x75, 0x6e, 0x64, 0x3a, 0x20, 0x00, 0x2f, 0x74, 0x6d, 0x70, 0x2f, 0x2e,
    0x76, 0x61, 0x73, 0x68, 0x5f, 0x68, 0x69, 0x73, 0x74, 0x6f, 0x72, 0x79,
    0x00, 0x08, 0x20, 0x08, 0x00, 0x20, 0x00, 0x08, 0x00, 0x56, 0x4e, 0x55,
    0x20, 0x76, 0x61, 0x73, 0x68, 0x20, 0xe2, 0x80, 0x94, 0x20, 0x50, 0x41,
    0x54, 0x48, 0x3d, 0x00, 0x0a, 0x74, 0x79, 0x70, 0x65, 0x20, 0x27, 0x68,
    0x65, 0x6c, 0x70, 0x27, 0x0a, 0x00, 0x40, 0x76, 0x6e, 0x75, 0x3a, 0x00,
    0x7e, 0x00, 0x24, 0x20, 0x00, 0x00, 0x00, 0x00, 0x30, 0x31, 0x32, 0x33,
    0x34, 0x35, 0x36, 0x37, 0x38, 0x39, 0x61, 0x62, 0x63, 0x64, 0x65, 0x66,
    0x00, 0x00, 0x00, 0x00, 0x00, 0x00, 0x00, 0x00, 0x00, 0x00, 0x00, 0x00,
    0x00, 0x00, 0x00, 0x00, 0x00, 0x00, 0x00, 0x00, 0x00, 0x00, 0x00, 0x00,
    0x00, 0x00, 0x00, 0x00, 0x2f, 0x62, 0x69, 0x6e, 0x00, 0x00, 0x00, 0x00,
    0x00, 0x00, 0x00, 0x00, 0x00, 0x00, 0x00, 0x00, 0x00, 0x00, 0x00, 0x00,
    0x00, 0x00, 0x00, 0x00, 0x00, 0x00, 0x00, 0x00, 0x00, 0x00, 0x00, 0x00,
    0x00, 0x00, 0x00, 0x00, 0x00, 0x00, 0x00, 0x00, 0x00, 0x00, 0x00, 0x00,
    0x00, 0x00, 0x00, 0x00, 0x00, 0x00, 0x00, 0x00, 0x00, 0x00, 0x00, 0x00,
    0x00, 0x00, 0x00, 0x00, 0x00, 0x00, 0x00, 0x00, 0x00, 0x00, 0x00, 0x00,
    0x00, 0x00, 0x00, 0x00, 0x00, 0x00, 0x00, 0x00, 0x00, 0x00, 0x00, 0x00,
    0x00, 0x00, 0x00, 0x00, 0x00, 0x00, 0x00, 0x00, 0x00, 0x00, 0x00, 0x00,
    0x00, 0x00, 0x00, 0x00, 0x00, 0x00, 0x00, 0x00, 0x00, 0x00, 0x00, 0x00,
    0x00, 0x00, 0x00, 0x00, 0x00, 0x00, 0x00, 0x00, 0x00, 0x00, 0x00, 0x00,
    0x00, 0x00, 0x00, 0x00, 0x00, 0x00, 0x00, 0x00, 0x00, 0x00, 0x00, 0x00,
    0x00, 0x00, 0x00, 0x00, 0x00, 0x00, 0x00, 0x00, 0x00, 0x00, 0x00, 0x00,
    0x00, 0x00, 0x00, 0x00, 0x00, 0x00, 0x00, 0x00, 0x00, 0x00, 0x00, 0x00,
    0x00, 0x00, 0x00, 0x00, 0x00, 0x00, 0x00, 0x00, 0x00, 0x00, 0x00, 0x00,
    0x00, 0x00, 0x00, 0x00, 0x00, 0x00, 0x00, 0x00, 0x00, 0x00, 0x00, 0x00,
    0x00, 0x00, 0x00, 0x00, 0x00, 0x00, 0x00, 0x00, 0x00, 0x00, 0x00, 0x00,
    0x00, 0x00, 0x00, 0x00, 0x00, 0x00, 0x00, 0x00, 0x00, 0x00, 0x00, 0x00,
    0x00, 0x00, 0x00, 0x00, 0x00, 0x00, 0x00, 0x00, 0x00, 0x00, 0x00, 0x00,
    0x00, 0x00, 0x00, 0x00, 0x00, 0x00, 0x00, 0x00, 0x00, 0x00, 0x00, 0x00,
    0x00, 0x00, 0x00, 0x00, 0x00, 0x00, 0x00, 0x00, 0x00, 0x00, 0x00, 0x00,
    0x00, 0x00, 0x00, 0x00, 0x00, 0x00, 0x00, 0x00, 0x00, 0x00, 0x00, 0x00,
    0x00, 0x00, 0x00, 0x00, 0x00, 0x00, 0x00, 0x00, 0x72, 0x6f, 0x6f, 0x74,
    0x00, 0x00, 0x00, 0x00, 0x00, 0x00, 0x00, 0x00, 0x00, 0x00, 0x00, 0x00,
    0x00, 0x00, 0x00, 0x00, 0x00, 0x00, 0x00, 0x00, 0x00, 0x00, 0x00, 0x00,
    0x00, 0x00, 0x00, 0x00, 0x2f, 0x72, 0x6f, 0x6f, 0x74, 0x00, 0x00, 0x00,
    0x00, 0x00, 0x00, 0x00, 0x00, 0x00, 0x00, 0x00, 0x00, 0x00, 0x00, 0x00,
    0x00, 0x00, 0x00, 0x00, 0x00, 0x00, 0x00, 0x00, 0x00, 0x00, 0x00, 0x00,
    0x00, 0x00, 0x00, 0x00, 0x00, 0x00, 0x00, 0x00, 0x00, 0x00, 0x00, 0x00,
    0x00, 0x00, 0x00, 0x00, 0x00, 0x00, 0x00, 0x00, 0x00, 0x00, 0x00, 0x00,
    0x00, 0x00, 0x00, 0x00, 0x00, 0x00, 0x00, 0x00, 0x00, 0x00, 0x00, 0x00,
    0x00, 0x00, 0x00, 0x00, 0x00, 0x00, 0x00, 0x00, 0x00, 0x00, 0x00, 0x00,
    0x00, 0x00, 0x00, 0x00, 0x00, 0x00, 0x00, 0x00, 0x00, 0x00, 0x00, 0x00,
    0x00, 0x00, 0x00, 0x00, 0x00, 0x00, 0x00, 0x00, 0x00, 0x00, 0x00, 0x00,
    0x00, 0x00, 0x00, 0x00, 0x00, 0x00, 0x00, 0x00, 0x00, 0x00, 0x00, 0x00,
    0x00, 0x00, 0x00, 0x00, 0x00, 0x00, 0x00, 0x00, 0x00, 0x00, 0x00, 0x00,
    0x00, 0x00, 0x00, 0x00, 0x00, 0x00, 0x00, 0x00, 0x00, 0x00, 0x00, 0x00,
    0x00, 0x00, 0x00, 0x00, 0x00, 0x00, 0x00, 0x00, 0x00, 0x00, 0x00, 0x00,
    0x00, 0x00, 0x00, 0x00, 0x00, 0x00, 0x00, 0x00, 0x00, 0x00, 0x00, 0x00,
    0x00, 0x00, 0x00, 0x00, 0x00, 0x00, 0x00, 0x00, 0x00, 0x00, 0x00, 0x00,
    0x00, 0x00, 0x00, 0x00, 0x00, 0x00, 0x00, 0x00, 0x00, 0x00, 0x00, 0x00,
    0x00, 0x00, 0x00, 0x00, 0x00, 0x00, 0x00, 0x00, 0x00, 0x00, 0x00, 0x00,
    0x00, 0x00, 0x00, 0x00, 0x00, 0x00, 0x00, 0x00, 0x00, 0x00, 0x00, 0x00,
    0x00, 0x00, 0x00, 0x00, 0x00, 0x00, 0x00, 0x00, 0x00, 0x00, 0x00, 0x00,
    0x00, 0x00, 0x00, 0x00, 0x00, 0x00, 0x00, 0x00, 0x00, 0x00, 0x00, 0x00,
    0x00, 0x00, 0x00, 0x00, 0x00, 0x00, 0x00, 0x00, 0x00, 0x00, 0x00, 0x00,
    0x00, 0x00, 0x00, 0x00, 0x00, 0x00, 0x00, 0x00, 0x00, 0x00, 0x00, 0x00,
    0x00, 0x00, 0x00, 0x00, 0x00, 0x00, 0x00, 0x00, 0x00, 0x00, 0x00, 0x00,
    0x01, 0x00, 0x00, 0x00, 0x00, 0x00, 0x00, 0x00, 0x00, 0x00, 0x00, 0x00,
    0x04, 0x00, 0xf1, 0xff, 0x0c, 0x00, 0x00, 0x00, 0x00, 0x00, 0x00, 0x00,
    0x00, 0x00, 0x00, 0x00, 0x04, 0x00, 0xf1, 0xff, 0x13, 0x00, 0x00, 0x00,
    0x40, 0x3b, 0x40, 0x00, 0x00, 0x01, 0x00, 0x00, 0x01, 0x00, 0x03, 0x00,
    0x1c, 0x00, 0x00, 0x00, 0x60, 0x3d, 0x40, 0x00, 0x00, 0x08, 0x00, 0x00,
    0x01, 0x00, 0x04, 0x00, 0x24, 0x00, 0x00, 0x00, 0x60, 0x45, 0x40, 0x00,
    0x04, 0x00, 0x00, 0x00, 0x01, 0x00, 0x04, 0x00, 0x2f, 0x00, 0x00, 0x00,
    0x40, 0x3c, 0x40, 0x00, 0x20, 0x00, 0x00, 0x00, 0x01, 0x00, 0x03, 0x00,
    0x38, 0x00, 0x00, 0x00, 0x64, 0x45, 0x40, 0x00, 0x04, 0x00, 0x00, 0x00,
    0x01, 0x00, 0x04, 0x00, 0x40, 0x00, 0x00, 0x00, 0x68, 0x45, 0x40, 0x00,
    0x04, 0x00, 0x00, 0x00, 0x01, 0x00, 0x04, 0x00, 0x48, 0x00, 0x00, 0x00,
    0x60, 0x3c, 0x40, 0x00, 0x00, 0x01, 0x00, 0x00, 0x01, 0x00, 0x03, 0x00,
    0x51, 0x00, 0x00, 0x00, 0x94, 0x00, 0x40, 0x00, 0x2e, 0x00, 0x00, 0x00,
    0x02, 0x00, 0x01, 0x00, 0x53, 0x00, 0x00, 0x00, 0xc2, 0x00, 0x40, 0x00,
    0x2e, 0x00, 0x00, 0x00, 0x02, 0x00, 0x01, 0x00, 0x56, 0x00, 0x00, 0x00,
    0xf0, 0x00, 0x40, 0x00, 0xc0, 0x00, 0x00, 0x00, 0x02, 0x00, 0x01, 0x00,
    0x5b, 0x00, 0x00, 0x00, 0xb0, 0x01, 0x40, 0x00, 0x93, 0x00, 0x00, 0x00,
    0x02, 0x00, 0x01, 0x00, 0x61, 0x00, 0x00, 0x00, 0x43, 0x02, 0x40, 0x00,
    0x78, 0x00, 0x00, 0x00, 0x02, 0x00, 0x01, 0x00, 0x69, 0x00, 0x00, 0x00,
    0x14, 0x3b, 0x40, 0x00, 0x11, 0x00, 0x00, 0x00, 0x01, 0x00, 0x02, 0x00,
    0x6f, 0x00, 0x00, 0x00, 0xbb, 0x02, 0x40, 0x00, 0x58, 0x02, 0x00, 0x00,
    0x02, 0x00, 0x01, 0x00, 0x7b, 0x00, 0x00, 0x00, 0x13, 0x05, 0x40, 0x00,
    0xd0, 0x00, 0x00, 0x00, 0x02, 0x00, 0x01, 0x00, 0x85, 0x00, 0x00, 0x00,
    0xe3, 0x05, 0x40, 0x00, 0x81, 0x01, 0x00, 0x00, 0x02, 0x00, 0x01, 0x00,
    0x90, 0x00, 0x00, 0x00, 0x80, 0x45, 0x40, 0x00, 0x20, 0x00, 0x00, 0x00,
    0x01, 0x00, 0x04, 0x00, 0x98, 0x00, 0x00, 0x00, 0x64, 0x07, 0x40, 0x00,
    0x43, 0x00, 0x00, 0x00, 0x02, 0x00, 0x01, 0x00, 0xa0, 0x00, 0x00, 0x00,
    0xa7, 0x07, 0x40, 0x00, 0xa4, 0x00, 0x00, 0x00, 0x02, 0x00, 0x01, 0x00,
    0xa8, 0x00, 0x00, 0x00, 0x4b, 0x08, 0x40, 0x00, 0xe7, 0x00, 0x00, 0x00,
    0x02, 0x00, 0x01, 0x00, 0xb4, 0x00, 0x00, 0x00, 0x32, 0x09, 0x40, 0x00,
    0x2a, 0x01, 0x00, 0x00, 0x02, 0x00, 0x01, 0x00, 0xc1, 0x00, 0x00, 0x00,
    0x5c, 0x0a, 0x40, 0x00, 0x19, 0x00, 0x00, 0x00, 0x02, 0x00, 0x01, 0x00,
    0xce, 0x00, 0x00, 0x00, 0x75, 0x0a, 0x40, 0x00, 0x3d, 0x00, 0x00, 0x00,
    0x02, 0x00, 0x01, 0x00, 0xe4, 0x00, 0x00, 0x00, 0xb2, 0x0a, 0x40, 0x00,
    0xa1, 0x00, 0x00, 0x00, 0x02, 0x00, 0x01, 0x00, 0xee, 0x00, 0x00, 0x00,
    0x53, 0x0b, 0x40, 0x00, 0xd2, 0x01, 0x00, 0x00, 0x02, 0x00, 0x01, 0x00,
    0xfc, 0x00, 0x00, 0x00, 0x25, 0x0d, 0x40, 0x00, 0x9c, 0x01, 0x00, 0x00,
    0x02, 0x00, 0x01, 0x00, 0x05, 0x01, 0x00, 0x00, 0xbb, 0x29, 0x40, 0x00,
    0xa4, 0x04, 0x00, 0x00, 0x02, 0x00, 0x01, 0x00, 0x0f, 0x01, 0x00, 0x00,
    0xc1, 0x0e, 0x40, 0x00, 0x39, 0x00, 0x00, 0x00, 0x02, 0x00, 0x01, 0x00,
    0x1b, 0x01, 0x00, 0x00, 0xfa, 0x0e, 0x40, 0x00, 0x16, 0x01, 0x00, 0x00,
    0x02, 0x00, 0x01, 0x00, 0x25, 0x01, 0x00, 0x00, 0x10, 0x10, 0x40, 0x00,
    0x43, 0x01, 0x00, 0x00, 0x02, 0x00, 0x01, 0x00, 0x31, 0x01, 0x00, 0x00,
    0x53, 0x11, 0x40, 0x00, 0x76, 0x01, 0x00, 0x00, 0x02, 0x00, 0x01, 0x00,
    0x3c, 0x01, 0x00, 0x00, 0xc9, 0x12, 0x40, 0x00, 0x57, 0x01, 0x00, 0x00,
    0x02, 0x00, 0x01, 0x00, 0x4a, 0x01, 0x00, 0x00, 0x20, 0x14, 0x40, 0x00,
    0x1c, 0x04, 0x00, 0x00, 0x02, 0x00, 0x01, 0x00, 0x56, 0x01, 0x00, 0x00,
    0x3c, 0x18, 0x40, 0x00, 0x4f, 0x02, 0x00, 0x00, 0x02, 0x00, 0x01, 0x00,
    0x61, 0x01, 0x00, 0x00, 0x8b, 0x1a, 0x40, 0x00, 0xc0, 0x01, 0x00, 0x00,
    0x02, 0x00, 0x01, 0x00, 0x68, 0x01, 0x00, 0x00, 0x4b, 0x1c, 0x40, 0x00,
    0xd6, 0x06, 0x00, 0x00, 0x02, 0x00, 0x01, 0x00, 0x74, 0x01, 0x00, 0x00,
    0x21, 0x23, 0x40, 0x00, 0x3e, 0x02, 0x00, 0x00, 0x02, 0x00, 0x01, 0x00,
    0x87, 0x01, 0x00, 0x00, 0x5f, 0x25, 0x40, 0x00, 0xd3, 0x00, 0x00, 0x00,
    0x02, 0x00, 0x01, 0x00, 0x94, 0x01, 0x00, 0x00, 0x32, 0x26, 0x40, 0x00,
    0x8d, 0x01, 0x00, 0x00, 0x02, 0x00, 0x01, 0x00, 0x9e, 0x01, 0x00, 0x00,
    0xbf, 0x27, 0x40, 0x00, 0x96, 0x00, 0x00, 0x00, 0x02, 0x00, 0x01, 0x00,
    0xa8, 0x01, 0x00, 0x00, 0x55, 0x28, 0x40, 0x00, 0xcf, 0x00, 0x00, 0x00,
    0x02, 0x00, 0x01, 0x00, 0xb2, 0x01, 0x00, 0x00, 0x24, 0x29, 0x40, 0x00,
    0x2f, 0x00, 0x00, 0x00, 0x02, 0x00, 0x01, 0x00, 0xba, 0x01, 0x00, 0x00,
    0x53, 0x29, 0x40, 0x00, 0x68, 0x00, 0x00, 0x00, 0x02, 0x00, 0x01, 0x00,
    0xc7, 0x01, 0x00, 0x00, 0x00, 0x00, 0x00, 0x00, 0x00, 0x00, 0x00, 0x00,
    0x04, 0x00, 0xf1, 0xff, 0xd1, 0x01, 0x00, 0x00, 0x00, 0x00, 0x00, 0x00,
    0x00, 0x00, 0x00, 0x00, 0x04, 0x00, 0xf1, 0xff, 0xd9, 0x01, 0x00, 0x00,
    0x00, 0x00, 0x00, 0x00, 0x00, 0x00, 0x00, 0x00, 0x04, 0x00, 0xf1, 0xff,
    0xe0, 0x01, 0x00, 0x00, 0x00, 0x00, 0x00, 0x00, 0x00, 0x00, 0x00, 0x00,
    0x04, 0x00, 0xf1, 0xff, 0xe7, 0x01, 0x00, 0x00, 0x00, 0x00, 0x00, 0x00,
    0x00, 0x00, 0x00, 0x00, 0x04, 0x00, 0xf1, 0xff, 0xef, 0x01, 0x00, 0x00,
    0x00, 0x00, 0x00, 0x00, 0x00, 0x00, 0x00, 0x00, 0x04, 0x00, 0xf1, 0xff,
    0xf6, 0x01, 0x00, 0x00, 0x00, 0x00, 0x00, 0x00, 0x00, 0x00, 0x00, 0x00,
    0x04, 0x00, 0xf1, 0xff, 0xff, 0x01, 0x00, 0x00, 0x00, 0x00, 0x00, 0x00,
    0x00, 0x00, 0x00, 0x00, 0x04, 0x00, 0xf1, 0xff, 0x07, 0x02, 0x00, 0x00,
    0x00, 0x00, 0x00, 0x00, 0x00, 0x00, 0x00, 0x00, 0x04, 0x00, 0xf1, 0xff,
    0x10, 0x02, 0x00, 0x00, 0x00, 0x00, 0x00, 0x00, 0x00, 0x00, 0x00, 0x00,
    0x04, 0x00, 0xf1, 0xff, 0x19, 0x02, 0x00, 0x00, 0x00, 0x00, 0x00, 0x00,
    0x00, 0x00, 0x00, 0x00, 0x04, 0x00, 0xf1, 0xff, 0x1f, 0x02, 0x00, 0x00,
    0x00, 0x00, 0x00, 0x00, 0x00, 0x00, 0x00, 0x00, 0x04, 0x00, 0xf1, 0xff,
    0x27, 0x02, 0x00, 0x00, 0x00, 0x00, 0x00, 0x00, 0x00, 0x00, 0x00, 0x00,
    0x04, 0x00, 0xf1, 0xff, 0x30, 0x02, 0x00, 0x00, 0x00, 0x00, 0x00, 0x00,
    0x00, 0x00, 0x00, 0x00, 0x04, 0x00, 0xf1, 0xff, 0x39, 0x02, 0x00, 0x00,
    0x00, 0x00, 0x00, 0x00, 0x00, 0x00, 0x00, 0x00, 0x04, 0x00, 0xf1, 0xff,
    0x43, 0x02, 0x00, 0x00, 0x00, 0x00, 0x00, 0x00, 0x00, 0x00, 0x00, 0x00,
    0x04, 0x00, 0xf1, 0xff, 0x4c, 0x02, 0x00, 0x00, 0x00, 0x00, 0x00, 0x00,
    0x00, 0x00, 0x00, 0x00, 0x04, 0x00, 0xf1, 0xff, 0x55, 0x02, 0x00, 0x00,
    0x00, 0x00, 0x00, 0x00, 0x00, 0x00, 0x00, 0x00, 0x04, 0x00, 0xf1, 0xff,
    0x5c, 0x02, 0x00, 0x00, 0x00, 0x00, 0x00, 0x00, 0x00, 0x00, 0x00, 0x00,
    0x04, 0x00, 0xf1, 0xff, 0x65, 0x02, 0x00, 0x00, 0x00, 0x00, 0x00, 0x00,
    0x00, 0x00, 0x00, 0x00, 0x04, 0x00, 0xf1, 0xff, 0x6e, 0x02, 0x00, 0x00,
    0x00, 0x00, 0x00, 0x00, 0x00, 0x00, 0x00, 0x00, 0x04, 0x00, 0xf1, 0xff,
    0x76, 0x02, 0x00, 0x00, 0x00, 0x00, 0x00, 0x00, 0x00, 0x00, 0x00, 0x00,
    0x04, 0x00, 0xf1, 0xff, 0x7e, 0x02, 0x00, 0x00, 0x1a, 0x33, 0x40, 0x00,
    0x30, 0x00, 0x00, 0x00, 0x12, 0x00, 0x01, 0x00, 0x85, 0x02, 0x00, 0x00,
    0x09, 0x31, 0x40, 0x00, 0x77, 0x00, 0x00, 0x00, 0x12, 0x00, 0x01, 0x00,
    0x8d, 0x02, 0x00, 0x00, 0x5d, 0x32, 0x40, 0x00, 0x1b, 0x00, 0x00, 0x00,
    0x12, 0x00, 0x01, 0x00, 0x94, 0x02, 0x00, 0x00, 0x90, 0x32, 0x40, 0x00,
    0x1b, 0x00, 0x00, 0x00, 0x12, 0x00, 0x01, 0x00, 0x99, 0x02, 0x00, 0x00,
    0x02, 0x32, 0x40, 0x00, 0x15, 0x00, 0x00, 0x00, 0x12, 0x00, 0x01, 0x00,
    0xa0, 0x02, 0x00, 0x00, 0xc3, 0x32, 0x40, 0x00, 0x18, 0x00, 0x00, 0x00,
    0x12, 0x00, 0x01, 0x00, 0xa6, 0x02, 0x00, 0x00, 0xf4, 0x34, 0x40, 0x00,
    0x1b, 0x00, 0x00, 0x00, 0x12, 0x00, 0x01, 0x00, 0xac, 0x02, 0x00, 0x00,
    0xd9, 0x34, 0x40, 0x00, 0x1b, 0x00, 0x00, 0x00, 0x12, 0x00, 0x01, 0x00,
    0xb2, 0x02, 0x00, 0x00, 0x80, 0x31, 0x40, 0x00, 0x1b, 0x00, 0x00, 0x00,
    0x12, 0x00, 0x01, 0x00, 0xb8, 0x02, 0x00, 0x00, 0x17, 0x32, 0x40, 0x00,
    0x18, 0x00, 0x00, 0x00, 0x12, 0x00, 0x01, 0x00, 0xbe, 0x02, 0x00, 0x00,
    0x00, 0x00, 0x40, 0x00, 0x00, 0x00, 0x00, 0x00, 0x10, 0x00, 0x01, 0x00,
    0xc5, 0x02, 0x00, 0x00, 0x13, 0x00, 0x40, 0x00, 0x81, 0x00, 0x00, 0x00,
    0x12, 0x00, 0x01, 0x00, 0xce, 0x02, 0x00, 0x00, 0xc1, 0x34, 0x40, 0x00,
    0x18, 0x00, 0x00, 0x00, 0x12, 0x00, 0x01, 0x00, 0xd5, 0x02, 0x00, 0x00,
    0x9b, 0x31, 0x40, 0x00, 0x1b, 0x00, 0x00, 0x00, 0x12, 0x00, 0x01, 0x00,
    0xda, 0x02, 0x00, 0x00, 0x4a, 0x33, 0x40, 0x00, 0x5d, 0x00, 0x00, 0x00,
    0x12, 0x00, 0x01, 0x00, 0xe2, 0x02, 0x00, 0x00, 0xdb, 0x32, 0x40, 0x00,
    0x18, 0x00, 0x00, 0x00, 0x12, 0x00, 0x01, 0x00, 0xe9, 0x02, 0x00, 0x00,
    0xe6, 0x33, 0x40, 0x00, 0x2e, 0x00, 0x00, 0x00, 0x12, 0x00, 0x01, 0x00,
    0xf0, 0x02, 0x00, 0x00, 0x5f, 0x2e, 0x40, 0x00, 0xaa, 0x02, 0x00, 0x00,
    0x12, 0x00, 0x01, 0x00, 0xf5, 0x02, 0x00, 0x00, 0xa7, 0x33, 0x40, 0x00,
    0x3f, 0x00, 0x00, 0x00, 0x12, 0x00, 0x01, 0x00, 0xfc, 0x02, 0x00, 0x00,
    0x78, 0x32, 0x40, 0x00, 0x18, 0x00, 0x00, 0x00, 0x12, 0x00, 0x01, 0x00,
    0x00, 0x03, 0x00, 0x00, 0x2f, 0x32, 0x40, 0x00, 0x2e, 0x00, 0x00, 0x00,
    0x12, 0x00, 0x01, 0x00, 0x07, 0x03, 0x00, 0x00, 0xe9, 0x31, 0x40, 0x00,
    0x19, 0x00, 0x00, 0x00, 0x12, 0x00, 0x01, 0x00, 0x0c, 0x03, 0x00, 0x00,
    0x14, 0x34, 0x40, 0x00, 0x95, 0x00, 0x00, 0x00, 0x12, 0x00, 0x01, 0x00,
    0x11, 0x03, 0x00, 0x00, 0xf3, 0x32, 0x40, 0x00, 0x27, 0x00, 0x00, 0x00,
    0x12, 0x00, 0x01, 0x00, 0x18, 0x03, 0x00, 0x00, 0xb6, 0x31, 0x40, 0x00,
    0x1b, 0x00, 0x00, 0x00, 0x12, 0x00, 0x01, 0x00, 0x1d, 0x03, 0x00, 0x00,
    0xa9, 0x34, 0x40, 0x00, 0x18, 0x00, 0x00, 0x00, 0x12, 0x00, 0x01, 0x00,
    0x24, 0x03, 0x00, 0x00, 0xab, 0x32, 0x40, 0x00, 0x18, 0x00, 0x00, 0x00,
    0x12, 0x00, 0x01, 0x00, 0x2a, 0x03, 0x00, 0x00, 0xd1, 0x31, 0x40, 0x00,
    0x18, 0x00, 0x00, 0x00, 0x12, 0x00, 0x01, 0x00, 0x00, 0x63, 0x72, 0x74,
    0x30, 0x5f, 0x76, 0x6e, 0x75, 0x2e, 0x63, 0x00, 0x76, 0x61, 0x73, 0x68,
    0x2e, 0x63, 0x00, 0x70, 0x61, 0x74, 0x68, 0x5f, 0x76, 0x61, 0x72, 0x00,
    0x68, 0x69, 0x73, 0x74, 0x6f, 0x72, 0x79, 0x00, 0x68, 0x69, 0x73, 0x74,
    0x5f, 0x63, 0x6f, 0x75, 0x6e, 0x74, 0x00, 0x63, 0x75, 0x72, 0x5f, 0x75,
    0x73, 0x65, 0x72, 0x00, 0x63, 0x75, 0x72, 0x5f, 0x75, 0x69, 0x64, 0x00,
    0x63, 0x75, 0x72, 0x5f, 0x67, 0x69, 0x64, 0x00, 0x68, 0x6f, 0x6d, 0x65,
    0x5f, 0x64, 0x69, 0x72, 0x00, 0x77, 0x00, 0x77, 0x65, 0x00, 0x77, 0x6e,
    0x75, 0x6d, 0x00, 0x77, 0x6e, 0x75, 0x6d, 0x75, 0x00, 0x70, 0x77, 0x5f,
    0x68, 0x61, 0x73, 0x68, 0x00, 0x68, 0x65, 0x78, 0x2e, 0x31, 0x00, 0x72,
    0x65, 0x61, 0x64, 0x5f, 0x70, 0x61, 0x73, 0x73, 0x77, 0x64, 0x00, 0x70,
    0x77, 0x5f, 0x6c, 0x6f, 0x6f, 0x6b, 0x75, 0x70, 0x00, 0x67, 0x72, 0x6f,
    0x75, 0x70, 0x5f, 0x6e, 0x61, 0x6d, 0x65, 0x00, 0x67, 0x6e, 0x61, 0x6d,
    0x65, 0x2e, 0x30, 0x00, 0x6e, 0x61, 0x70, 0x70, 0x65, 0x6e, 0x64, 0x00,
    0x75, 0x61, 0x70, 0x70, 0x65, 0x6e, 0x64, 0x00, 0x72, 0x65, 0x61, 0x64,
    0x5f, 0x73, 0x65, 0x63, 0x72, 0x65, 0x74, 0x00, 0x73, 0x61, 0x76, 0x65,
    0x5f, 0x73, 0x65, 0x73, 0x73, 0x69, 0x6f, 0x6e, 0x00, 0x64, 0x72, 0x6f,
    0x70, 0x5f, 0x73, 0x65, 0x73, 0x73, 0x69, 0x6f, 0x6e, 0x00, 0x61, 0x63,
    0x63, 0x65, 0x73, 0x73, 0x5f, 0x73, 0x65, 0x73, 0x73, 0x69, 0x6f, 0x6e,
    0x5f, 0x65, 0x78, 0x69, 0x73, 0x74, 0x73, 0x00, 0x6e, 0x65, 0x78, 0x74,
    0x5f, 0x77, 0x6f, 0x72, 0x64, 0x00, 0x61, 0x64, 0x6f, 0x70, 0x74, 0x5f,
    0x73, 0x65, 0x73, 0x73, 0x69, 0x6f, 0x6e, 0x00, 0x64, 0x6f, 0x5f, 0x6c,
    0x6f, 0x67, 0x69, 0x6e, 0x00, 0x72, 0x65, 0x61, 0x64, 0x5f, 0x6c, 0x69,
    0x6e, 0x65, 0x00, 0x73, 0x74, 0x61, 0x72, 0x74, 0x73, 0x5f, 0x77, 0x69,
    0x74, 0x68, 0x00, 0x6a, 0x6f, 0x69, 0x6e, 0x5f, 0x70, 0x61, 0x74, 0x68,
    0x00, 0x72, 0x65, 0x73, 0x6f, 0x6c, 0x76, 0x65, 0x5f, 0x63, 0x6d, 0x64,
    0x00, 0x69, 0x73, 0x5f, 0x62, 0x75, 0x69, 0x6c, 0x74, 0x69, 0x6e, 0x00,
    0x66, 0x6f, 0x72, 0x6d, 0x61, 0x74, 0x5f, 0x70, 0x77, 0x6c, 0x69, 0x6e,
    0x65, 0x00, 0x63, 0x6d, 0x64, 0x5f, 0x75, 0x73, 0x65, 0x72, 0x61, 0x64,
    0x64, 0x00, 0x63, 0x6d, 0x64, 0x5f, 0x70, 0x61, 0x73, 0x73, 0x77, 0x64,
    0x00, 0x63, 0x6d, 0x64, 0x5f, 0x73, 0x75, 0x00, 0x72, 0x75, 0x6e, 0x5f,
    0x62, 0x75, 0x69, 0x6c, 0x74, 0x69, 0x6e, 0x00, 0x61, 0x70, 0x70, 0x6c,
    0x79, 0x5f, 0x72, 0x65, 0x64, 0x69, 0x72, 0x65, 0x63, 0x74, 0x69, 0x6f,
    0x6e, 0x73, 0x00, 0x72, 0x75, 0x6e, 0x5f, 0x65, 0x78, 0x74, 0x65, 0x72,
    0x6e, 0x61, 0x6c, 0x00, 0x6c, 0x6f, 0x61, 0x64, 0x5f, 0x68, 0x69, 0x73,
    0x74, 0x00, 0x73, 0x61, 0x76, 0x65, 0x5f, 0x68, 0x69, 0x73, 0x74, 0x00,
    0x70, 0x75, 0x73, 0x68, 0x5f, 0x68, 0x69, 0x73, 0x74, 0x00, 0x65, 0x72,
    0x61, 0x73, 0x65, 0x5f, 0x6e, 0x00, 0x72, 0x65, 0x70, 0x61, 0x69, 0x6e,
    0x74, 0x5f, 0x74, 0x61, 0x69, 0x6c, 0x00, 0x73, 0x79, 0x73, 0x63, 0x61,
    0x6c, 0x6c, 0x2e, 0x63, 0x00, 0x77, 0x72, 0x69, 0x74, 0x65, 0x2e, 0x63,
    0x00, 0x72, 0x65, 0x61, 0x64, 0x2e, 0x63, 0x00, 0x6f, 0x70, 0x65, 0x6e,
    0x2e, 0x63, 0x00, 0x63, 0x6c, 0x6f, 0x73, 0x65, 0x2e, 0x63, 0x00, 0x65,
    0x78, 0x69, 0x74, 0x2e, 0x63, 0x00, 0x67, 0x65, 0x74, 0x75, 0x69, 0x64,
    0x2e, 0x63, 0x00, 0x63, 0x68, 0x64, 0x69, 0x72, 0x2e, 0x63, 0x00, 0x67,
    0x65, 0x74, 0x63, 0x77, 0x64, 0x2e, 0x63, 0x00, 0x65, 0x78, 0x65, 0x63,
    0x76, 0x65, 0x2e, 0x63, 0x00, 0x64, 0x75, 0x70, 0x2e, 0x63, 0x00, 0x6d,
    0x6b, 0x64, 0x69, 0x72, 0x2e, 0x63, 0x00, 0x73, 0x74, 0x72, 0x6c, 0x65,
    0x6e, 0x2e, 0x63, 0x00, 0x73, 0x74, 0x72, 0x63, 0x70, 0x79, 0x2e, 0x63,
    0x00, 0x73, 0x74, 0x72, 0x6e, 0x63, 0x70, 0x79, 0x2e, 0x63, 0x00, 0x73,
    0x74, 0x72, 0x63, 0x6d, 0x70, 0x2e, 0x63, 0x00, 0x6d, 0x65, 0x6d, 0x73,
    0x65, 0x74, 0x2e, 0x63, 0x00, 0x61, 0x74, 0x6f, 0x69, 0x2e, 0x63, 0x00,
    0x73, 0x65, 0x74, 0x75, 0x69, 0x64, 0x2e, 0x63, 0x00, 0x73, 0x65, 0x74,
    0x67, 0x69, 0x64, 0x2e, 0x63, 0x00, 0x63, 0x68, 0x6d, 0x6f, 0x64, 0x2e,
    0x63, 0x00, 0x63, 0x68, 0x6f, 0x77, 0x6e, 0x2e, 0x63, 0x00, 0x73, 0x74,
    0x72, 0x63, 0x70, 0x79, 0x00, 0x73, 0x79, 0x73, 0x63, 0x61, 0x6c, 0x6c,
    0x00, 0x65, 0x78, 0x65, 0x63, 0x76, 0x65, 0x00, 0x64, 0x75, 0x70, 0x32,
    0x00, 0x67, 0x65, 0x74, 0x75, 0x69, 0x64, 0x00, 0x72, 0x6d, 0x64, 0x69,
    0x72, 0x00, 0x63, 0x68, 0x6f, 0x77, 0x6e, 0x00, 0x63, 0x68, 0x6d, 0x6f,
    0x64, 0x00, 0x77, 0x72, 0x69, 0x74, 0x65, 0x00, 0x63, 0x68, 0x64, 0x69,
    0x72, 0x00, 0x5f, 0x73, 0x74, 0x61, 0x72, 0x74, 0x00, 0x5f, 0x73, 0x74,
    0x61, 0x72, 0x74, 0x5f, 0x63, 0x00, 0x73, 0x65, 0x74, 0x67, 0x69, 0x64,
    0x00, 0x72, 0x65, 0x61, 0x64, 0x00, 0x73, 0x74, 0x72, 0x6e, 0x63, 0x70,
    0x79, 0x00, 0x75, 0x6e, 0x6c, 0x69, 0x6e, 0x6b, 0x00, 0x6d, 0x65, 0x6d,
    0x73, 0x65, 0x74, 0x00, 0x6d, 0x61, 0x69, 0x6e, 0x00, 0x73, 0x74, 0x72,
    0x63, 0x6d, 0x70, 0x00, 0x64, 0x75, 0x70, 0x00, 0x67, 0x65, 0x74, 0x63,
    0x77, 0x64, 0x00, 0x65, 0x78, 0x69, 0x74, 0x00, 0x61, 0x74, 0x6f, 0x69,
    0x00, 0x73, 0x74, 0x72, 0x6c, 0x65, 0x6e, 0x00, 0x6f, 0x70, 0x65, 0x6e,
    0x00, 0x73, 0x65, 0x74, 0x75, 0x69, 0x64, 0x00, 0x6d, 0x6b, 0x64, 0x69,
    0x72, 0x00, 0x63, 0x6c, 0x6f, 0x73, 0x65, 0x00, 0x00, 0x2e, 0x73, 0x79,
    0x6d, 0x74, 0x61, 0x62, 0x00, 0x2e, 0x73, 0x74, 0x72, 0x74, 0x61, 0x62,
    0x00, 0x2e, 0x73, 0x68, 0x73, 0x74, 0x72, 0x74, 0x61, 0x62, 0x00, 0x2e,
    0x74, 0x65, 0x78, 0x74, 0x00, 0x2e, 0x72, 0x6f, 0x64, 0x61, 0x74, 0x61,
    0x00, 0x2e, 0x64, 0x61, 0x74, 0x61, 0x00, 0x2e, 0x62, 0x73, 0x73, 0x00,
    0x00, 0x00, 0x00, 0x00, 0x00, 0x00, 0x00, 0x00, 0x00, 0x00, 0x00, 0x00,
    0x00, 0x00, 0x00, 0x00, 0x00, 0x00, 0x00, 0x00, 0x00, 0x00, 0x00, 0x00,
    0x00, 0x00, 0x00, 0x00, 0x00, 0x00, 0x00, 0x00, 0x00, 0x00, 0x00, 0x00,
    0x00, 0x00, 0x00, 0x00, 0x1b, 0x00, 0x00, 0x00, 0x01, 0x00, 0x00, 0x00,
    0x06, 0x00, 0x00, 0x00, 0x00, 0x00, 0x40, 0x00, 0x00, 0x10, 0x00, 0x00,
    0x0f, 0x35, 0x00, 0x00, 0x00, 0x00, 0x00, 0x00, 0x00, 0x00, 0x00, 0x00,
    0x01, 0x00, 0x00, 0x00, 0x00, 0x00, 0x00, 0x00, 0x21, 0x00, 0x00, 0x00,
    0x01, 0x00, 0x00, 0x00, 0x02, 0x00, 0x00, 0x00, 0x10, 0x35, 0x40, 0x00,
    0x10, 0x45, 0x00, 0x00, 0x15, 0x06, 0x00, 0x00, 0x00, 0x00, 0x00, 0x00,
    0x00, 0x00, 0x00, 0x00, 0x04, 0x00, 0x00, 0x00, 0x00, 0x00, 0x00, 0x00,
    0x29, 0x00, 0x00, 0x00, 0x01, 0x00, 0x00, 0x00, 0x03, 0x00, 0x00, 0x00,
    0x30, 0x3b, 0x40, 0x00, 0x30, 0x4b, 0x00, 0x00, 0x30, 0x02, 0x00, 0x00,
    0x00, 0x00, 0x00, 0x00, 0x00, 0x00, 0x00, 0x00, 0x10, 0x00, 0x00, 0x00,
    0x00, 0x00, 0x00, 0x00, 0x2f, 0x00, 0x00, 0x00, 0x08, 0x00, 0x00, 0x00,
    0x03, 0x00, 0x00, 0x00, 0x60, 0x3d, 0x40, 0x00, 0x60, 0x4d, 0x00, 0x00,
    0x40, 0x08, 0x00, 0x00, 0x00, 0x00, 0x00, 0x00, 0x00, 0x00, 0x00, 0x00,
    0x20, 0x00, 0x00, 0x00, 0x00, 0x00, 0x00, 0x00, 0x01, 0x00, 0x00, 0x00,
    0x02, 0x00, 0x00, 0x00, 0x00, 0x00, 0x00, 0x00, 0x00, 0x00, 0x00, 0x00,
    0x60, 0x4d, 0x00, 0x00, 0x00, 0x06, 0x00, 0x00, 0x06, 0x00, 0x00, 0x00,
    0x44, 0x00, 0x00, 0x00, 0x04, 0x00, 0x00, 0x00, 0x10, 0x00, 0x00, 0x00,
    0x09, 0x00, 0x00, 0x00, 0x03, 0x00, 0x00, 0x00, 0x00, 0x00, 0x00, 0x00,
    0x00, 0x00, 0x00, 0x00, 0x60, 0x53, 0x00, 0x00, 0x30, 0x03, 0x00, 0x00,
    0x00, 0x00, 0x00, 0x00, 0x00, 0x00, 0x00, 0x00, 0x01, 0x00, 0x00, 0x00,
    0x00, 0x00, 0x00, 0x00, 0x11, 0x00, 0x00, 0x00, 0x03, 0x00, 0x00, 0x00,
    0x00, 0x00, 0x00, 0x00, 0x00, 0x00, 0x00, 0x00, 0x90, 0x56, 0x00, 0x00,
    0x34, 0x00, 0x00, 0x00, 0x00, 0x00, 0x00, 0x00, 0x00, 0x00, 0x00, 0x00,
    0x01, 0x00, 0x00, 0x00, 0x00, 0x00, 0x00, 0x00,
};
static const uint32_t embedded_vash_elf_size = 22532;
