#pragma once
#include <stdint.h>
static const uint8_t embedded_man_elf[] = {
    0x7f, 0x45, 0x4c, 0x46, 0x01, 0x01, 0x01, 0x00, 0x00, 0x00, 0x00, 0x00,
    0x00, 0x00, 0x00, 0x00, 0x02, 0x00, 0x03, 0x00, 0x01, 0x00, 0x00, 0x00,
    0x00, 0x00, 0x40, 0x00, 0x34, 0x00, 0x00, 0x00, 0xb0, 0x59, 0x00, 0x00,
    0x00, 0x00, 0x00, 0x00, 0x34, 0x00, 0x20, 0x00, 0x02, 0x00, 0x28, 0x00,
    0x06, 0x00, 0x05, 0x00, 0x01, 0x00, 0x00, 0x00, 0x00, 0x10, 0x00, 0x00,
    0x00, 0x00, 0x40, 0x00, 0x00, 0x00, 0x40, 0x00, 0x5b, 0x47, 0x00, 0x00,
    0x5b, 0x47, 0x00, 0x00, 0x05, 0x00, 0x00, 0x00, 0x00, 0x10, 0x00, 0x00,
    0x51, 0xe5, 0x74, 0x64, 0x00, 0x00, 0x00, 0x00, 0x00, 0x00, 0x00, 0x00,
    0x00, 0x00, 0x00, 0x00, 0x00, 0x00, 0x00, 0x00, 0x00, 0x00, 0x00, 0x00,
    0x06, 0x00, 0x00, 0x00, 0x10, 0x00, 0x00, 0x00, 0x00, 0x00, 0x00, 0x00,
    0x00, 0x00, 0x00, 0x00, 0x00, 0x00, 0x00, 0x00, 0x00, 0x00, 0x00, 0x00,
    0x00, 0x00, 0x00, 0x00, 0x00, 0x00, 0x00, 0x00, 0x00, 0x00, 0x00, 0x00,
    0x00, 0x00, 0x00, 0x00, 0x00, 0x00, 0x00, 0x00, 0x00, 0x00, 0x00, 0x00,
    0x00, 0x00, 0x00, 0x00, 0x00, 0x00, 0x00, 0x00, 0x00, 0x00, 0x00, 0x00,
    0x00, 0x00, 0x00, 0x00, 0x00, 0x00, 0x00, 0x00, 0x00, 0x00, 0x00, 0x00,
    0x00, 0x00, 0x00, 0x00, 0x00, 0x00, 0x00, 0x00, 0x00, 0x00, 0x00, 0x00,
    0x00, 0x00, 0x00, 0x00, 0x00, 0x00, 0x00, 0x00, 0x00, 0x00, 0x00, 0x00,
    0x00, 0x00, 0x00, 0x00, 0x00, 0x00, 0x00, 0x00, 0x00, 0x00, 0x00, 0x00,
    0x00, 0x00, 0x00, 0x00, 0x00, 0x00, 0x00, 0x00, 0x00, 0x00, 0x00, 0x00,
    0x00, 0x00, 0x00, 0x00, 0x00, 0x00, 0x00, 0x00, 0x00, 0x00, 0x00, 0x00,
    0x00, 0x00, 0x00, 0x00, 0x00, 0x00, 0x00, 0x00, 0x00, 0x00, 0x00, 0x00,
    0x00, 0x00, 0x00, 0x00, 0x00, 0x00, 0x00, 0x00, 0x00, 0x00, 0x00, 0x00,
    0x00, 0x00, 0x00, 0x00, 0x00, 0x00, 0x00, 0x00, 0x00, 0x00, 0x00, 0x00,
    0x00, 0x00, 0x00, 0x00, 0x00, 0x00, 0x00, 0x00, 0x00, 0x00, 0x00, 0x00,
    0x00, 0x00, 0x00, 0x00, 0x00, 0x00, 0x00, 0x00, 0x00, 0x00, 0x00, 0x00,
    0x00, 0x00, 0x00, 0x00, 0x00, 0x00, 0x00, 0x00, 0x00, 0x00, 0x00, 0x00,
    0x00, 0x00, 0x00, 0x00, 0x00, 0x00, 0x00, 0x00, 0x00, 0x00, 0x00, 0x00,
    0x00, 0x00, 0x00, 0x00, 0x00, 0x00, 0x00, 0x00, 0x00, 0x00, 0x00, 0x00,
    0x00, 0x00, 0x00, 0x00, 0x00, 0x00, 0x00, 0x00, 0x00, 0x00, 0x00, 0x00,
    0x00, 0x00, 0x00, 0x00, 0x00, 0x00, 0x00, 0x00, 0x00, 0x00, 0x00, 0x00,
    0x00, 0x00, 0x00, 0x00, 0x00, 0x00, 0x00, 0x00, 0x00, 0x00, 0x00, 0x00,
    0x00, 0x00, 0x00, 0x00, 0x00, 0x00, 0x00, 0x00, 0x00, 0x00, 0x00, 0x00,
    0x00, 0x00, 0x00, 0x00, 0x00, 0x00, 0x00, 0x00, 0x00, 0x00, 0x00, 0x00,
    0x00, 0x00, 0x00, 0x00, 0x00, 0x00, 0x00, 0x00, 0x00, 0x00, 0x00, 0x00,
    0x00, 0x00, 0x00, 0x00, 0x00, 0x00, 0x00, 0x00, 0x00, 0x00, 0x00, 0x00,
    0x00, 0x00, 0x00, 0x00, 0x00, 0x00, 0x00, 0x00, 0x00, 0x00, 0x00, 0x00,
    0x00, 0x00, 0x00, 0x00, 0x00, 0x00, 0x00, 0x00, 0x00, 0x00, 0x00, 0x00,
    0x00, 0x00, 0x00, 0x00, 0x00, 0x00, 0x00, 0x00, 0x00, 0x00, 0x00, 0x00,
    0x00, 0x00, 0x00, 0x00, 0x00, 0x00, 0x00, 0x00, 0x00, 0x00, 0x00, 0x00,
    0x00, 0x00, 0x00, 0x00, 0x00, 0x00, 0x00, 0x00, 0x00, 0x00, 0x00, 0x00,
    0x00, 0x00, 0x00, 0x00, 0x00, 0x00, 0x00, 0x00, 0x00, 0x00, 0x00, 0x00,
    0x00, 0x00, 0x00, 0x00, 0x00, 0x00, 0x00, 0x00, 0x00, 0x00, 0x00, 0x00,
    0x00, 0x00, 0x00, 0x00, 0x00, 0x00, 0x00, 0x00, 0x00, 0x00, 0x00, 0x00,
    0x00, 0x00, 0x00, 0x00, 0x00, 0x00, 0x00, 0x00, 0x00, 0x00, 0x00, 0x00,
    0x00, 0x00, 0x00, 0x00, 0x00, 0x00, 0x00, 0x00, 0x00, 0x00, 0x00, 0x00,
    0x00, 0x00, 0x00, 0x00, 0x00, 0x00, 0x00, 0x00, 0x00, 0x00, 0x00, 0x00,
    0x00, 0x00, 0x00, 0x00, 0x00, 0x00, 0x00, 0x00, 0x00, 0x00, 0x00, 0x00,
    0x00, 0x00, 0x00, 0x00, 0x00, 0x00, 0x00, 0x00, 0x00, 0x00, 0x00, 0x00,
    0x00, 0x00, 0x00, 0x00, 0x00, 0x00, 0x00, 0x00, 0x00, 0x00, 0x00, 0x00,
    0x00, 0x00, 0x00, 0x00, 0x00, 0x00, 0x00, 0x00, 0x00, 0x00, 0x00, 0x00,
    0x00, 0x00, 0x00, 0x00, 0x00, 0x00, 0x00, 0x00, 0x00, 0x00, 0x00, 0x00,
    0x00, 0x00, 0x00, 0x00, 0x00, 0x00, 0x00, 0x00, 0x00, 0x00, 0x00, 0x00,
    0x00, 0x00, 0x00, 0x00, 0x00, 0x00, 0x00, 0x00, 0x00, 0x00, 0x00, 0x00,
    0x00, 0x00, 0x00, 0x00, 0x00, 0x00, 0x00, 0x00, 0x00, 0x00, 0x00, 0x00,
    0x00, 0x00, 0x00, 0x00, 0x00, 0x00, 0x00, 0x00, 0x00, 0x00, 0x00, 0x00,
    0x00, 0x00, 0x00, 0x00, 0x00, 0x00, 0x00, 0x00, 0x00, 0x00, 0x00, 0x00,
    0x00, 0x00, 0x00, 0x00, 0x00, 0x00, 0x00, 0x00, 0x00, 0x00, 0x00, 0x00,
    0x00, 0x00, 0x00, 0x00, 0x00, 0x00, 0x00, 0x00, 0x00, 0x00, 0x00, 0x00,
    0x00, 0x00, 0x00, 0x00, 0x00, 0x00, 0x00, 0x00, 0x00, 0x00, 0x00, 0x00,
    0x00, 0x00, 0x00, 0x00, 0x00, 0x00, 0x00, 0x00, 0x00, 0x00, 0x00, 0x00,
    0x00, 0x00, 0x00, 0x00, 0x00, 0x00, 0x00, 0x00, 0x00, 0x00, 0x00, 0x00,
    0x00, 0x00, 0x00, 0x00, 0x00, 0x00, 0x00, 0x00, 0x00, 0x00, 0x00, 0x00,
    0x00, 0x00, 0x00, 0x00, 0x00, 0x00, 0x00, 0x00, 0x00, 0x00, 0x00, 0x00,
    0x00, 0x00, 0x00, 0x00, 0x00, 0x00, 0x00, 0x00, 0x00, 0x00, 0x00, 0x00,
    0x00, 0x00, 0x00, 0x00, 0x00, 0x00, 0x00, 0x00, 0x00, 0x00, 0x00, 0x00,
    0x00, 0x00, 0x00, 0x00, 0x00, 0x00, 0x00, 0x00, 0x00, 0x00, 0x00, 0x00,
    0x00, 0x00, 0x00, 0x00, 0x00, 0x00, 0x00, 0x00, 0x00, 0x00, 0x00, 0x00,
    0x00, 0x00, 0x00, 0x00, 0x00, 0x00, 0x00, 0x00, 0x00, 0x00, 0x00, 0x00,
    0x00, 0x00, 0x00, 0x00, 0x00, 0x00, 0x00, 0x00, 0x00, 0x00, 0x00, 0x00,
    0x00, 0x00, 0x00, 0x00, 0x00, 0x00, 0x00, 0x00, 0x00, 0x00, 0x00, 0x00,
    0x00, 0x00, 0x00, 0x00, 0x00, 0x00, 0x00, 0x00, 0x00, 0x00, 0x00, 0x00,
    0x00, 0x00, 0x00, 0x00, 0x00, 0x00, 0x00, 0x00, 0x00, 0x00, 0x00, 0x00,
    0x00, 0x00, 0x00, 0x00, 0x00, 0x00, 0x00, 0x00, 0x00, 0x00, 0x00, 0x00,
    0x00, 0x00, 0x00, 0x00, 0x00, 0x00, 0x00, 0x00, 0x00, 0x00, 0x00, 0x00,
    0x00, 0x00, 0x00, 0x00, 0x00, 0x00, 0x00, 0x00, 0x00, 0x00, 0x00, 0x00,
    0x00, 0x00, 0x00, 0x00, 0x00, 0x00, 0x00, 0x00, 0x00, 0x00, 0x00, 0x00,
    0x00, 0x00, 0x00, 0x00, 0x00, 0x00, 0x00, 0x00, 0x00, 0x00, 0x00, 0x00,
    0x00, 0x00, 0x00, 0x00, 0x00, 0x00, 0x00, 0x00, 0x00, 0x00, 0x00, 0x00,
    0x00, 0x00, 0x00, 0x00, 0x00, 0x00, 0x00, 0x00, 0x00, 0x00, 0x00, 0x00,
    0x00, 0x00, 0x00, 0x00, 0x00, 0x00, 0x00, 0x00, 0x00, 0x00, 0x00, 0x00,
    0x00, 0x00, 0x00, 0x00, 0x00, 0x00, 0x00, 0x00, 0x00, 0x00, 0x00, 0x00,
    0x00, 0x00, 0x00, 0x00, 0x00, 0x00, 0x00, 0x00, 0x00, 0x00, 0x00, 0x00,
    0x00, 0x00, 0x00, 0x00, 0x00, 0x00, 0x00, 0x00, 0x00, 0x00, 0x00, 0x00,
    0x00, 0x00, 0x00, 0x00, 0x00, 0x00, 0x00, 0x00, 0x00, 0x00, 0x00, 0x00,
    0x00, 0x00, 0x00, 0x00, 0x00, 0x00, 0x00, 0x00, 0x00, 0x00, 0x00, 0x00,
    0x00, 0x00, 0x00, 0x00, 0x00, 0x00, 0x00, 0x00, 0x00, 0x00, 0x00, 0x00,
    0x00, 0x00, 0x00, 0x00, 0x00, 0x00, 0x00, 0x00, 0x00, 0x00, 0x00, 0x00,
    0x00, 0x00, 0x00, 0x00, 0x00, 0x00, 0x00, 0x00, 0x00, 0x00, 0x00, 0x00,
    0x00, 0x00, 0x00, 0x00, 0x00, 0x00, 0x00, 0x00, 0x00, 0x00, 0x00, 0x00,
    0x00, 0x00, 0x00, 0x00, 0x00, 0x00, 0x00, 0x00, 0x00, 0x00, 0x00, 0x00,
    0x00, 0x00, 0x00, 0x00, 0x00, 0x00, 0x00, 0x00, 0x00, 0x00, 0x00, 0x00,
    0x00, 0x00, 0x00, 0x00, 0x00, 0x00, 0x00, 0x00, 0x00, 0x00, 0x00, 0x00,
    0x00, 0x00, 0x00, 0x00, 0x00, 0x00, 0x00, 0x00, 0x00, 0x00, 0x00, 0x00,
    0x00, 0x00, 0x00, 0x00, 0x00, 0x00, 0x00, 0x00, 0x00, 0x00, 0x00, 0x00,
    0x00, 0x00, 0x00, 0x00, 0x00, 0x00, 0x00, 0x00, 0x00, 0x00, 0x00, 0x00,
    0x00, 0x00, 0x00, 0x00, 0x00, 0x00, 0x00, 0x00, 0x00, 0x00, 0x00, 0x00,
    0x00, 0x00, 0x00, 0x00, 0x00, 0x00, 0x00, 0x00, 0x00, 0x00, 0x00, 0x00,
    0x00, 0x00, 0x00, 0x00, 0x00, 0x00, 0x00, 0x00, 0x00, 0x00, 0x00, 0x00,
    0x00, 0x00, 0x00, 0x00, 0x00, 0x00, 0x00, 0x00, 0x00, 0x00, 0x00, 0x00,
    0x00, 0x00, 0x00, 0x00, 0x00, 0x00, 0x00, 0x00, 0x00, 0x00, 0x00, 0x00,
    0x00, 0x00, 0x00, 0x00, 0x00, 0x00, 0x00, 0x00, 0x00, 0x00, 0x00, 0x00,
    0x00, 0x00, 0x00, 0x00, 0x00, 0x00, 0x00, 0x00, 0x00, 0x00, 0x00, 0x00,
    0x00, 0x00, 0x00, 0x00, 0x00, 0x00, 0x00, 0x00, 0x00, 0x00, 0x00, 0x00,
    0x00, 0x00, 0x00, 0x00, 0x00, 0x00, 0x00, 0x00, 0x00, 0x00, 0x00, 0x00,
    0x00, 0x00, 0x00, 0x00, 0x00, 0x00, 0x00, 0x00, 0x00, 0x00, 0x00, 0x00,
    0x00, 0x00, 0x00, 0x00, 0x00, 0x00, 0x00, 0x00, 0x00, 0x00, 0x00, 0x00,
    0x00, 0x00, 0x00, 0x00, 0x00, 0x00, 0x00, 0x00, 0x00, 0x00, 0x00, 0x00,
    0x00, 0x00, 0x00, 0x00, 0x00, 0x00, 0x00, 0x00, 0x00, 0x00, 0x00, 0x00,
    0x00, 0x00, 0x00, 0x00, 0x00, 0x00, 0x00, 0x00, 0x00, 0x00, 0x00, 0x00,
    0x00, 0x00, 0x00, 0x00, 0x00, 0x00, 0x00, 0x00, 0x00, 0x00, 0x00, 0x00,
    0x00, 0x00, 0x00, 0x00, 0x00, 0x00, 0x00, 0x00, 0x00, 0x00, 0x00, 0x00,
    0x00, 0x00, 0x00, 0x00, 0x00, 0x00, 0x00, 0x00, 0x00, 0x00, 0x00, 0x00,
    0x00, 0x00, 0x00, 0x00, 0x00, 0x00, 0x00, 0x00, 0x00, 0x00, 0x00, 0x00,
    0x00, 0x00, 0x00, 0x00, 0x00, 0x00, 0x00, 0x00, 0x00, 0x00, 0x00, 0x00,
    0x00, 0x00, 0x00, 0x00, 0x00, 0x00, 0x00, 0x00, 0x00, 0x00, 0x00, 0x00,
    0x00, 0x00, 0x00, 0x00, 0x00, 0x00, 0x00, 0x00, 0x00, 0x00, 0x00, 0x00,
    0x00, 0x00, 0x00, 0x00, 0x00, 0x00, 0x00, 0x00, 0x00, 0x00, 0x00, 0x00,
    0x00, 0x00, 0x00, 0x00, 0x00, 0x00, 0x00, 0x00, 0x00, 0x00, 0x00, 0x00,
    0x00, 0x00, 0x00, 0x00, 0x00, 0x00, 0x00, 0x00, 0x00, 0x00, 0x00, 0x00,
    0x00, 0x00, 0x00, 0x00, 0x00, 0x00, 0x00, 0x00, 0x00, 0x00, 0x00, 0x00,
    0x00, 0x00, 0x00, 0x00, 0x00, 0x00, 0x00, 0x00, 0x00, 0x00, 0x00, 0x00,
    0x00, 0x00, 0x00, 0x00, 0x00, 0x00, 0x00, 0x00, 0x00, 0x00, 0x00, 0x00,
    0x00, 0x00, 0x00, 0x00, 0x00, 0x00, 0x00, 0x00, 0x00, 0x00, 0x00, 0x00,
    0x00, 0x00, 0x00, 0x00, 0x00, 0x00, 0x00, 0x00, 0x00, 0x00, 0x00, 0x00,
    0x00, 0x00, 0x00, 0x00, 0x00, 0x00, 0x00, 0x00, 0x00, 0x00, 0x00, 0x00,
    0x00, 0x00, 0x00, 0x00, 0x00, 0x00, 0x00, 0x00, 0x00, 0x00, 0x00, 0x00,
    0x00, 0x00, 0x00, 0x00, 0x00, 0x00, 0x00, 0x00, 0x00, 0x00, 0x00, 0x00,
    0x00, 0x00, 0x00, 0x00, 0x00, 0x00, 0x00, 0x00, 0x00, 0x00, 0x00, 0x00,
    0x00, 0x00, 0x00, 0x00, 0x00, 0x00, 0x00, 0x00, 0x00, 0x00, 0x00, 0x00,
    0x00, 0x00, 0x00, 0x00, 0x00, 0x00, 0x00, 0x00, 0x00, 0x00, 0x00, 0x00,
    0x00, 0x00, 0x00, 0x00, 0x00, 0x00, 0x00, 0x00, 0x00, 0x00, 0x00, 0x00,
    0x00, 0x00, 0x00, 0x00, 0x00, 0x00, 0x00, 0x00, 0x00, 0x00, 0x00, 0x00,
    0x00, 0x00, 0x00, 0x00, 0x00, 0x00, 0x00, 0x00, 0x00, 0x00, 0x00, 0x00,
    0x00, 0x00, 0x00, 0x00, 0x00, 0x00, 0x00, 0x00, 0x00, 0x00, 0x00, 0x00,
    0x00, 0x00, 0x00, 0x00, 0x00, 0x00, 0x00, 0x00, 0x00, 0x00, 0x00, 0x00,
    0x00, 0x00, 0x00, 0x00, 0x00, 0x00, 0x00, 0x00, 0x00, 0x00, 0x00, 0x00,
    0x00, 0x00, 0x00, 0x00, 0x00, 0x00, 0x00, 0x00, 0x00, 0x00, 0x00, 0x00,
    0x00, 0x00, 0x00, 0x00, 0x00, 0x00, 0x00, 0x00, 0x00, 0x00, 0x00, 0x00,
    0x00, 0x00, 0x00, 0x00, 0x00, 0x00, 0x00, 0x00, 0x00, 0x00, 0x00, 0x00,
    0x00, 0x00, 0x00, 0x00, 0x00, 0x00, 0x00, 0x00, 0x00, 0x00, 0x00, 0x00,
    0x00, 0x00, 0x00, 0x00, 0x00, 0x00, 0x00, 0x00, 0x00, 0x00, 0x00, 0x00,
    0x00, 0x00, 0x00, 0x00, 0x00, 0x00, 0x00, 0x00, 0x00, 0x00, 0x00, 0x00,
    0x00, 0x00, 0x00, 0x00, 0x00, 0x00, 0x00, 0x00, 0x00, 0x00, 0x00, 0x00,
    0x00, 0x00, 0x00, 0x00, 0x00, 0x00, 0x00, 0x00, 0x00, 0x00, 0x00, 0x00,
    0x00, 0x00, 0x00, 0x00, 0x00, 0x00, 0x00, 0x00, 0x00, 0x00, 0x00, 0x00,
    0x00, 0x00, 0x00, 0x00, 0x00, 0x00, 0x00, 0x00, 0x00, 0x00, 0x00, 0x00,
    0x00, 0x00, 0x00, 0x00, 0x00, 0x00, 0x00, 0x00, 0x00, 0x00, 0x00, 0x00,
    0x00, 0x00, 0x00, 0x00, 0x00, 0x00, 0x00, 0x00, 0x00, 0x00, 0x00, 0x00,
    0x00, 0x00, 0x00, 0x00, 0x00, 0x00, 0x00, 0x00, 0x00, 0x00, 0x00, 0x00,
    0x00, 0x00, 0x00, 0x00, 0x00, 0x00, 0x00, 0x00, 0x00, 0x00, 0x00, 0x00,
    0x00, 0x00, 0x00, 0x00, 0x00, 0x00, 0x00, 0x00, 0x00, 0x00, 0x00, 0x00,
    0x00, 0x00, 0x00, 0x00, 0x00, 0x00, 0x00, 0x00, 0x00, 0x00, 0x00, 0x00,
    0x00, 0x00, 0x00, 0x00, 0x00, 0x00, 0x00, 0x00, 0x00, 0x00, 0x00, 0x00,
    0x00, 0x00, 0x00, 0x00, 0x00, 0x00, 0x00, 0x00, 0x00, 0x00, 0x00, 0x00,
    0x00, 0x00, 0x00, 0x00, 0x00, 0x00, 0x00, 0x00, 0x00, 0x00, 0x00, 0x00,
    0x00, 0x00, 0x00, 0x00, 0x00, 0x00, 0x00, 0x00, 0x00, 0x00, 0x00, 0x00,
    0x00, 0x00, 0x00, 0x00, 0x00, 0x00, 0x00, 0x00, 0x00, 0x00, 0x00, 0x00,
    0x00, 0x00, 0x00, 0x00, 0x00, 0x00, 0x00, 0x00, 0x00, 0x00, 0x00, 0x00,
    0x00, 0x00, 0x00, 0x00, 0x00, 0x00, 0x00, 0x00, 0x00, 0x00, 0x00, 0x00,
    0x00, 0x00, 0x00, 0x00, 0x00, 0x00, 0x00, 0x00, 0x00, 0x00, 0x00, 0x00,
    0x00, 0x00, 0x00, 0x00, 0x00, 0x00, 0x00, 0x00, 0x00, 0x00, 0x00, 0x00,
    0x00, 0x00, 0x00, 0x00, 0x00, 0x00, 0x00, 0x00, 0x00, 0x00, 0x00, 0x00,
    0x00, 0x00, 0x00, 0x00, 0x00, 0x00, 0x00, 0x00, 0x00, 0x00, 0x00, 0x00,
    0x00, 0x00, 0x00, 0x00, 0x00, 0x00, 0x00, 0x00, 0x00, 0x00, 0x00, 0x00,
    0x00, 0x00, 0x00, 0x00, 0x00, 0x00, 0x00, 0x00, 0x00, 0x00, 0x00, 0x00,
    0x00, 0x00, 0x00, 0x00, 0x00, 0x00, 0x00, 0x00, 0x00, 0x00, 0x00, 0x00,
    0x00, 0x00, 0x00, 0x00, 0x00, 0x00, 0x00, 0x00, 0x00, 0x00, 0x00, 0x00,
    0x00, 0x00, 0x00, 0x00, 0x00, 0x00, 0x00, 0x00, 0x00, 0x00, 0x00, 0x00,
    0x00, 0x00, 0x00, 0x00, 0x00, 0x00, 0x00, 0x00, 0x00, 0x00, 0x00, 0x00,
    0x00, 0x00, 0x00, 0x00, 0x00, 0x00, 0x00, 0x00, 0x00, 0x00, 0x00, 0x00,
    0x00, 0x00, 0x00, 0x00, 0x00, 0x00, 0x00, 0x00, 0x00, 0x00, 0x00, 0x00,
    0x00, 0x00, 0x00, 0x00, 0x00, 0x00, 0x00, 0x00, 0x00, 0x00, 0x00, 0x00,
    0x00, 0x00, 0x00, 0x00, 0x00, 0x00, 0x00, 0x00, 0x00, 0x00, 0x00, 0x00,
    0x00, 0x00, 0x00, 0x00, 0x00, 0x00, 0x00, 0x00, 0x00, 0x00, 0x00, 0x00,
    0x00, 0x00, 0x00, 0x00, 0x00, 0x00, 0x00, 0x00, 0x00, 0x00, 0x00, 0x00,
    0x00, 0x00, 0x00, 0x00, 0x00, 0x00, 0x00, 0x00, 0x00, 0x00, 0x00, 0x00,
    0x00, 0x00, 0x00, 0x00, 0x00, 0x00, 0x00, 0x00, 0x00, 0x00, 0x00, 0x00,
    0x00, 0x00, 0x00, 0x00, 0x00, 0x00, 0x00, 0x00, 0x00, 0x00, 0x00, 0x00,
    0x00, 0x00, 0x00, 0x00, 0x00, 0x00, 0x00, 0x00, 0x00, 0x00, 0x00, 0x00,
    0x00, 0x00, 0x00, 0x00, 0x00, 0x00, 0x00, 0x00, 0x00, 0x00, 0x00, 0x00,
    0x00, 0x00, 0x00, 0x00, 0x00, 0x00, 0x00, 0x00, 0x00, 0x00, 0x00, 0x00,
    0x00, 0x00, 0x00, 0x00, 0x00, 0x00, 0x00, 0x00, 0x00, 0x00, 0x00, 0x00,
    0x00, 0x00, 0x00, 0x00, 0x00, 0x00, 0x00, 0x00, 0x00, 0x00, 0x00, 0x00,
    0x00, 0x00, 0x00, 0x00, 0x00, 0x00, 0x00, 0x00, 0x00, 0x00, 0x00, 0x00,
    0x00, 0x00, 0x00, 0x00, 0x00, 0x00, 0x00, 0x00, 0x00, 0x00, 0x00, 0x00,
    0x00, 0x00, 0x00, 0x00, 0x00, 0x00, 0x00, 0x00, 0x00, 0x00, 0x00, 0x00,
    0x00, 0x00, 0x00, 0x00, 0x00, 0x00, 0x00, 0x00, 0x00, 0x00, 0x00, 0x00,
    0x00, 0x00, 0x00, 0x00, 0x00, 0x00, 0x00, 0x00, 0x00, 0x00, 0x00, 0x00,
    0x00, 0x00, 0x00, 0x00, 0x00, 0x00, 0x00, 0x00, 0x00, 0x00, 0x00, 0x00,
    0x00, 0x00, 0x00, 0x00, 0x00, 0x00, 0x00, 0x00, 0x00, 0x00, 0x00, 0x00,
    0x00, 0x00, 0x00, 0x00, 0x00, 0x00, 0x00, 0x00, 0x00, 0x00, 0x00, 0x00,
    0x00, 0x00, 0x00, 0x00, 0x00, 0x00, 0x00, 0x00, 0x00, 0x00, 0x00, 0x00,
    0x00, 0x00, 0x00, 0x00, 0x00, 0x00, 0x00, 0x00, 0x00, 0x00, 0x00, 0x00,
    0x00, 0x00, 0x00, 0x00, 0x00, 0x00, 0x00, 0x00, 0x00, 0x00, 0x00, 0x00,
    0x00, 0x00, 0x00, 0x00, 0x00, 0x00, 0x00, 0x00, 0x00, 0x00, 0x00, 0x00,
    0x00, 0x00, 0x00, 0x00, 0x00, 0x00, 0x00, 0x00, 0x00, 0x00, 0x00, 0x00,
    0x00, 0x00, 0x00, 0x00, 0x00, 0x00, 0x00, 0x00, 0x00, 0x00, 0x00, 0x00,
    0x00, 0x00, 0x00, 0x00, 0x00, 0x00, 0x00, 0x00, 0x00, 0x00, 0x00, 0x00,
    0x00, 0x00, 0x00, 0x00, 0x00, 0x00, 0x00, 0x00, 0x00, 0x00, 0x00, 0x00,
    0x00, 0x00, 0x00, 0x00, 0x00, 0x00, 0x00, 0x00, 0x00, 0x00, 0x00, 0x00,
    0x00, 0x00, 0x00, 0x00, 0x00, 0x00, 0x00, 0x00, 0x00, 0x00, 0x00, 0x00,
    0x00, 0x00, 0x00, 0x00, 0x00, 0x00, 0x00, 0x00, 0x00, 0x00, 0x00, 0x00,
    0x00, 0x00, 0x00, 0x00, 0x00, 0x00, 0x00, 0x00, 0x00, 0x00, 0x00, 0x00,
    0x00, 0x00, 0x00, 0x00, 0x00, 0x00, 0x00, 0x00, 0x00, 0x00, 0x00, 0x00,
    0x00, 0x00, 0x00, 0x00, 0x00, 0x00, 0x00, 0x00, 0x00, 0x00, 0x00, 0x00,
    0x00, 0x00, 0x00, 0x00, 0x00, 0x00, 0x00, 0x00, 0x00, 0x00, 0x00, 0x00,
    0x00, 0x00, 0x00, 0x00, 0x00, 0x00, 0x00, 0x00, 0x00, 0x00, 0x00, 0x00,
    0x00, 0x00, 0x00, 0x00, 0x00, 0x00, 0x00, 0x00, 0x00, 0x00, 0x00, 0x00,
    0x00, 0x00, 0x00, 0x00, 0x00, 0x00, 0x00, 0x00, 0x00, 0x00, 0x00, 0x00,
    0x00, 0x00, 0x00, 0x00, 0x00, 0x00, 0x00, 0x00, 0x00, 0x00, 0x00, 0x00,
    0x00, 0x00, 0x00, 0x00, 0x00, 0x00, 0x00, 0x00, 0x00, 0x00, 0x00, 0x00,
    0x00, 0x00, 0x00, 0x00, 0x00, 0x00, 0x00, 0x00, 0x00, 0x00, 0x00, 0x00,
    0x00, 0x00, 0x00, 0x00, 0x00, 0x00, 0x00, 0x00, 0x00, 0x00, 0x00, 0x00,
    0x00, 0x00, 0x00, 0x00, 0x00, 0x00, 0x00, 0x00, 0x00, 0x00, 0x00, 0x00,
    0x00, 0x00, 0x00, 0x00, 0x00, 0x00, 0x00, 0x00, 0x00, 0x00, 0x00, 0x00,
    0x00, 0x00, 0x00, 0x00, 0x00, 0x00, 0x00, 0x00, 0x00, 0x00, 0x00, 0x00,
    0x00, 0x00, 0x00, 0x00, 0x00, 0x00, 0x00, 0x00, 0x00, 0x00, 0x00, 0x00,
    0x00, 0x00, 0x00, 0x00, 0x00, 0x00, 0x00, 0x00, 0x00, 0x00, 0x00, 0x00,
    0x00, 0x00, 0x00, 0x00, 0x00, 0x00, 0x00, 0x00, 0x00, 0x00, 0x00, 0x00,
    0x00, 0x00, 0x00, 0x00, 0x00, 0x00, 0x00, 0x00, 0x00, 0x00, 0x00, 0x00,
    0x00, 0x00, 0x00, 0x00, 0x00, 0x00, 0x00, 0x00, 0x00, 0x00, 0x00, 0x00,
    0x00, 0x00, 0x00, 0x00, 0x00, 0x00, 0x00, 0x00, 0x00, 0x00, 0x00, 0x00,
    0x00, 0x00, 0x00, 0x00, 0x00, 0x00, 0x00, 0x00, 0x00, 0x00, 0x00, 0x00,
    0x00, 0x00, 0x00, 0x00, 0x00, 0x00, 0x00, 0x00, 0x00, 0x00, 0x00, 0x00,
    0x00, 0x00, 0x00, 0x00, 0x00, 0x00, 0x00, 0x00, 0x00, 0x00, 0x00, 0x00,
    0x00, 0x00, 0x00, 0x00, 0x00, 0x00, 0x00, 0x00, 0x00, 0x00, 0x00, 0x00,
    0x00, 0x00, 0x00, 0x00, 0x00, 0x00, 0x00, 0x00, 0x00, 0x00, 0x00, 0x00,
    0x00, 0x00, 0x00, 0x00, 0x00, 0x00, 0x00, 0x00, 0x00, 0x00, 0x00, 0x00,
    0x00, 0x00, 0x00, 0x00, 0x00, 0x00, 0x00, 0x00, 0x00, 0x00, 0x00, 0x00,
    0x00, 0x00, 0x00, 0x00, 0x00, 0x00, 0x00, 0x00, 0x00, 0x00, 0x00, 0x00,
    0x00, 0x00, 0x00, 0x00, 0x00, 0x00, 0x00, 0x00, 0x00, 0x00, 0x00, 0x00,
    0x00, 0x00, 0x00, 0x00, 0x00, 0x00, 0x00, 0x00, 0x00, 0x00, 0x00, 0x00,
    0x00, 0x00, 0x00, 0x00, 0x00, 0x00, 0x00, 0x00, 0x00, 0x00, 0x00, 0x00,
    0x00, 0x00, 0x00, 0x00, 0x00, 0x00, 0x00, 0x00, 0x00, 0x00, 0x00, 0x00,
    0x00, 0x00, 0x00, 0x00, 0x00, 0x00, 0x00, 0x00, 0x00, 0x00, 0x00, 0x00,
    0x00, 0x00, 0x00, 0x00, 0x00, 0x00, 0x00, 0x00, 0x00, 0x00, 0x00, 0x00,
    0x00, 0x00, 0x00, 0x00, 0x00, 0x00, 0x00, 0x00, 0x00, 0x00, 0x00, 0x00,
    0x00, 0x00, 0x00, 0x00, 0x00, 0x00, 0x00, 0x00, 0x00, 0x00, 0x00, 0x00,
    0x00, 0x00, 0x00, 0x00, 0x00, 0x00, 0x00, 0x00, 0x00, 0x00, 0x00, 0x00,
    0x00, 0x00, 0x00, 0x00, 0x00, 0x00, 0x00, 0x00, 0x00, 0x00, 0x00, 0x00,
    0x00, 0x00, 0x00, 0x00, 0x00, 0x00, 0x00, 0x00, 0x00, 0x00, 0x00, 0x00,
    0x00, 0x00, 0x00, 0x00, 0x00, 0x00, 0x00, 0x00, 0x00, 0x00, 0x00, 0x00,
    0x00, 0x00, 0x00, 0x00, 0x00, 0x00, 0x00, 0x00, 0x00, 0x00, 0x00, 0x00,
    0x00, 0x00, 0x00, 0x00, 0x00, 0x00, 0x00, 0x00, 0x00, 0x00, 0x00, 0x00,
    0x00, 0x00, 0x00, 0x00, 0x00, 0x00, 0x00, 0x00, 0x00, 0x00, 0x00, 0x00,
    0x00, 0x00, 0x00, 0x00, 0x00, 0x00, 0x00, 0x00, 0x00, 0x00, 0x00, 0x00,
    0x00, 0x00, 0x00, 0x00, 0x00, 0x00, 0x00, 0x00, 0x00, 0x00, 0x00, 0x00,
    0x00, 0x00, 0x00, 0x00, 0x00, 0x00, 0x00, 0x00, 0x00, 0x00, 0x00, 0x00,
    0x00, 0x00, 0x00, 0x00, 0x00, 0x00, 0x00, 0x00, 0x00, 0x00, 0x00, 0x00,
    0x00, 0x00, 0x00, 0x00, 0x00, 0x00, 0x00, 0x00, 0x00, 0x00, 0x00, 0x00,
    0x00, 0x00, 0x00, 0x00, 0x00, 0x00, 0x00, 0x00, 0x00, 0x00, 0x00, 0x00,
    0x00, 0x00, 0x00, 0x00, 0x00, 0x00, 0x00, 0x00, 0x00, 0x00, 0x00, 0x00,
    0x00, 0x00, 0x00, 0x00, 0x00, 0x00, 0x00, 0x00, 0x00, 0x00, 0x00, 0x00,
    0x00, 0x00, 0x00, 0x00, 0x00, 0x00, 0x00, 0x00, 0x00, 0x00, 0x00, 0x00,
    0x00, 0x00, 0x00, 0x00, 0x00, 0x00, 0x00, 0x00, 0x00, 0x00, 0x00, 0x00,
    0x00, 0x00, 0x00, 0x00, 0x00, 0x00, 0x00, 0x00, 0x00, 0x00, 0x00, 0x00,
    0x00, 0x00, 0x00, 0x00, 0x00, 0x00, 0x00, 0x00, 0x00, 0x00, 0x00, 0x00,
    0x00, 0x00, 0x00, 0x00, 0x00, 0x00, 0x00, 0x00, 0x00, 0x00, 0x00, 0x00,
    0x00, 0x00, 0x00, 0x00, 0x00, 0x00, 0x00, 0x00, 0x00, 0x00, 0x00, 0x00,
    0x00, 0x00, 0x00, 0x00, 0x00, 0x00, 0x00, 0x00, 0x00, 0x00, 0x00, 0x00,
    0x00, 0x00, 0x00, 0x00, 0x00, 0x00, 0x00, 0x00, 0x00, 0x00, 0x00, 0x00,
    0x00, 0x00, 0x00, 0x00, 0x00, 0x00, 0x00, 0x00, 0x00, 0x00, 0x00, 0x00,
    0x00, 0x00, 0x00, 0x00, 0x00, 0x00, 0x00, 0x00, 0x00, 0x00, 0x00, 0x00,
    0x00, 0x00, 0x00, 0x00, 0x00, 0x00, 0x00, 0x00, 0x00, 0x00, 0x00, 0x00,
    0x00, 0x00, 0x00, 0x00, 0x00, 0x00, 0x00, 0x00, 0x00, 0x00, 0x00, 0x00,
    0x00, 0x00, 0x00, 0x00, 0x00, 0x00, 0x00, 0x00, 0x00, 0x00, 0x00, 0x00,
    0x00, 0x00, 0x00, 0x00, 0x00, 0x00, 0x00, 0x00, 0x00, 0x00, 0x00, 0x00,
    0x00, 0x00, 0x00, 0x00, 0x00, 0x00, 0x00, 0x00, 0x00, 0x00, 0x00, 0x00,
    0x00, 0x00, 0x00, 0x00, 0x00, 0x00, 0x00, 0x00, 0x00, 0x00, 0x00, 0x00,
    0x00, 0x00, 0x00, 0x00, 0x00, 0x00, 0x00, 0x00, 0x00, 0x00, 0x00, 0x00,
    0x00, 0x00, 0x00, 0x00, 0x00, 0x00, 0x00, 0x00, 0x00, 0x00, 0x00, 0x00,
    0x00, 0x00, 0x00, 0x00, 0x00, 0x00, 0x00, 0x00, 0x00, 0x00, 0x00, 0x00,
    0x00, 0x00, 0x00, 0x00, 0x00, 0x00, 0x00, 0x00, 0x00, 0x00, 0x00, 0x00,
    0x00, 0x00, 0x00, 0x00, 0x00, 0x00, 0x00, 0x00, 0x00, 0x00, 0x00, 0x00,
    0x00, 0x00, 0x00, 0x00, 0x00, 0x00, 0x00, 0x00, 0x00, 0x00, 0x00, 0x00,
    0x00, 0x00, 0x00, 0x00, 0x00, 0x00, 0x00, 0x00, 0x00, 0x00, 0x00, 0x00,
    0x00, 0x00, 0x00, 0x00, 0x00, 0x00, 0x00, 0x00, 0x00, 0x00, 0x00, 0x00,
    0x00, 0x00, 0x00, 0x00, 0x00, 0x00, 0x00, 0x00, 0x00, 0x00, 0x00, 0x00,
    0x00, 0x00, 0x00, 0x00, 0x00, 0x00, 0x00, 0x00, 0x00, 0x00, 0x00, 0x00,
    0x00, 0x00, 0x00, 0x00, 0x00, 0x00, 0x00, 0x00, 0x00, 0x00, 0x00, 0x00,
    0x00, 0x00, 0x00, 0x00, 0x00, 0x00, 0x00, 0x00, 0x00, 0x00, 0x00, 0x00,
    0x00, 0x00, 0x00, 0x00, 0x00, 0x00, 0x00, 0x00, 0x00, 0x00, 0x00, 0x00,
    0x00, 0x00, 0x00, 0x00, 0x00, 0x00, 0x00, 0x00, 0x00, 0x00, 0x00, 0x00,
    0x00, 0x00, 0x00, 0x00, 0x00, 0x00, 0x00, 0x00, 0x00, 0x00, 0x00, 0x00,
    0x00, 0x00, 0x00, 0x00, 0x00, 0x00, 0x00, 0x00, 0x00, 0x00, 0x00, 0x00,
    0x00, 0x00, 0x00, 0x00, 0x00, 0x00, 0x00, 0x00, 0x00, 0x00, 0x00, 0x00,
    0x00, 0x00, 0x00, 0x00, 0x00, 0x00, 0x00, 0x00, 0x00, 0x00, 0x00, 0x00,
    0x00, 0x00, 0x00, 0x00, 0x00, 0x00, 0x00, 0x00, 0x00, 0x00, 0x00, 0x00,
    0x00, 0x00, 0x00, 0x00, 0x00, 0x00, 0x00, 0x00, 0x00, 0x00, 0x00, 0x00,
    0x00, 0x00, 0x00, 0x00, 0x00, 0x00, 0x00, 0x00, 0x00, 0x00, 0x00, 0x00,
    0x00, 0x00, 0x00, 0x00, 0x00, 0x00, 0x00, 0x00, 0x00, 0x00, 0x00, 0x00,
    0x00, 0x00, 0x00, 0x00, 0x00, 0x00, 0x00, 0x00, 0x00, 0x00, 0x00, 0x00,
    0x00, 0x00, 0x00, 0x00, 0x00, 0x00, 0x00, 0x00, 0x00, 0x00, 0x00, 0x00,
    0x00, 0x00, 0x00, 0x00, 0x00, 0x00, 0x00, 0x00, 0x00, 0x00, 0x00, 0x00,
    0x00, 0x00, 0x00, 0x00, 0x00, 0x00, 0x00, 0x00, 0x00, 0x00, 0x00, 0x00,
    0x00, 0x00, 0x00, 0x00, 0x00, 0x00, 0x00, 0x00, 0x00, 0x00, 0x00, 0x00,
    0x00, 0x00, 0x00, 0x00, 0x00, 0x00, 0x00, 0x00, 0x00, 0x00, 0x00, 0x00,
    0x00, 0x00, 0x00, 0x00, 0x00, 0x00, 0x00, 0x00, 0x00, 0x00, 0x00, 0x00,
    0x00, 0x00, 0x00, 0x00, 0x00, 0x00, 0x00, 0x00, 0x00, 0x00, 0x00, 0x00,
    0x00, 0x00, 0x00, 0x00, 0x00, 0x00, 0x00, 0x00, 0x00, 0x00, 0x00, 0x00,
    0x00, 0x00, 0x00, 0x00, 0x00, 0x00, 0x00, 0x00, 0x00, 0x00, 0x00, 0x00,
    0x00, 0x00, 0x00, 0x00, 0x00, 0x00, 0x00, 0x00, 0x00, 0x00, 0x00, 0x00,
    0x00, 0x00, 0x00, 0x00, 0x00, 0x00, 0x00, 0x00, 0x00, 0x00, 0x00, 0x00,
    0x00, 0x00, 0x00, 0x00, 0x00, 0x00, 0x00, 0x00, 0x00, 0x00, 0x00, 0x00,
    0x00, 0x00, 0x00, 0x00, 0x00, 0x00, 0x00, 0x00, 0x00, 0x00, 0x00, 0x00,
    0x00, 0x00, 0x00, 0x00, 0x00, 0x00, 0x00, 0x00, 0x00, 0x00, 0x00, 0x00,
    0x00, 0x00, 0x00, 0x00, 0x00, 0x00, 0x00, 0x00, 0x00, 0x00, 0x00, 0x00,
    0x00, 0x00, 0x00, 0x00, 0x00, 0x00, 0x00, 0x00, 0x00, 0x00, 0x00, 0x00,
    0x00, 0x00, 0x00, 0x00, 0x00, 0x00, 0x00, 0x00, 0x00, 0x00, 0x00, 0x00,
    0x00, 0x00, 0x00, 0x00, 0x00, 0x00, 0x00, 0x00, 0x00, 0x00, 0x00, 0x00,
    0x00, 0x00, 0x00, 0x00, 0x00, 0x00, 0x00, 0x00, 0x00, 0x00, 0x00, 0x00,
    0x00, 0x00, 0x00, 0x00, 0x00, 0x00, 0x00, 0x00, 0x00, 0x00, 0x00, 0x00,
    0x00, 0x00, 0x00, 0x00, 0x00, 0x00, 0x00, 0x00, 0x00, 0x00, 0x00, 0x00,
    0x00, 0x00, 0x00, 0x00, 0x00, 0x00, 0x00, 0x00, 0x00, 0x00, 0x00, 0x00,
    0x00, 0x00, 0x00, 0x00, 0x00, 0x00, 0x00, 0x00, 0x00, 0x00, 0x00, 0x00,
    0x00, 0x00, 0x00, 0x00, 0x00, 0x00, 0x00, 0x00, 0x00, 0x00, 0x00, 0x00,
    0x00, 0x00, 0x00, 0x00, 0x00, 0x00, 0x00, 0x00, 0x00, 0x00, 0x00, 0x00,
    0x00, 0x00, 0x00, 0x00, 0x00, 0x00, 0x00, 0x00, 0x00, 0x00, 0x00, 0x00,
    0x00, 0x00, 0x00, 0x00, 0x00, 0x00, 0x00, 0x00, 0x00, 0x00, 0x00, 0x00,
    0x00, 0x00, 0x00, 0x00, 0x00, 0x00, 0x00, 0x00, 0x00, 0x00, 0x00, 0x00,
    0x00, 0x00, 0x00, 0x00, 0x00, 0x00, 0x00, 0x00, 0x00, 0x00, 0x00, 0x00,
    0x00, 0x00, 0x00, 0x00, 0x00, 0x00, 0x00, 0x00, 0x00, 0x00, 0x00, 0x00,
    0x00, 0x00, 0x00, 0x00, 0x00, 0x00, 0x00, 0x00, 0x00, 0x00, 0x00, 0x00,
    0x00, 0x00, 0x00, 0x00, 0x00, 0x00, 0x00, 0x00, 0x00, 0x00, 0x00, 0x00,
    0x00, 0x00, 0x00, 0x00, 0x00, 0x00, 0x00, 0x00, 0x00, 0x00, 0x00, 0x00,
    0x00, 0x00, 0x00, 0x00, 0x00, 0x00, 0x00, 0x00, 0x00, 0x00, 0x00, 0x00,
    0x00, 0x00, 0x00, 0x00, 0x00, 0x00, 0x00, 0x00, 0x00, 0x00, 0x00, 0x00,
    0x00, 0x00, 0x00, 0x00, 0x00, 0x00, 0x00, 0x00, 0x00, 0x00, 0x00, 0x00,
    0x00, 0x00, 0x00, 0x00, 0x00, 0x00, 0x00, 0x00, 0x00, 0x00, 0x00, 0x00,
    0x00, 0x00, 0x00, 0x00, 0x00, 0x00, 0x00, 0x00, 0x00, 0x00, 0x00, 0x00,
    0x00, 0x00, 0x00, 0x00, 0x00, 0x00, 0x00, 0x00, 0x00, 0x00, 0x00, 0x00,
    0x00, 0x00, 0x00, 0x00, 0x00, 0x00, 0x00, 0x00, 0x00, 0x00, 0x00, 0x00,
    0x00, 0x00, 0x00, 0x00, 0x00, 0x00, 0x00, 0x00, 0x00, 0x00, 0x00, 0x00,
    0x00, 0x00, 0x00, 0x00, 0x00, 0x00, 0x00, 0x00, 0x00, 0x00, 0x00, 0x00,
    0x00, 0x00, 0x00, 0x00, 0x00, 0x00, 0x00, 0x00, 0x00, 0x00, 0x00, 0x00,
    0x00, 0x00, 0x00, 0x00, 0x00, 0x00, 0x00, 0x00, 0x00, 0x00, 0x00, 0x00,
    0x00, 0x00, 0x00, 0x00, 0x00, 0x00, 0x00, 0x00, 0x00, 0x00, 0x00, 0x00,
    0x00, 0x00, 0x00, 0x00, 0x00, 0x00, 0x00, 0x00, 0x00, 0x00, 0x00, 0x00,
    0x00, 0x00, 0x00, 0x00, 0x00, 0x00, 0x00, 0x00, 0x00, 0x00, 0x00, 0x00,
    0x00, 0x00, 0x00, 0x00, 0x00, 0x00, 0x00, 0x00, 0x00, 0x00, 0x00, 0x00,
    0x00, 0x00, 0x00, 0x00, 0x00, 0x00, 0x00, 0x00, 0x00, 0x00, 0x00, 0x00,
    0x00, 0x00, 0x00, 0x00, 0x31, 0xed, 0x89, 0xe0, 0x83, 0xe4, 0xf0, 0x83,
    0xec, 0x0c, 0x50, 0xe8, 0x03, 0x00, 0x00, 0x00, 0xf4, 0xeb, 0xfd, 0x55,
    0x89, 0xe5, 0x83, 0xec, 0x28, 0xc7, 0x45, 0xf4, 0x00, 0x00, 0x00, 0x00,
    0xc7, 0x45, 0xf0, 0x00, 0x00, 0x00, 0x00, 0xc7, 0x45, 0xec, 0x00, 0x00,
    0x00, 0x00, 0x83, 0x7d, 0x08, 0x00, 0x74, 0x38, 0x8b, 0x45, 0x08, 0x8b,
    0x00, 0x89, 0x45, 0xe8, 0x83, 0x7d, 0xe8, 0x00, 0x78, 0x2a, 0x83, 0x7d,
    0xe8, 0x40, 0x7f, 0x24, 0x8b, 0x45, 0xe8, 0x89, 0x45, 0xf4, 0x8b, 0x45,
    0x08, 0x83, 0xc0, 0x04, 0x89, 0x45, 0xf0, 0x8b, 0x45, 0xf4, 0x83, 0xc0,
    0x01, 0x8d, 0x14, 0x85, 0x00, 0x00, 0x00, 0x00, 0x8b, 0x45, 0xf0, 0x01,
    0xd0, 0x89, 0x45, 0xec, 0x83, 0xec, 0x04, 0xff, 0x75, 0xec, 0xff, 0x75,
    0xf0, 0xff, 0x75, 0xf4, 0xe8, 0x4c, 0x02, 0x00, 0x00, 0x83, 0xc4, 0x10,
    0x89, 0x45, 0xe4, 0x83, 0xec, 0x0c, 0xff, 0x75, 0xe4, 0xe8, 0x38, 0x03,
    0x00, 0x00, 0x83, 0xc4, 0x10, 0xf4, 0xeb, 0xfd, 0x55, 0x89, 0xe5, 0x83,
    0xec, 0x08, 0x83, 0x7d, 0x08, 0x00, 0x74, 0x1f, 0x83, 0xec, 0x0c, 0xff,
    0x75, 0x08, 0xe8, 0x34, 0x03, 0x00, 0x00, 0x83, 0xc4, 0x10, 0x83, 0xec,
    0x04, 0x50, 0xff, 0x75, 0x08, 0x6a, 0x01, 0xe8, 0xef, 0x02, 0x00, 0x00,
    0x83, 0xc4, 0x10, 0x90, 0xc9, 0xc3, 0x55, 0x89, 0xe5, 0x83, 0xec, 0x08,
    0x83, 0x7d, 0x08, 0x00, 0x74, 0x1f, 0x83, 0xec, 0x0c, 0xff, 0x75, 0x08,
    0xe8, 0x06, 0x03, 0x00, 0x00, 0x83, 0xc4, 0x10, 0x83, 0xec, 0x04, 0x50,
    0xff, 0x75, 0x08, 0x6a, 0x02, 0xe8, 0xc1, 0x02, 0x00, 0x00, 0x83, 0xc4,
    0x10, 0x90, 0xc9, 0xc3, 0x55, 0x89, 0xe5, 0x83, 0xec, 0x18, 0xc7, 0x45,
    0xf4, 0x00, 0x00, 0x00, 0x00, 0xeb, 0x28, 0x8b, 0x45, 0xf4, 0x8b, 0x04,
    0x85, 0xd8, 0x04, 0x40, 0x00, 0x83, 0xec, 0x08, 0x50, 0xff, 0x75, 0x08,
    0xe8, 0xf1, 0x02, 0x00, 0x00, 0x83, 0xc4, 0x10, 0x85, 0xc0, 0x75, 0x07,
    0xb8, 0x01, 0x00, 0x00, 0x00, 0xeb, 0x17, 0x83, 0x45, 0xf4, 0x01, 0x8b,
    0x45, 0xf4, 0x8b, 0x04, 0x85, 0xd8, 0x04, 0x40, 0x00, 0x85, 0xc0, 0x75,
    0xca, 0xb8, 0x00, 0x00, 0x00, 0x00, 0xc9, 0xc3, 0x55, 0x89, 0xe5, 0x83,
    0xec, 0x08, 0x83, 0xec, 0x0c, 0x68, 0x74, 0x46, 0x40, 0x00, 0xe8, 0x45,
    0xff, 0xff, 0xff, 0x83, 0xc4, 0x10, 0x83, 0xec, 0x0c, 0x68, 0x8c, 0x46,
    0x40, 0x00, 0xe8, 0x35, 0xff, 0xff, 0xff, 0x83, 0xc4, 0x10, 0x83, 0xec,
    0x0c, 0x68, 0xc8, 0x46, 0x40, 0x00, 0xe8, 0x25, 0xff, 0xff, 0xff, 0x83,
    0xc4, 0x10, 0x90, 0xc9, 0xc3, 0x55, 0x89, 0xe5, 0x83, 0xec, 0x18, 0x83,
    0xec, 0x0c, 0x68, 0xef, 0x46, 0x40, 0x00, 0xe8, 0x0c, 0xff, 0xff, 0xff,
    0x83, 0xc4, 0x10, 0xc7, 0x45, 0xf4, 0x00, 0x00, 0x00, 0x00, 0xeb, 0x72,
    0x83, 0xec, 0x0c, 0x68, 0x03, 0x47, 0x40, 0x00, 0xe8, 0xf3, 0xfe, 0xff,
    0xff, 0x83, 0xc4, 0x10, 0x8b, 0x55, 0xf4, 0x89, 0xd0, 0x01, 0xc0, 0x01,
    0xd0, 0xc1, 0xe0, 0x02, 0x05, 0x40, 0x44, 0x40, 0x00, 0x8b, 0x00, 0x83,
    0xec, 0x0c, 0x50, 0xe8, 0xd4, 0xfe, 0xff, 0xff, 0x83, 0xc4, 0x10, 0x83,
    0xec, 0x0c, 0x68, 0x08, 0x47, 0x40, 0x00, 0xe8, 0xc4, 0xfe, 0xff, 0xff,
    0x83, 0xc4, 0x10, 0x8b, 0x55, 0xf4, 0x89, 0xd0, 0x01, 0xc0, 0x01, 0xd0,
    0xc1, 0xe0, 0x02, 0x05, 0x44, 0x44, 0x40, 0x00, 0x8b, 0x00, 0x83, 0xec,
    0x0c, 0x50, 0xe8, 0xa5, 0xfe, 0xff, 0xff, 0x83, 0xc4, 0x10, 0x83, 0xec,
    0x0c, 0x68, 0x0e, 0x47, 0x40, 0x00, 0xe8, 0x95, 0xfe, 0xff, 0xff, 0x83,
    0xc4, 0x10, 0x83, 0x45, 0xf4, 0x01, 0x83, 0x7d, 0xf4, 0x2e, 0x76, 0x88,
    0x83, 0xec, 0x0c, 0x68, 0x10, 0x47, 0x40, 0x00, 0xe8, 0x7b, 0xfe, 0xff,
    0xff, 0x83, 0xc4, 0x10, 0x90, 0xc9, 0xc3, 0x55, 0x89, 0xe5, 0x83, 0xec,
    0x18, 0xc7, 0x45, 0xf4, 0x00, 0x00, 0x00, 0x00, 0xeb, 0x60, 0x8b, 0x55,
    0xf4, 0x89, 0xd0, 0x01, 0xc0, 0x01, 0xd0, 0xc1, 0xe0, 0x02, 0x05, 0x40,
    0x44, 0x40, 0x00, 0x8b, 0x00, 0x83, 0xec, 0x08, 0xff, 0x75, 0x08, 0x50,
    0xe8, 0xb9, 0x01, 0x00, 0x00, 0x83, 0xc4, 0x10, 0x85, 0xc0, 0x75, 0x36,
    0x8b, 0x55, 0xf4, 0x89, 0xd0, 0x01, 0xc0, 0x01, 0xd0, 0xc1, 0xe0, 0x02,
    0x05, 0x48, 0x44, 0x40, 0x00, 0x8b, 0x00, 0x83, 0xec, 0x0c, 0x50, 0xe8,
    0x24, 0xfe, 0xff, 0xff, 0x83, 0xc4, 0x10, 0x83, 0xec, 0x0c, 0x68, 0x0e,
    0x47, 0x40, 0x00, 0xe8, 0x14, 0xfe, 0xff, 0xff, 0x83, 0xc4, 0x10, 0xb8,
    0x00, 0x00, 0x00, 0x00, 0xeb, 0x3d, 0x83, 0x45, 0xf4, 0x01, 0x83, 0x7d,
    0xf4, 0x2e, 0x76, 0x9a, 0x83, 0xec, 0x0c, 0x68, 0x38, 0x47, 0x40, 0x00,
    0xe8, 0x21, 0xfe, 0xff, 0xff, 0x83, 0xc4, 0x10, 0x83, 0xec, 0x0c, 0xff,
    0x75, 0x08, 0xe8, 0x13, 0xfe, 0xff, 0xff, 0x83, 0xc4, 0x10, 0x83, 0xec,
    0x0c, 0x68, 0x0e, 0x47, 0x40, 0x00, 0xe8, 0x03, 0xfe, 0xff, 0xff, 0x83,
    0xc4, 0x10, 0xb8, 0x01, 0x00, 0x00, 0x00, 0xc9, 0xc3, 0x8d, 0x4c, 0x24,
    0x04, 0x83, 0xe4, 0xf0, 0xff, 0x71, 0xfc, 0x55, 0x89, 0xe5, 0x53, 0x51,
    0x83, 0xec, 0x10, 0x89, 0xcb, 0x83, 0x3b, 0x01, 0x7f, 0x0f, 0xe8, 0x8e,
    0xfe, 0xff, 0xff, 0xb8, 0x00, 0x00, 0x00, 0x00, 0xe9, 0xb0, 0x00, 0x00,
    0x00, 0x8b, 0x43, 0x04, 0x83, 0xc0, 0x04, 0x8b, 0x00, 0x83, 0xec, 0x08,
    0x68, 0x51, 0x47, 0x40, 0x00, 0x50, 0xe8, 0xff, 0x00, 0x00, 0x00, 0x83,
    0xc4, 0x10, 0x85, 0xc0, 0x74, 0x1d, 0x8b, 0x43, 0x04, 0x83, 0xc0, 0x04,
    0x8b, 0x00, 0x83, 0xec, 0x08, 0x68, 0x54, 0x47, 0x40, 0x00, 0x50, 0xe8,
    0xe2, 0x00, 0x00, 0x00, 0x83, 0xc4, 0x10, 0x85, 0xc0, 0x75, 0x0c, 0xe8,
    0x0c, 0xfe, 0xff, 0xff, 0xb8, 0x00, 0x00, 0x00, 0x00, 0xeb, 0x6a, 0x8b,
    0x43, 0x04, 0x83, 0xc0, 0x04, 0x8b, 0x00, 0x83, 0xec, 0x0c, 0x50, 0xe8,
    0xa8, 0xfd, 0xff, 0xff, 0x83, 0xc4, 0x10, 0x85, 0xc0, 0x74, 0x0c, 0xe8,
    0x21, 0xfe, 0xff, 0xff, 0xb8, 0x00, 0x00, 0x00, 0x00, 0xeb, 0x46, 0xc7,
    0x45, 0xf4, 0x00, 0x00, 0x00, 0x00, 0xc7, 0x45, 0xf0, 0x01, 0x00, 0x00,
    0x00, 0xeb, 0x2c, 0x8b, 0x45, 0xf0, 0x8d, 0x14, 0x85, 0x00, 0x00, 0x00,
    0x00, 0x8b, 0x43, 0x04, 0x01, 0xd0, 0x8b, 0x00, 0x83, 0xec, 0x0c, 0x50,
    0xe8, 0x9a, 0xfe, 0xff, 0xff, 0x83, 0xc4, 0x10, 0x85, 0xc0, 0x74, 0x07,
    0xc7, 0x45, 0xf4, 0x01, 0x00, 0x00, 0x00, 0x83, 0x45, 0xf0, 0x01, 0x8b,
    0x45, 0xf0, 0x3b, 0x03, 0x7c, 0xcd, 0x8b, 0x45, 0xf4, 0x8d, 0x65, 0xf8,
    0x59, 0x5b, 0x5d, 0x8d, 0x61, 0xfc, 0xc3, 0x55, 0x89, 0xe5, 0x83, 0xec,
    0x08, 0xff, 0x75, 0x10, 0xff, 0x75, 0x0c, 0xff, 0x75, 0x08, 0x6a, 0x01,
    0xe8, 0x84, 0x00, 0x00, 0x00, 0x83, 0xc4, 0x10, 0xc9, 0xc3, 0x55, 0x89,
    0xe5, 0x83, 0xec, 0x08, 0x83, 0xec, 0x08, 0xff, 0x75, 0x08, 0x6a, 0x04,
    0xe8, 0x6c, 0x00, 0x00, 0x00, 0x83, 0xc4, 0x10, 0x90, 0xc9, 0xc3, 0x55,
    0x89, 0xe5, 0x83, 0xec, 0x10, 0xc7, 0x45, 0xfc, 0x00, 0x00, 0x00, 0x00,
    0xeb, 0x04, 0x83, 0x45, 0xfc, 0x01, 0x8b, 0x55, 0x08, 0x8b, 0x45, 0xfc,
    0x01, 0xd0, 0x0f, 0xb6, 0x00, 0x84, 0xc0, 0x75, 0xed, 0x8b, 0x45, 0xfc,
    0xc9, 0xc3, 0x55, 0x89, 0xe5, 0xeb, 0x08, 0x83, 0x45, 0x08, 0x01, 0x83,
    0x45, 0x0c, 0x01, 0x8b, 0x45, 0x08, 0x0f, 0xb6, 0x00, 0x84, 0xc0, 0x74,
    0x10, 0x8b, 0x45, 0x08, 0x0f, 0xb6, 0x10, 0x8b, 0x45, 0x0c, 0x0f, 0xb6,
    0x00, 0x38, 0xc2, 0x74, 0xde, 0x8b, 0x45, 0x08, 0x0f, 0xb6, 0x00, 0x0f,
    0xb6, 0xd0, 0x8b, 0x45, 0x0c, 0x0f, 0xb6, 0x00, 0x0f, 0xb6, 0xc0, 0x29,
    0xc2, 0x89, 0xd0, 0x5d, 0xc3, 0x55, 0x89, 0xe5, 0x57, 0x56, 0x53, 0x83,
    0xec, 0x20, 0x8d, 0x45, 0x0c, 0x89, 0x45, 0xd8, 0x8b, 0x45, 0xd8, 0x8d,
    0x50, 0x04, 0x89, 0x55, 0xd8, 0x8b, 0x00, 0x89, 0x45, 0xf0, 0x8b, 0x45,
    0xd8, 0x8d, 0x50, 0x04, 0x89, 0x55, 0xd8, 0x8b, 0x00, 0x89, 0x45, 0xec,
    0x8b, 0x45, 0xd8, 0x8d, 0x50, 0x04, 0x89, 0x55, 0xd8, 0x8b, 0x00, 0x89,
    0x45, 0xe8, 0x8b, 0x45, 0xd8, 0x8d, 0x50, 0x04, 0x89, 0x55, 0xd8, 0x8b,
    0x00, 0x89, 0x45, 0xe4, 0x8b, 0x45, 0xd8, 0x8d, 0x50, 0x04, 0x89, 0x55,
    0xd8, 0x8b, 0x00, 0x89, 0x45, 0xe0, 0x8b, 0x45, 0x08, 0x8b, 0x5d, 0xf0,
    0x8b, 0x4d, 0xec, 0x8b, 0x55, 0xe8, 0x8b, 0x75, 0xe4, 0x8b, 0x7d, 0xe0,
    0xcd, 0x80, 0x89, 0x45, 0xdc, 0x8b, 0x45, 0xdc, 0x83, 0xc4, 0x20, 0x5b,
    0x5e, 0x5f, 0x5d, 0xc3, 0x00, 0x00, 0x00, 0x00, 0x61, 0x00, 0x61, 0x6c,
    0x6c, 0x00, 0x6c, 0x69, 0x73, 0x74, 0x00, 0x2d, 0x6c, 0x00, 0x2d, 0x2d,
    0x6c, 0x69, 0x73, 0x74, 0x00, 0x00, 0x00, 0x00, 0xc0, 0x04, 0x40, 0x00,
    0xc2, 0x04, 0x40, 0x00, 0xc6, 0x04, 0x40, 0x00, 0xcb, 0x04, 0x40, 0x00,
    0xce, 0x04, 0x40, 0x00, 0x00, 0x00, 0x00, 0x00, 0x6d, 0x61, 0x6e, 0x00,
    0x64, 0x69, 0x73, 0x70, 0x6c, 0x61, 0x79, 0x20, 0x72, 0x65, 0x66, 0x65,
    0x72, 0x65, 0x6e, 0x63, 0x65, 0x20, 0x6d, 0x61, 0x6e, 0x75, 0x61, 0x6c,
    0x20, 0x70, 0x61, 0x67, 0x65, 0x73, 0x00, 0x00, 0x4e, 0x41, 0x4d, 0x45,
    0x0a, 0x20, 0x20, 0x20, 0x20, 0x6d, 0x61, 0x6e, 0x20, 0x2d, 0x20, 0x64,
    0x69, 0x73, 0x70, 0x6c, 0x61, 0x79, 0x20, 0x72, 0x65, 0x66, 0x65, 0x72,
    0x65, 0x6e, 0x63, 0x65, 0x20, 0x6d, 0x61, 0x6e, 0x75, 0x61, 0x6c, 0x20,
    0x70, 0x61, 0x67, 0x65, 0x73, 0x0a, 0x0a, 0x53, 0x59, 0x4e, 0x4f, 0x50,
    0x53, 0x49, 0x53, 0x0a, 0x20, 0x20, 0x20, 0x20, 0x6d, 0x61, 0x6e, 0x20,
    0x5b, 0x4e, 0x41, 0x4d, 0x45, 0x2e, 0x2e, 0x2e, 0x5d, 0x0a, 0x20, 0x20,
    0x20, 0x20, 0x6d, 0x61, 0x6e, 0x20, 0x5b, 0x2d, 0x6c, 0x20, 0x7c, 0x20,
    0x2d, 0x2d, 0x6c, 0x69, 0x73, 0x74, 0x5d, 0x0a, 0x20, 0x20, 0x20, 0x20,
    0x6d, 0x61, 0x6e, 0x20, 0x5b, 0x2d, 0x68, 0x20, 0x7c, 0x20, 0x2d, 0x2d,
    0x68, 0x65, 0x6c, 0x70, 0x5d, 0x0a, 0x0a, 0x44, 0x45, 0x53, 0x43, 0x52,
    0x49, 0x50, 0x54, 0x49, 0x4f, 0x4e, 0x0a, 0x20, 0x20, 0x20, 0x20, 0x44,
    0x69, 0x73, 0x70, 0x6c, 0x61, 0x79, 0x73, 0x20, 0x74, 0x68, 0x65, 0x20,
    0x6d, 0x61, 0x6e, 0x75, 0x61, 0x6c, 0x20, 0x70, 0x61, 0x67, 0x65, 0x20,
    0x66, 0x6f, 0x72, 0x20, 0x65, 0x61, 0x63, 0x68, 0x20, 0x4e, 0x41, 0x4d,
    0x45, 0x20, 0x6f, 0x6e, 0x20, 0x73, 0x74, 0x61, 0x6e, 0x64, 0x61, 0x72,
    0x64, 0x20, 0x6f, 0x75, 0x74, 0x70, 0x75, 0x74, 0x2e, 0x0a, 0x20, 0x20,
    0x20, 0x20, 0x57, 0x69, 0x74, 0x68, 0x20, 0x6e, 0x6f, 0x20, 0x61, 0x72,
    0x67, 0x75, 0x6d, 0x65, 0x6e, 0x74, 0x73, 0x20, 0x28, 0x6f, 0x72, 0x20,
    0x77, 0x69, 0x74, 0x68, 0x20, 0x2d, 0x6c, 0x29, 0x20, 0x69, 0x74, 0x20,
    0x6c, 0x69, 0x73, 0x74, 0x73, 0x20, 0x65, 0x76, 0x65, 0x72, 0x79, 0x20,
    0x64, 0x6f, 0x63, 0x75, 0x6d, 0x65, 0x6e, 0x74, 0x65, 0x64, 0x0a, 0x20,
    0x20, 0x20, 0x20, 0x63, 0x6f, 0x6d, 0x6d, 0x61, 0x6e, 0x64, 0x20, 0x6f,
    0x6e, 0x20, 0x74, 0x68, 0x65, 0x20, 0x73, 0x79, 0x73, 0x74, 0x65, 0x6d,
    0x20, 0x77, 0x69, 0x74, 0x68, 0x20, 0x61, 0x20, 0x6f, 0x6e, 0x65, 0x2d,
    0x6c, 0x69, 0x6e, 0x65, 0x20, 0x73, 0x75, 0x6d, 0x6d, 0x61, 0x72, 0x79,
    0x2c, 0x20, 0x77, 0x68, 0x69, 0x63, 0x68, 0x20, 0x64, 0x6f, 0x75, 0x62,
    0x6c, 0x65, 0x73, 0x0a, 0x20, 0x20, 0x20, 0x20, 0x61, 0x73, 0x20, 0x61,
    0x20, 0x71, 0x75, 0x69, 0x63, 0x6b, 0x20, 0x77, 0x61, 0x79, 0x20, 0x74,
    0x6f, 0x20, 0x64, 0x69, 0x73, 0x63, 0x6f, 0x76, 0x65, 0x72, 0x20, 0x77,
    0x68, 0x61, 0x74, 0x20, 0x69, 0x73, 0x20, 0x69, 0x6e, 0x73, 0x74, 0x61,
    0x6c, 0x6c, 0x65, 0x64, 0x2e, 0x0a, 0x0a, 0x45, 0x58, 0x41, 0x4d, 0x50,
    0x4c, 0x45, 0x53, 0x0a, 0x20, 0x20, 0x20, 0x20, 0x6d, 0x61, 0x6e, 0x20,
    0x6c, 0x73, 0x20, 0x20, 0x20, 0x20, 0x20, 0x20, 0x20, 0x20, 0x20, 0x20,
    0x70, 0x61, 0x67, 0x65, 0x20, 0x66, 0x6f, 0x72, 0x20, 0x74, 0x68, 0x65,
    0x20, 0x6c, 0x73, 0x20, 0x63, 0x6f, 0x6d, 0x6d, 0x61, 0x6e, 0x64, 0x0a,
    0x20, 0x20, 0x20, 0x20, 0x6d, 0x61, 0x6e, 0x20, 0x75, 0x73, 0x65, 0x72,
    0x61, 0x64, 0x64, 0x20, 0x69, 0x64, 0x20, 0x20, 0x74, 0x77, 0x6f, 0x20,
    0x70, 0x61, 0x67, 0x65, 0x73, 0x20, 0x61, 0x74, 0x20, 0x6f, 0x6e, 0x63,
    0x65, 0x0a, 0x20, 0x20, 0x20, 0x20, 0x6d, 0x61, 0x6e, 0x20, 0x20, 0x20,
    0x20, 0x20, 0x20, 0x20, 0x20, 0x20, 0x20, 0x20, 0x20, 0x20, 0x66, 0x75,
    0x6c, 0x6c, 0x20, 0x6c, 0x69, 0x73, 0x74, 0x69, 0x6e, 0x67, 0x20, 0x6f,
    0x66, 0x20, 0x64, 0x6f, 0x63, 0x75, 0x6d, 0x65, 0x6e, 0x74, 0x65, 0x64,
    0x20, 0x63, 0x6f, 0x6d, 0x6d, 0x61, 0x6e, 0x64, 0x73, 0x0a, 0x0a, 0x53,
    0x45, 0x45, 0x20, 0x41, 0x4c, 0x53, 0x4f, 0x0a, 0x20, 0x20, 0x20, 0x20,
    0x45, 0x76, 0x65, 0x72, 0x79, 0x20, 0x63, 0x6f, 0x6d, 0x6d, 0x61, 0x6e,
    0x64, 0x20, 0x69, 0x6e, 0x20, 0x74, 0x68, 0x65, 0x20, 0x73, 0x79, 0x73,
    0x74, 0x65, 0x6d, 0x20, 0x68, 0x61, 0x73, 0x20, 0x61, 0x20, 0x70, 0x61,
    0x67, 0x65, 0x3b, 0x20, 0x74, 0x72, 0x79, 0x20, 0x6d, 0x61, 0x6e, 0x20,
    0x76, 0x61, 0x73, 0x68, 0x2c, 0x0a, 0x20, 0x20, 0x20, 0x20, 0x6d, 0x61,
    0x6e, 0x20, 0x76, 0x65, 0x64, 0x69, 0x74, 0x2c, 0x20, 0x6d, 0x61, 0x6e,
    0x20, 0x63, 0x6f, 0x72, 0x65, 0x75, 0x74, 0x69, 0x6c, 0x73, 0x2e, 0x20,
    0x41, 0x47, 0x45, 0x4e, 0x54, 0x53, 0x2e, 0x6d, 0x64, 0x20, 0x61, 0x74,
    0x20, 0x74, 0x68, 0x65, 0x20, 0x72, 0x65, 0x70, 0x6f, 0x20, 0x72, 0x6f,
    0x6f, 0x74, 0x20, 0x72, 0x75, 0x6c, 0x65, 0x73, 0x0a, 0x20, 0x20, 0x20,
    0x20, 0x74, 0x68, 0x61, 0x74, 0x20, 0x6e, 0x65, 0x77, 0x20, 0x63, 0x6f,
    0x6d, 0x6d, 0x61, 0x6e, 0x64, 0x73, 0x20, 0x6d, 0x75, 0x73, 0x74, 0x20,
    0x63, 0x6f, 0x6d, 0x65, 0x20, 0x77, 0x69, 0x74, 0x68, 0x20, 0x61, 0x20,
    0x70, 0x61, 0x67, 0x65, 0x2e, 0x0a, 0x00, 0x76, 0x61, 0x73, 0x68, 0x00,
    0x56, 0x4e, 0x55, 0x20, 0x6c, 0x6f, 0x67, 0x69, 0x6e, 0x20, 0x73, 0x68,
    0x65, 0x6c, 0x6c, 0x00, 0x4e, 0x41, 0x4d, 0x45, 0x0a, 0x20, 0x20, 0x20,
    0x20, 0x76, 0x61, 0x73, 0x68, 0x20, 0x2d, 0x20, 0x56, 0x4e, 0x55, 0x20,
    0x73, 0x68, 0x65, 0x6c, 0x6c, 0x0a, 0x0a, 0x53, 0x59, 0x4e, 0x4f, 0x50,
    0x53, 0x49, 0x53, 0x0a, 0x20, 0x20, 0x20, 0x20, 0x76, 0x61, 0x73, 0x68,
    0x0a, 0x0a, 0x44, 0x45, 0x53, 0x43, 0x52, 0x49, 0x50, 0x54, 0x49, 0x4f,
    0x4e, 0x0a, 0x20, 0x20, 0x20, 0x20, 0x54, 0x68, 0x65, 0x20, 0x69, 0x6e,
    0x74, 0x65, 0x72, 0x61, 0x63, 0x74, 0x69, 0x76, 0x65, 0x20, 0x6c, 0x6f,
    0x67, 0x69, 0x6e, 0x20, 0x73, 0x68, 0x65, 0x6c, 0x6c, 0x2e, 0x20, 0x50,
    0x72, 0x69, 0x6e, 0x74, 0x73, 0x20, 0x61, 0x20, 0x70, 0x72, 0x6f, 0x6d,
    0x70, 0x74, 0x20, 0x6f, 0x66, 0x20, 0x74, 0x68, 0x65, 0x20, 0x66, 0x6f,
    0x72, 0x6d, 0x0a, 0x20, 0x20, 0x20, 0x20, 0x75, 0x73, 0x65, 0x72, 0x40,
    0x76, 0x6e, 0x75, 0x3a, 0x63, 0x77, 0x64, 0x24, 0x20, 0x61, 0x6e, 0x64,
    0x20, 0x72, 0x65, 0x61, 0x64, 0x73, 0x20, 0x63, 0x6f, 0x6d, 0x6d, 0x61,
    0x6e, 0x64, 0x73, 0x20, 0x6c, 0x69, 0x6e, 0x65, 0x20, 0x62, 0x79, 0x20,
    0x6c, 0x69, 0x6e, 0x65, 0x2e, 0x20, 0x57, 0x6f, 0x72, 0x64, 0x73, 0x20,
    0x61, 0x72, 0x65, 0x0a, 0x20, 0x20, 0x20, 0x20, 0x73, 0x70, 0x6c, 0x69,
    0x74, 0x20, 0x6f, 0x6e, 0x20, 0x77, 0x68, 0x69, 0x74, 0x65, 0x73, 0x70,
    0x61, 0x63, 0x65, 0x3b, 0x20, 0x74, 0x68, 0x65, 0x72, 0x65, 0x20, 0x69,
    0x73, 0x20, 0x6e, 0x6f, 0x20, 0x71, 0x75, 0x6f, 0x74, 0x69, 0x6e, 0x67,
    0x20, 0x6f, 0x72, 0x20, 0x70, 0x69, 0x70, 0x69, 0x6e, 0x67, 0x20, 0x79,
    0x65, 0x74, 0x2e, 0x0a, 0x0a, 0x20, 0x20, 0x20, 0x20, 0x52, 0x65, 0x64,
    0x69, 0x72, 0x65, 0x63, 0x74, 0x69, 0x6f, 0x6e, 0x20, 0x69, 0x73, 0x20,
    0x73, 0x75, 0x70, 0x70, 0x6f, 0x72, 0x74, 0x65, 0x64, 0x20, 0x77, 0x69,
    0x74, 0x68, 0x20, 0x3e, 0x20, 0x66, 0x69, 0x6c, 0x65, 0x2c, 0x20, 0x3e,
    0x3e, 0x20, 0x66, 0x69, 0x6c, 0x65, 0x20, 0x28, 0x61, 0x70, 0x70, 0x65,
    0x6e, 0x64, 0x29, 0x20, 0x61, 0x6e, 0x64, 0x0a, 0x20, 0x20, 0x20, 0x20,
    0x3c, 0x20, 0x66, 0x69, 0x6c, 0x65, 0x3b, 0x20, 0x74, 0x68, 0x65, 0x20,
    0x6f, 0x70, 0x65, 0x72, 0x61, 0x74, 0x6f, 0x72, 0x73, 0x20, 0x6d, 0x61,
    0x79, 0x20, 0x62, 0x65, 0x20, 0x61, 0x74, 0x74, 0x61, 0x63, 0x68, 0x65,
    0x64, 0x20, 0x6f, 0x72, 0x20, 0x73, 0x70, 0x61, 0x63, 0x65, 0x2d, 0x73,
    0x65, 0x70, 0x61, 0x72, 0x61, 0x74, 0x65, 0x64, 0x2e, 0x0a, 0x0a, 0x20,
    0x20, 0x20, 0x20, 0x4f, 0x6e, 0x20, 0x61, 0x20, 0x63, 0x6f, 0x6c, 0x64,
    0x20, 0x62, 0x6f, 0x6f, 0x74, 0x20, 0x76, 0x61, 0x73, 0x68, 0x20, 0x72,
    0x75, 0x6e, 0x73, 0x20, 0x74, 0x68, 0x65, 0x20, 0x6c, 0x6f, 0x67, 0x69,
    0x6e, 0x20, 0x73, 0x65, 0x71, 0x75, 0x65, 0x6e, 0x63, 0x65, 0x20, 0x28,
    0x56, 0x4e, 0x55, 0x20, 0x6c, 0x6f, 0x67, 0x69, 0x6e, 0x3a, 0x20, 0x2f,
    0x0a, 0x20, 0x20, 0x20, 0x20, 0x50, 0x61, 0x73, 0x73, 0x77, 0x6f, 0x72,
    0x64, 0x3a, 0x29, 0x20, 0x61, 0x67, 0x61, 0x69, 0x6e, 0x73, 0x74, 0x20,
    0x2f, 0x65, 0x74, 0x63, 0x2f, 0x70, 0x61, 0x73, 0x73, 0x77, 0x64, 0x2e,
    0x20, 0x41, 0x66, 0x74, 0x65, 0x72, 0x20, 0x61, 0x6e, 0x20, 0x65, 0x78,
    0x74, 0x65, 0x72, 0x6e, 0x61, 0x6c, 0x20, 0x63, 0x6f, 0x6d, 0x6d, 0x61,
    0x6e, 0x64, 0x0a, 0x20, 0x20, 0x20, 0x20, 0x74, 0x68, 0x65, 0x20, 0x6b,
    0x65, 0x72, 0x6e, 0x65, 0x6c, 0x20, 0x72, 0x65, 0x73, 0x70, 0x61, 0x77,
    0x6e, 0x73, 0x20, 0x69, 0x74, 0x20, 0x61, 0x6e, 0x64, 0x20, 0x69, 0x74,
    0x20, 0x73, 0x69, 0x6c, 0x65, 0x6e, 0x74, 0x6c, 0x79, 0x20, 0x72, 0x65,
    0x2d, 0x61, 0x64, 0x6f, 0x70, 0x74, 0x73, 0x20, 0x74, 0x68, 0x65, 0x20,
    0x73, 0x65, 0x73, 0x73, 0x69, 0x6f, 0x6e, 0x0a, 0x20, 0x20, 0x20, 0x20,
    0x69, 0x74, 0x20, 0x73, 0x61, 0x76, 0x65, 0x64, 0x20, 0x74, 0x6f, 0x20,
    0x2f, 0x74, 0x6d, 0x70, 0x2f, 0x2e, 0x73, 0x65, 0x73, 0x73, 0x69, 0x6f,
    0x6e, 0x2c, 0x20, 0x73, 0x6f, 0x20, 0x61, 0x20, 0x27, 0x6c, 0x6f, 0x67,
    0x6f, 0x75, 0x74, 0x27, 0x20, 0x28, 0x65, 0x78, 0x69, 0x74, 0x29, 0x20,
    0x72, 0x65, 0x74, 0x75, 0x72, 0x6e, 0x73, 0x20, 0x74, 0x6f, 0x0a, 0x20,
    0x20, 0x20, 0x20, 0x74, 0x68, 0x65, 0x20, 0x6c, 0x6f, 0x67, 0x69, 0x6e,
    0x20, 0x70, 0x72, 0x6f, 0x6d, 0x70, 0x74, 0x2e, 0x0a, 0x0a, 0x20, 0x20,
    0x20, 0x20, 0x45, 0x64, 0x69, 0x74, 0x6f, 0x72, 0x20, 0x6b, 0x65, 0x79,
    0x73, 0x3a, 0x20, 0x55, 0x70, 0x2f, 0x44, 0x6f, 0x77, 0x6e, 0x20, 0x68,
    0x69, 0x73, 0x74, 0x6f, 0x72, 0x79, 0x2c, 0x20, 0x43, 0x74, 0x72, 0x6c,
    0x2b, 0x43, 0x20, 0x63, 0x61, 0x6e, 0x63, 0x65, 0x6c, 0x73, 0x20, 0x61,
    0x20, 0x6c, 0x69, 0x6e, 0x65, 0x2c, 0x20, 0x53, 0x68, 0x69, 0x66, 0x74,
    0x0a, 0x20, 0x20, 0x20, 0x20, 0x69, 0x73, 0x20, 0x75, 0x73, 0x65, 0x64,
    0x20, 0x74, 0x6f, 0x20, 0x74, 0x79, 0x70, 0x65, 0x20, 0x73, 0x79, 0x6d,
    0x62, 0x6f, 0x6c, 0x20, 0x63, 0x68, 0x61, 0x72, 0x61, 0x63, 0x74, 0x65,
    0x72, 0x73, 0x2e, 0x0a, 0x0a, 0x20, 0x20, 0x20, 0x20, 0x41, 0x6c, 0x73,
    0x6f, 0x20, 0x69, 0x6e, 0x73, 0x74, 0x61, 0x6c, 0x6c, 0x65, 0x64, 0x20,
    0x61, 0x73, 0x20, 0x2f, 0x62, 0x69, 0x6e, 0x2f, 0x73, 0x68, 0x2c, 0x20,
    0x2f, 0x73, 0x62, 0x69, 0x6e, 0x2f, 0x69, 0x6e, 0x69, 0x74, 0x20, 0x61,
    0x6e, 0x64, 0x20, 0x61, 0x73, 0x20, 0x74, 0x68, 0x65, 0x20, 0x47, 0x55,
    0x49, 0x27, 0x73, 0x0a, 0x20, 0x20, 0x20, 0x20, 0x27, 0x74, 0x65, 0x72,
    0x6d, 0x27, 0x20, 0x61, 0x70, 0x70, 0x20, 0x2d, 0x20, 0x73, 0x65, 0x65,
    0x20, 0x6d, 0x61, 0x6e, 0x20, 0x73, 0x68, 0x2c, 0x20, 0x6d, 0x61, 0x6e,
    0x20, 0x69, 0x6e, 0x69, 0x74, 0x2c, 0x20, 0x6d, 0x61, 0x6e, 0x20, 0x74,
    0x65, 0x72, 0x6d, 0x2e, 0x0a, 0x0a, 0x4f, 0x50, 0x54, 0x49, 0x4f, 0x4e,
    0x53, 0x0a, 0x20, 0x20, 0x20, 0x20, 0x6e, 0x6f, 0x6e, 0x65, 0x2e, 0x0a,
    0x00, 0x73, 0x68, 0x00, 0x74, 0x68, 0x65, 0x20, 0x73, 0x74, 0x61, 0x6e,
    0x64, 0x61, 0x72, 0x64, 0x20, 0x73, 0x68, 0x65, 0x6c, 0x6c, 0x20, 0x28,
    0x73, 0x79, 0x6e, 0x6f, 0x6e, 0x79, 0x6d, 0x20, 0x66, 0x6f, 0x72, 0x20,
    0x76, 0x61, 0x73, 0x68, 0x29, 0x00, 0x00, 0x00, 0x4e, 0x41, 0x4d, 0x45,
    0x0a, 0x20, 0x20, 0x20, 0x20, 0x73, 0x68, 0x20, 0x2d, 0x20, 0x74, 0x68,
    0x65, 0x20, 0x73, 0x74, 0x61, 0x6e, 0x64, 0x61, 0x72, 0x64, 0x20, 0x73,
    0x68, 0x65, 0x6c, 0x6c, 0x20, 0x28, 0x73, 0x79, 0x6e, 0x6f, 0x6e, 0x79,
    0x6d, 0x20, 0x66, 0x6f, 0x72, 0x20, 0x76, 0x61, 0x73, 0x68, 0x29, 0x0a,
    0x0a, 0x53, 0x59, 0x4e, 0x4f, 0x50, 0x53, 0x49, 0x53, 0x0a, 0x20, 0x20,
    0x20, 0x20, 0x73, 0x68, 0x0a, 0x0a, 0x44, 0x45, 0x53, 0x43, 0x52, 0x49,
    0x50, 0x54, 0x49, 0x4f, 0x4e, 0x0a, 0x20, 0x20, 0x20, 0x20, 0x2f, 0x62,
    0x69, 0x6e, 0x2f, 0x73, 0x68, 0x20, 0x69, 0x73, 0x20, 0x74, 0x68, 0x65,
    0x20, 0x73, 0x61, 0x6d, 0x65, 0x20, 0x62, 0x69, 0x6e, 0x61, 0x72, 0x79,
    0x20, 0x61, 0x73, 0x20, 0x76, 0x61, 0x73, 0x68, 0x3b, 0x20, 0x74, 0x68,
    0x65, 0x20, 0x56, 0x46, 0x53, 0x20, 0x61, 0x6e, 0x64, 0x20, 0x74, 0x68,
    0x65, 0x20, 0x65, 0x6d, 0x62, 0x65, 0x64, 0x64, 0x65, 0x64, 0x0a, 0x20,
    0x20, 0x20, 0x20, 0x70, 0x72, 0x6f, 0x67, 0x72, 0x61, 0x6d, 0x20, 0x74,
    0x61, 0x62, 0x6c, 0x65, 0x20, 0x6f, 0x6e, 0x6c, 0x79, 0x20, 0x6b, 0x6e,
    0x6f, 0x77, 0x20, 0x69, 0x74, 0x20, 0x61, 0x73, 0x20, 0x61, 0x20, 0x6c,
    0x6f, 0x67, 0x69, 0x6e, 0x20, 0x73, 0x68, 0x65, 0x6c, 0x6c, 0x20, 0x70,
    0x61, 0x74, 0x68, 0x2e, 0x20, 0x53, 0x65, 0x65, 0x20, 0x6d, 0x61, 0x6e,
    0x20, 0x76, 0x61, 0x73, 0x68, 0x2e, 0x0a, 0x00, 0x69, 0x6e, 0x69, 0x74,
    0x00, 0x00, 0x00, 0x00, 0x74, 0x68, 0x65, 0x20, 0x66, 0x69, 0x72, 0x73,
    0x74, 0x20, 0x70, 0x72, 0x6f, 0x63, 0x65, 0x73, 0x73, 0x20, 0x61, 0x74,
    0x20, 0x62, 0x6f, 0x6f, 0x74, 0x20, 0x28, 0x73, 0x79, 0x6e, 0x6f, 0x6e,
    0x79, 0x6d, 0x20, 0x66, 0x6f, 0x72, 0x20, 0x76, 0x61, 0x73, 0x68, 0x29,
    0x00, 0x00, 0x00, 0x00, 0x4e, 0x41, 0x4d, 0x45, 0x0a, 0x20, 0x20, 0x20,
    0x20, 0x69, 0x6e, 0x69, 0x74, 0x20, 0x2d, 0x20, 0x74, 0x68, 0x65, 0x20,
    0x66, 0x69, 0x72, 0x73, 0x74, 0x20, 0x70, 0x72, 0x6f, 0x63, 0x65, 0x73,
    0x73, 0x20, 0x28, 0x73, 0x79, 0x6e, 0x6f, 0x6e, 0x79, 0x6d, 0x20, 0x66,
    0x6f, 0x72, 0x20, 0x76, 0x61, 0x73, 0x68, 0x29, 0x0a, 0x0a, 0x53, 0x59,
    0x4e, 0x4f, 0x50, 0x53, 0x49, 0x53, 0x0a, 0x20, 0x20, 0x20, 0x20, 0x69,
    0x6e, 0x69, 0x74, 0x0a, 0x0a, 0x44, 0x45, 0x53, 0x43, 0x52, 0x49, 0x50,
    0x54, 0x49, 0x4f, 0x4e, 0x0a, 0x20, 0x20, 0x20, 0x20, 0x2f, 0x73, 0x62,
    0x69, 0x6e, 0x2f, 0x69, 0x6e, 0x69, 0x74, 0x20, 0x69, 0x73, 0x20, 0x74,
    0x68, 0x65, 0x20, 0x73, 0x61, 0x6d, 0x65, 0x20, 0x62, 0x69, 0x6e, 0x61,
    0x72, 0x79, 0x20, 0x61, 0x73, 0x20, 0x76, 0x61, 0x73, 0x68, 0x2c, 0x20,
    0x74, 0x68, 0x65, 0x20, 0x6f, 0x6e, 0x6c, 0x79, 0x20, 0x70, 0x72, 0x6f,
    0x63, 0x65, 0x73, 0x73, 0x20, 0x74, 0x68, 0x65, 0x0a, 0x20, 0x20, 0x20,
    0x20, 0x6b, 0x65, 0x72, 0x6e, 0x65, 0x6c, 0x20, 0x73, 0x74, 0x61, 0x72,
    0x74, 0x73, 0x20, 0x61, 0x74, 0x20, 0x62, 0x6f, 0x6f, 0x74, 0x2e, 0x20,
    0x53, 0x65, 0x65, 0x20, 0x6d, 0x61, 0x6e, 0x20, 0x76, 0x61, 0x73, 0x68,
    0x2e, 0x0a, 0x00, 0x74, 0x65, 0x72, 0x6d, 0x00, 0x64, 0x65, 0x73, 0x6b,
    0x74, 0x6f, 0x70, 0x20, 0x74, 0x65, 0x72, 0x6d, 0x69, 0x6e, 0x61, 0x6c,
    0x20, 0x61, 0x70, 0x70, 0x20, 0x28, 0x73, 0x79, 0x6e, 0x6f, 0x6e, 0x79,
    0x6d, 0x20, 0x66, 0x6f, 0x72, 0x20, 0x76, 0x61, 0x73, 0x68, 0x29, 0x00,
    0x4e, 0x41, 0x4d, 0x45, 0x0a, 0x20, 0x20, 0x20, 0x20, 0x74, 0x65, 0x72,
    0x6d, 0x20, 0x2d, 0x20, 0x74, 0x68, 0x65, 0x20, 0x64, 0x65, 0x73, 0x6b,
    0x74, 0x6f, 0x70, 0x20, 0x74, 0x65, 0x72, 0x6d, 0x69, 0x6e, 0x61, 0x6c,
    0x20, 0x61, 0x70, 0x70, 0x20, 0x28, 0x73, 0x79, 0x6e, 0x6f, 0x6e, 0x79,
    0x6d, 0x20, 0x66, 0x6f, 0x72, 0x20, 0x76, 0x61, 0x73, 0x68, 0x29, 0x0a,
    0x0a, 0x53, 0x59, 0x4e, 0x4f, 0x50, 0x53, 0x49, 0x53, 0x0a, 0x20, 0x20,
    0x20, 0x20, 0x74, 0x65, 0x72, 0x6d, 0x0a, 0x0a, 0x44, 0x45, 0x53, 0x43,
    0x52, 0x49, 0x50, 0x54, 0x49, 0x4f, 0x4e, 0x0a, 0x20, 0x20, 0x20, 0x20,
    0x54, 0x68, 0x65, 0x20, 0x47, 0x55, 0x49, 0x20, 0x6c, 0x61, 0x75, 0x6e,
    0x63, 0x68, 0x65, 0x72, 0x20, 0x73, 0x68, 0x69, 0x70, 0x73, 0x20, 0x76,
    0x61, 0x73, 0x68, 0x20, 0x75, 0x6e, 0x64, 0x65, 0x72, 0x20, 0x74, 0x68,
    0x65, 0x20, 0x6e, 0x61, 0x6d, 0x65, 0x20, 0x27, 0x74, 0x65, 0x72, 0x6d,
    0x27, 0x3b, 0x20, 0x61, 0x20, 0x6c, 0x6f, 0x67, 0x69, 0x6e, 0x0a, 0x20,
    0x20, 0x20, 0x20, 0x68, 0x61, 0x70, 0x70, 0x65, 0x6e, 0x73, 0x20, 0x69,
    0x6e, 0x73, 0x69, 0x64, 0x65, 0x20, 0x74, 0x68, 0x65, 0x20, 0x77, 0x69,
    0x6e, 0x64, 0x6f, 0x77, 0x20, 0x6a, 0x75, 0x73, 0x74, 0x20, 0x6c, 0x69,
    0x6b, 0x65, 0x20, 0x6f, 0x6e, 0x20, 0x74, 0x68, 0x65, 0x20, 0x63, 0x6f,
    0x6e, 0x73, 0x6f, 0x6c, 0x65, 0x2e, 0x20, 0x53, 0x65, 0x65, 0x0a, 0x20,
    0x20, 0x20, 0x20, 0x6d, 0x61, 0x6e, 0x20, 0x76, 0x61, 0x73, 0x68, 0x2e,
    0x0a, 0x00, 0x63, 0x64, 0x00, 0x63, 0x68, 0x61, 0x6e, 0x67, 0x65, 0x20,
    0x74, 0x68, 0x65, 0x20, 0x77, 0x6f, 0x72, 0x6b, 0x69, 0x6e, 0x67, 0x20,
    0x64, 0x69, 0x72, 0x65, 0x63, 0x74, 0x6f, 0x72, 0x79, 0x00, 0x00, 0x00,
    0x4e, 0x41, 0x4d, 0x45, 0x0a, 0x20, 0x20, 0x20, 0x20, 0x63, 0x64, 0x20,
    0x2d, 0x20, 0x63, 0x68, 0x61, 0x6e, 0x67, 0x65, 0x20, 0x74, 0x68, 0x65,
    0x20, 0x77, 0x6f, 0x72, 0x6b, 0x69, 0x6e, 0x67, 0x20, 0x64, 0x69, 0x72,
    0x65, 0x63, 0x74, 0x6f, 0x72, 0x79, 0x0a, 0x0a, 0x53, 0x59, 0x4e, 0x4f,
    0x50, 0x53, 0x49, 0x53, 0x0a, 0x20, 0x20, 0x20, 0x20, 0x63, 0x64, 0x20,
    0x5b, 0x44, 0x49, 0x52, 0x5d, 0x0a, 0x0a, 0x44, 0x45, 0x53, 0x43, 0x52,
    0x49, 0x50, 0x54, 0x49, 0x4f, 0x4e, 0x0a, 0x20, 0x20, 0x20, 0x20, 0x4d,
    0x61, 0x6b, 0x65, 0x73, 0x20, 0x44, 0x49, 0x52, 0x20, 0x74, 0x68, 0x65,
    0x20, 0x63, 0x75, 0x72, 0x72, 0x65, 0x6e, 0x74, 0x20, 0x77, 0x6f, 0x72,
    0x6b, 0x69, 0x6e, 0x67, 0x20, 0x64, 0x69, 0x72, 0x65, 0x63, 0x74, 0x6f,
    0x72, 0x79, 0x2e, 0x20, 0x57, 0x69, 0x74, 0x68, 0x20, 0x6e, 0x6f, 0x20,
    0x61, 0x72, 0x67, 0x75, 0x6d, 0x65, 0x6e, 0x74, 0x0a, 0x20, 0x20, 0x20,
    0x20, 0x69, 0x74, 0x20, 0x72, 0x65, 0x74, 0x75, 0x72, 0x6e, 0x73, 0x20,
    0x74, 0x6f, 0x20, 0x74, 0x68, 0x65, 0x20, 0x69, 0x6e, 0x76, 0x6f, 0x6b,
    0x69, 0x6e, 0x67, 0x20, 0x75, 0x73, 0x65, 0x72, 0x27, 0x73, 0x20, 0x68,
    0x6f, 0x6d, 0x65, 0x20, 0x64, 0x69, 0x72, 0x65, 0x63, 0x74, 0x6f, 0x72,
    0x79, 0x2e, 0x20, 0x27, 0x2e, 0x27, 0x20, 0x61, 0x6e, 0x64, 0x0a, 0x20,
    0x20, 0x20, 0x20, 0x27, 0x2e, 0x2e, 0x27, 0x20, 0x61, 0x72, 0x65, 0x20,
    0x72, 0x65, 0x73, 0x6f, 0x6c, 0x76, 0x65, 0x64, 0x20, 0x62, 0x79, 0x20,
    0x74, 0x68, 0x65, 0x20, 0x56, 0x46, 0x53, 0x2c, 0x20, 0x73, 0x6f, 0x20,
    0x63, 0x64, 0x20, 0x2e, 0x2e, 0x20, 0x77, 0x6f, 0x72, 0x6b, 0x73, 0x20,
    0x6c, 0x69, 0x6b, 0x65, 0x20, 0x6f, 0x6e, 0x20, 0x61, 0x20, 0x72, 0x65,
    0x61, 0x6c, 0x0a, 0x20, 0x20, 0x20, 0x20, 0x55, 0x6e, 0x69, 0x78, 0x2e,
    0x20, 0x42, 0x75, 0x69, 0x6c, 0x74, 0x2d, 0x69, 0x6e, 0x20, 0x74, 0x6f,
    0x20, 0x76, 0x61, 0x73, 0x68, 0x20, 0x28, 0x72, 0x75, 0x6e, 0x20, 0x69,
    0x6e, 0x73, 0x69, 0x64, 0x65, 0x20, 0x74, 0x68, 0x65, 0x20, 0x73, 0x68,
    0x65, 0x6c, 0x6c, 0x29, 0x2e, 0x0a, 0x00, 0x65, 0x78, 0x70, 0x6f, 0x72,
    0x74, 0x00, 0x00, 0x00, 0x70, 0x72, 0x69, 0x6e, 0x74, 0x20, 0x6f, 0x72,
    0x20, 0x73, 0x65, 0x74, 0x20, 0x74, 0x68, 0x65, 0x20, 0x50, 0x41, 0x54,
    0x48, 0x20, 0x73, 0x65, 0x61, 0x72, 0x63, 0x68, 0x20, 0x70, 0x61, 0x74,
    0x68, 0x00, 0x00, 0x00, 0x4e, 0x41, 0x4d, 0x45, 0x0a, 0x20, 0x20, 0x20,
    0x20, 0x65, 0x78, 0x70, 0x6f, 0x72, 0x74, 0x20, 0x2d, 0x20, 0x70, 0x72,
    0x69, 0x6e, 0x74, 0x20, 0x6f, 0x72, 0x20, 0x73, 0x65, 0x74, 0x20, 0x74,
    0x68, 0x65, 0x20, 0x50, 0x41, 0x54, 0x48, 0x20, 0x73, 0x65, 0x61, 0x72,
    0x63, 0x68, 0x20, 0x70, 0x61, 0x74, 0x68, 0x0a, 0x0a, 0x53, 0x59, 0x4e,
    0x4f, 0x50, 0x53, 0x49, 0x53, 0x0a, 0x20, 0x20, 0x20, 0x20, 0x65, 0x78,
    0x70, 0x6f, 0x72, 0x74, 0x0a, 0x20, 0x20, 0x20, 0x20, 0x65, 0x78, 0x70,
    0x6f, 0x72, 0x74, 0x20, 0x50, 0x41, 0x54, 0x48, 0x3d, 0x3c, 0x64, 0x69,
    0x72, 0x73, 0x3e, 0x0a, 0x0a, 0x44, 0x45, 0x53, 0x43, 0x52, 0x49, 0x50,
    0x54, 0x49, 0x4f, 0x4e, 0x0a, 0x20, 0x20, 0x20, 0x20, 0x57, 0x69, 0x74,
    0x68, 0x20, 0x6e, 0x6f, 0x20, 0x61, 0x72, 0x67, 0x75, 0x6d, 0x65, 0x6e,
    0x74, 0x2c, 0x20, 0x70, 0x72, 0x69, 0x6e, 0x74, 0x73, 0x20, 0x74, 0x68,
    0x65, 0x20, 0x63, 0x75, 0x72, 0x72, 0x65, 0x6e, 0x74, 0x20, 0x65, 0x6e,
    0x74, 0x72, 0x79, 0x20, 0x73, 0x65, 0x61, 0x72, 0x63, 0x68, 0x20, 0x70,
    0x61, 0x74, 0x68, 0x20, 0x75, 0x73, 0x65, 0x64, 0x0a, 0x20, 0x20, 0x20,
    0x20, 0x74, 0x6f, 0x20, 0x6c, 0x6f, 0x63, 0x61, 0x74, 0x65, 0x20, 0x65,
    0x78, 0x74, 0x65, 0x72, 0x6e, 0x61, 0x6c, 0x20, 0x63, 0x6f, 0x6d, 0x6d,
    0x61, 0x6e, 0x64, 0x73, 0x2e, 0x20, 0x57, 0x69, 0x74, 0x68, 0x20, 0x61,
    0x6e, 0x20, 0x61, 0x72, 0x67, 0x75, 0x6d, 0x65, 0x6e, 0x74, 0x20, 0x6f,
    0x66, 0x20, 0x74, 0x68, 0x65, 0x20, 0x66, 0x6f, 0x72, 0x6d, 0x0a, 0x20,
    0x20, 0x20, 0x20, 0x50, 0x41, 0x54, 0x48, 0x3d, 0x64, 0x69, 0x72, 0x31,
    0x3a, 0x64, 0x69, 0x72, 0x32, 0x3a, 0x2e, 0x2e, 0x2e, 0x20, 0x69, 0x74,
    0x20, 0x72, 0x65, 0x70, 0x6c, 0x61, 0x63, 0x65, 0x73, 0x20, 0x74, 0x68,
    0x65, 0x20, 0x73, 0x65, 0x61, 0x72, 0x63, 0x68, 0x20, 0x70, 0x61, 0x74,
    0x68, 0x20, 0x69, 0x6e, 0x20, 0x74, 0x68, 0x65, 0x20, 0x63, 0x75, 0x72,
    0x72, 0x65, 0x6e, 0x74, 0x0a, 0x20, 0x20, 0x20, 0x20, 0x73, 0x65, 0x73,
    0x73, 0x69, 0x6f, 0x6e, 0x2e, 0x20, 0x4f, 0x6e, 0x6c, 0x79, 0x20, 0x50,
    0x41, 0x54, 0x48, 0x20, 0x69, 0x73, 0x20, 0x73, 0x75, 0x70, 0x70, 0x6f,
    0x72, 0x74, 0x65, 0x64, 0x2e, 0x20, 0x53, 0x68, 0x65, 0x6c, 0x6c, 0x20,
    0x62, 0x75, 0x69, 0x6c, 0x74, 0x69, 0x6e, 0x2e, 0x0a, 0x00, 0x75, 0x6e,
    0x73, 0x65, 0x74, 0x00, 0x65, 0x6d, 0x70, 0x74, 0x79, 0x20, 0x28, 0x75,
    0x6e, 0x73, 0x65, 0x74, 0x29, 0x20, 0x74, 0x68, 0x65, 0x20, 0x63, 0x6f,
    0x6d, 0x6d, 0x61, 0x6e, 0x64, 0x20, 0x73, 0x65, 0x61, 0x72, 0x63, 0x68,
    0x20, 0x70, 0x61, 0x74, 0x68, 0x00, 0x00, 0x00, 0x4e, 0x41, 0x4d, 0x45,
    0x0a, 0x20, 0x20, 0x20, 0x20, 0x75, 0x6e, 0x73, 0x65, 0x74, 0x20, 0x2d,
    0x20, 0x65, 0x6d, 0x70, 0x74, 0x79, 0x20, 0x28, 0x75, 0x6e, 0x73, 0x65,
    0x74, 0x29, 0x20, 0x74, 0x68, 0x65, 0x20, 0x63, 0x6f, 0x6d, 0x6d, 0x61,
    0x6e, 0x64, 0x20, 0x73, 0x65, 0x61, 0x72, 0x63, 0x68, 0x20, 0x70, 0x61,
    0x74, 0x68, 0x0a, 0x0a, 0x53, 0x59, 0x4e, 0x4f, 0x50, 0x53, 0x49, 0x53,
    0x0a, 0x20, 0x20, 0x20, 0x20, 0x75, 0x6e, 0x73, 0x65, 0x74, 0x20, 0x50,
    0x41, 0x54, 0x48, 0x0a, 0x0a, 0x44, 0x45, 0x53, 0x43, 0x52, 0x49, 0x50,
    0x54, 0x49, 0x4f, 0x4e, 0x0a, 0x20, 0x20, 0x20, 0x20, 0x43, 0x6c, 0x65,
    0x61, 0x72, 0x73, 0x20, 0x74, 0x68, 0x65, 0x20, 0x73, 0x65, 0x73, 0x73,
    0x69, 0x6f, 0x6e, 0x20, 0x50, 0x41, 0x54, 0x48, 0x2e, 0x20, 0x45, 0x78,
    0x74, 0x65, 0x72, 0x6e, 0x61, 0x6c, 0x20, 0x63, 0x6f, 0x6d, 0x6d, 0x61,
    0x6e, 0x64, 0x73, 0x20, 0x74, 0x68, 0x65, 0x6e, 0x20, 0x72, 0x65, 0x73,
    0x6f, 0x6c, 0x76, 0x65, 0x0a, 0x20, 0x20, 0x20, 0x20, 0x64, 0x69, 0x72,
    0x65, 0x63, 0x74, 0x6c, 0x79, 0x20, 0x74, 0x6f, 0x20, 0x2f, 0x62, 0x69,
    0x6e, 0x20, 0x61, 0x6e, 0x79, 0x77, 0x61, 0x79, 0x2e, 0x20, 0x4f, 0x6e,
    0x6c, 0x79, 0x20, 0x50, 0x41, 0x54, 0x48, 0x20, 0x6d, 0x61, 0x79, 0x20,
    0x62, 0x65, 0x20, 0x75, 0x6e, 0x73, 0x65, 0x74, 0x2e, 0x20, 0x53, 0x68,
    0x65, 0x6c, 0x6c, 0x20, 0x62, 0x75, 0x69, 0x6c, 0x74, 0x69, 0x6e, 0x2e,
    0x0a, 0x00, 0x65, 0x78, 0x69, 0x74, 0x00, 0x65, 0x6e, 0x64, 0x20, 0x74,
    0x68, 0x65, 0x20, 0x73, 0x68, 0x65, 0x6c, 0x6c, 0x20, 0x73, 0x65, 0x73,
    0x73, 0x69, 0x6f, 0x6e, 0x00, 0x00, 0x00, 0x00, 0x4e, 0x41, 0x4d, 0x45,
    0x0a, 0x20, 0x20, 0x20, 0x20, 0x65, 0x78, 0x69, 0x74, 0x20, 0x2d, 0x20,
    0x65, 0x6e, 0x64, 0x20, 0x74, 0x68, 0x65, 0x20, 0x73, 0x68, 0x65, 0x6c,
    0x6c, 0x20, 0x73, 0x65, 0x73, 0x73, 0x69, 0x6f, 0x6e, 0x0a, 0x0a, 0x53,
    0x59, 0x4e, 0x4f, 0x50, 0x53, 0x49, 0x53, 0x0a, 0x20, 0x20, 0x20, 0x20,
    0x65, 0x78, 0x69, 0x74, 0x20, 0x5b, 0x53, 0x54, 0x41, 0x54, 0x55, 0x53,
    0x5d, 0x0a, 0x0a, 0x44, 0x45, 0x53, 0x43, 0x52, 0x49, 0x50, 0x54, 0x49,
    0x4f, 0x4e, 0x0a, 0x20, 0x20, 0x20, 0x20, 0x54, 0x65, 0x72, 0x6d, 0x69,
    0x6e, 0x61, 0x74, 0x65, 0x73, 0x20, 0x74, 0x68, 0x65, 0x20, 0x63, 0x75,
    0x72, 0x72, 0x65, 0x6e, 0x74, 0x20, 0x73, 0x68, 0x65, 0x6c, 0x6c, 0x2e,
    0x20, 0x49, 0x6e, 0x20, 0x61, 0x20, 0x6c, 0x6f, 0x67, 0x69, 0x6e, 0x20,
    0x73, 0x68, 0x65, 0x6c, 0x6c, 0x20, 0x74, 0x68, 0x69, 0x73, 0x20, 0x69,
    0x73, 0x20, 0x61, 0x0a, 0x20, 0x20, 0x20, 0x20, 0x6c, 0x6f, 0x67, 0x6f,
    0x75, 0x74, 0x3a, 0x20, 0x74, 0x68, 0x65, 0x20, 0x73, 0x61, 0x76, 0x65,
    0x64, 0x20, 0x73, 0x65, 0x73, 0x73, 0x69, 0x6f, 0x6e, 0x20, 0x69, 0x73,
    0x20, 0x64, 0x72, 0x6f, 0x70, 0x70, 0x65, 0x64, 0x20, 0x61, 0x6e, 0x64,
    0x20, 0x74, 0x68, 0x65, 0x20, 0x6d, 0x61, 0x63, 0x68, 0x69, 0x6e, 0x65,
    0x20, 0x72, 0x65, 0x74, 0x75, 0x72, 0x6e, 0x73, 0x0a, 0x20, 0x20, 0x20,
    0x20, 0x74, 0x6f, 0x20, 0x74, 0x68, 0x65, 0x20, 0x27, 0x56, 0x4e, 0x55,
    0x20, 0x6c, 0x6f, 0x67, 0x69, 0x6e, 0x3a, 0x27, 0x20, 0x70, 0x72, 0x6f,
    0x6d, 0x70, 0x74, 0x2e, 0x20, 0x53, 0x54, 0x41, 0x54, 0x55, 0x53, 0x2c,
    0x20, 0x61, 0x6e, 0x20, 0x6f, 0x70, 0x74, 0x69, 0x6f, 0x6e, 0x61, 0x6c,
    0x20, 0x65, 0x78, 0x69, 0x74, 0x20, 0x63, 0x6f, 0x64, 0x65, 0x2c, 0x0a,
    0x20, 0x20, 0x20, 0x20, 0x69, 0x73, 0x20, 0x72, 0x65, 0x74, 0x75, 0x72,
    0x6e, 0x65, 0x64, 0x20, 0x74, 0x6f, 0x20, 0x74, 0x68, 0x65, 0x20, 0x6b,
    0x65, 0x72, 0x6e, 0x65, 0x6c, 0x2e, 0x20, 0x53, 0x68, 0x65, 0x6c, 0x6c,
    0x20, 0x62, 0x75, 0x69, 0x6c, 0x74, 0x69, 0x6e, 0x2e, 0x0a, 0x00, 0x68,
    0x65, 0x6c, 0x70, 0x00, 0x6c, 0x69, 0x73, 0x74, 0x20, 0x74, 0x68, 0x65,
    0x20, 0x73, 0x68, 0x65, 0x6c, 0x6c, 0x20, 0x62, 0x75, 0x69, 0x6c, 0x74,
    0x69, 0x6e, 0x73, 0x00, 0x4e, 0x41, 0x4d, 0x45, 0x0a, 0x20, 0x20, 0x20,
    0x20, 0x68, 0x65, 0x6c, 0x70, 0x20, 0x2d, 0x20, 0x6c, 0x69, 0x73, 0x74,
    0x20, 0x74, 0x68, 0x65, 0x20, 0x73, 0x68, 0x65, 0x6c, 0x6c, 0x20, 0x62,
    0x75, 0x69, 0x6c, 0x74, 0x69, 0x6e, 0x73, 0x0a, 0x0a, 0x53, 0x59, 0x4e,
    0x4f, 0x50, 0x53, 0x49, 0x53, 0x0a, 0x20, 0x20, 0x20, 0x20, 0x68, 0x65,
    0x6c, 0x70, 0x0a, 0x0a, 0x44, 0x45, 0x53, 0x43, 0x52, 0x49, 0x50, 0x54,
    0x49, 0x4f, 0x4e, 0x0a, 0x20, 0x20, 0x20, 0x20, 0x50, 0x72, 0x69, 0x6e,
    0x74, 0x73, 0x20, 0x74, 0x68, 0x65, 0x20, 0x6c, 0x69, 0x73, 0x74, 0x20,
    0x6f, 0x66, 0x20, 0x76, 0x61, 0x73, 0x68, 0x20, 0x62, 0x75, 0x69, 0x6c,
    0x74, 0x2d, 0x69, 0x6e, 0x20, 0x63, 0x6f, 0x6d, 0x6d, 0x61, 0x6e, 0x64,
    0x73, 0x2c, 0x20, 0x74, 0x68, 0x65, 0x20, 0x63, 0x75, 0x72, 0x72, 0x65,
    0x6e, 0x74, 0x20, 0x50, 0x41, 0x54, 0x48, 0x0a, 0x20, 0x20, 0x20, 0x20,
    0x61, 0x6e, 0x64, 0x20, 0x61, 0x20, 0x72, 0x65, 0x6d, 0x69, 0x6e, 0x64,
    0x65, 0x72, 0x20, 0x6f, 0x66, 0x20, 0x74, 0x68, 0x65, 0x20, 0x65, 0x64,
    0x69, 0x74, 0x6f, 0x72, 0x20, 0x6b, 0x65, 0x79, 0x73, 0x2e, 0x20, 0x46,
    0x6f, 0x72, 0x20, 0x66, 0x75, 0x6c, 0x6c, 0x20, 0x64, 0x6f, 0x63, 0x75,
    0x6d, 0x65, 0x6e, 0x74, 0x61, 0x74, 0x69, 0x6f, 0x6e, 0x20, 0x6f, 0x66,
    0x0a, 0x20, 0x20, 0x20, 0x20, 0x61, 0x6e, 0x79, 0x20, 0x63, 0x6f, 0x6d,
    0x6d, 0x61, 0x6e, 0x64, 0x20, 0x75, 0x73, 0x65, 0x20, 0x6d, 0x61, 0x6e,
    0x20, 0x28, 0x73, 0x65, 0x65, 0x20, 0x6d, 0x61, 0x6e, 0x20, 0x6d, 0x61,
    0x6e, 0x29, 0x2e, 0x20, 0x53, 0x68, 0x65, 0x6c, 0x6c, 0x20, 0x62, 0x75,
    0x69, 0x6c, 0x74, 0x69, 0x6e, 0x2e, 0x0a, 0x00, 0x74, 0x79, 0x70, 0x65,
    0x00, 0x00, 0x00, 0x00, 0x73, 0x61, 0x79, 0x20, 0x68, 0x6f, 0x77, 0x20,
    0x61, 0x20, 0x6e, 0x61, 0x6d, 0x65, 0x20, 0x77, 0x6f, 0x75, 0x6c, 0x64,
    0x20, 0x62, 0x65, 0x20, 0x69, 0x6e, 0x74, 0x65, 0x72, 0x70, 0x72, 0x65,
    0x74, 0x65, 0x64, 0x00, 0x4e, 0x41, 0x4d, 0x45, 0x0a, 0x20, 0x20, 0x20,
    0x20, 0x74, 0x79, 0x70, 0x65, 0x20, 0x2d, 0x20, 0x73, 0x61, 0x79, 0x20,
    0x68, 0x6f, 0x77, 0x20, 0x61, 0x20, 0x6e, 0x61, 0x6d, 0x65, 0x20, 0x77,
    0x6f, 0x75, 0x6c, 0x64, 0x20, 0x62, 0x65, 0x20, 0x69, 0x6e, 0x74, 0x65,
    0x72, 0x70, 0x72, 0x65, 0x74, 0x65, 0x64, 0x0a, 0x0a, 0x53, 0x59, 0x4e,
    0x4f, 0x50, 0x53, 0x49, 0x53, 0x0a, 0x20, 0x20, 0x20, 0x20, 0x74, 0x79,
    0x70, 0x65, 0x20, 0x4e, 0x41, 0x4d, 0x45, 0x0a, 0x0a, 0x44, 0x45, 0x53,
    0x43, 0x52, 0x49, 0x50, 0x54, 0x49, 0x4f, 0x4e, 0x0a, 0x20, 0x20, 0x20,
    0x20, 0x52, 0x65, 0x70, 0x6f, 0x72, 0x74, 0x73, 0x20, 0x77, 0x68, 0x65,
    0x74, 0x68, 0x65, 0x72, 0x20, 0x4e, 0x41, 0x4d, 0x45, 0x20, 0x69, 0x73,
    0x20, 0x61, 0x20, 0x73, 0x68, 0x65, 0x6c, 0x6c, 0x20, 0x62, 0x75, 0x69,
    0x6c, 0x74, 0x69, 0x6e, 0x20, 0x28, 0x27, 0x4e, 0x41, 0x4d, 0x45, 0x20,
    0x69, 0x73, 0x20, 0x61, 0x20, 0x73, 0x68, 0x65, 0x6c, 0x6c, 0x0a, 0x20,
    0x20, 0x20, 0x20, 0x62, 0x75, 0x69, 0x6c, 0x74, 0x69, 0x6e, 0x27, 0x29,
    0x20, 0x6f, 0x72, 0x20, 0x72, 0x65, 0x73, 0x6f, 0x6c, 0x76, 0x65, 0x73,
    0x20, 0x74, 0x6f, 0x20, 0x61, 0x6e, 0x20, 0x65, 0x78, 0x74, 0x65, 0x72,
    0x6e, 0x61, 0x6c, 0x20, 0x70, 0x72, 0x6f, 0x67, 0x72, 0x61, 0x6d, 0x20,
    0x70, 0x61, 0x74, 0x68, 0x2e, 0x20, 0x49, 0x64, 0x65, 0x6e, 0x74, 0x69,
    0x63, 0x61, 0x6c, 0x0a, 0x20, 0x20, 0x20, 0x20, 0x69, 0x6e, 0x20, 0x62,
    0x65, 0x68, 0x61, 0x76, 0x69, 0x6f, 0x75, 0x72, 0x20, 0x74, 0x6f, 0x20,
    0x77, 0x68, 0x69, 0x63, 0x68, 0x2e, 0x20, 0x53, 0x68, 0x65, 0x6c, 0x6c,
    0x20, 0x62, 0x75, 0x69, 0x6c, 0x74, 0x69, 0x6e, 0x2e, 0x0a, 0x00, 0x77,
    0x68, 0x69, 0x63, 0x68, 0x00, 0x72, 0x65, 0x70, 0x6f, 0x72, 0x74, 0x20,
    0x77, 0x68, 0x65, 0x72, 0x65, 0x20, 0x61, 0x20, 0x63, 0x6f, 0x6d, 0x6d,
    0x61, 0x6e, 0x64, 0x20, 0x6c, 0x69, 0x76, 0x65, 0x73, 0x00, 0x00, 0x00,
    0x4e, 0x41, 0x4d, 0x45, 0x0a, 0x20, 0x20, 0x20, 0x20, 0x77, 0x68, 0x69,
    0x63, 0x68, 0x20, 0x2d, 0x20, 0x72, 0x65, 0x70, 0x6f, 0x72, 0x74, 0x20,
    0x77, 0x68, 0x65, 0x72, 0x65, 0x20, 0x61, 0x20, 0x63, 0x6f, 0x6d, 0x6d,
    0x61, 0x6e, 0x64, 0x20, 0x6c, 0x69, 0x76, 0x65, 0x73, 0x0a, 0x0a, 0x53,
    0x59, 0x4e, 0x4f, 0x50, 0x53, 0x49, 0x53, 0x0a, 0x20, 0x20, 0x20, 0x20,
    0x77, 0x68, 0x69, 0x63, 0x68, 0x20, 0x4e, 0x41, 0x4d, 0x45, 0x0a, 0x0a,
    0x44, 0x45, 0x53, 0x43, 0x52, 0x49, 0x50, 0x54, 0x49, 0x4f, 0x4e, 0x0a,
    0x20, 0x20, 0x20, 0x20, 0x52, 0x65, 0x74, 0x75, 0x72, 0x6e, 0x73, 0x20,
    0x74, 0x68, 0x65, 0x20, 0x70, 0x61, 0x74, 0x68, 0x20, 0x28, 0x6f, 0x72,
    0x20, 0x27, 0x69, 0x73, 0x20, 0x61, 0x20, 0x73, 0x68, 0x65, 0x6c, 0x6c,
    0x20, 0x62, 0x75, 0x69, 0x6c, 0x74, 0x69, 0x6e, 0x27, 0x29, 0x20, 0x74,
    0x68, 0x61, 0x74, 0x20, 0x77, 0x6f, 0x75, 0x6c, 0x64, 0x20, 0x62, 0x65,
    0x0a, 0x20, 0x20, 0x20, 0x20, 0x75, 0x73, 0x65, 0x64, 0x20, 0x66, 0x6f,
    0x72, 0x20, 0x4e, 0x41, 0x4d, 0x45, 0x2e, 0x20, 0x49, 0x64, 0x65, 0x6e,
    0x74, 0x69, 0x63, 0x61, 0x6c, 0x20, 0x69, 0x6e, 0x20, 0x62, 0x65, 0x68,
    0x61, 0x76, 0x69, 0x6f, 0x75, 0x72, 0x20, 0x74, 0x6f, 0x20, 0x74, 0x79,
    0x70, 0x65, 0x2e, 0x0a, 0x00, 0x69, 0x6e, 0x73, 0x74, 0x61, 0x6c, 0x6c,
    0x00, 0x00, 0x00, 0x00, 0x77, 0x72, 0x69, 0x74, 0x65, 0x20, 0x74, 0x68,
    0x65, 0x20, 0x56, 0x4e, 0x55, 0x20, 0x73, 0x79, 0x73, 0x74, 0x65, 0x6d,
    0x20, 0x69, 0x6d, 0x61, 0x67, 0x65, 0x20, 0x74, 0x6f, 0x20, 0x61, 0x20,
    0x64, 0x69, 0x73, 0x6b, 0x00, 0x00, 0x00, 0x00, 0x4e, 0x41, 0x4d, 0x45,
    0x0a, 0x20, 0x20, 0x20, 0x20, 0x69, 0x6e, 0x73, 0x74, 0x61, 0x6c, 0x6c,
    0x20, 0x2d, 0x20, 0x77, 0x72, 0x69, 0x74, 0x65, 0x20, 0x74, 0x68, 0x65,
    0x20, 0x56, 0x4e, 0x55, 0x20, 0x73, 0x79, 0x73, 0x74, 0x65, 0x6d, 0x20,
    0x69, 0x6d, 0x61, 0x67, 0x65, 0x20, 0x74, 0x6f, 0x20, 0x61, 0x20, 0x64,
    0x69, 0x73, 0x6b, 0x0a, 0x0a, 0x53, 0x59, 0x4e, 0x4f, 0x50, 0x53, 0x49,
    0x53, 0x0a, 0x20, 0x20, 0x20, 0x20, 0x69, 0x6e, 0x73, 0x74, 0x61, 0x6c,
    0x6c, 0x20, 0x5b, 0x44, 0x52, 0x49, 0x56, 0x45, 0x5d, 0x0a, 0x0a, 0x44,
    0x45, 0x53, 0x43, 0x52, 0x49, 0x50, 0x54, 0x49, 0x4f, 0x4e, 0x0a, 0x20,
    0x20, 0x20, 0x20, 0x43, 0x6f, 0x70, 0x69, 0x65, 0x73, 0x20, 0x61, 0x20,
    0x62, 0x6f, 0x6f, 0x74, 0x61, 0x62, 0x6c, 0x65, 0x20, 0x56, 0x4e, 0x55,
    0x20, 0x69, 0x6d, 0x61, 0x67, 0x65, 0x20, 0x6f, 0x6e, 0x74, 0x6f, 0x20,
    0x76, 0x69, 0x72, 0x74, 0x75, 0x61, 0x6c, 0x20, 0x64, 0x69, 0x73, 0x6b,
    0x20, 0x44, 0x52, 0x49, 0x56, 0x45, 0x20, 0x28, 0x64, 0x65, 0x66, 0x61,
    0x75, 0x6c, 0x74, 0x0a, 0x20, 0x20, 0x20, 0x20, 0x30, 0x2c, 0x20, 0x73,
    0x65, 0x65, 0x20, 0x56, 0x4e, 0x55, 0x5f, 0x53, 0x59, 0x53, 0x5f, 0x62,
    0x6c, 0x6b, 0x63, 0x6f, 0x75, 0x6e, 0x74, 0x20, 0x66, 0x6f, 0x72, 0x20,
    0x68, 0x6f, 0x77, 0x20, 0x6d, 0x61, 0x6e, 0x79, 0x20, 0x61, 0x72, 0x65,
    0x20, 0x70, 0x72, 0x65, 0x73, 0x65, 0x6e, 0x74, 0x29, 0x2e, 0x20, 0x54,
    0x68, 0x69, 0x73, 0x20, 0x69, 0x73, 0x0a, 0x20, 0x20, 0x20, 0x20, 0x77,
    0x68, 0x61, 0x74, 0x20, 0x61, 0x20, 0x64, 0x69, 0x73, 0x74, 0x72, 0x6f,
    0x20, 0x27, 0x73, 0x79, 0x73, 0x69, 0x6e, 0x73, 0x74, 0x27, 0x20, 0x77,
    0x6f, 0x75, 0x6c, 0x64, 0x20, 0x62, 0x65, 0x2e, 0x20, 0x52, 0x65, 0x71,
    0x75, 0x69, 0x72, 0x65, 0x73, 0x20, 0x72, 0x6f, 0x6f, 0x74, 0x2e, 0x20,
    0x41, 0x66, 0x74, 0x65, 0x72, 0x20, 0x61, 0x0a, 0x20, 0x20, 0x20, 0x20,
    0x73, 0x75, 0x63, 0x63, 0x65, 0x73, 0x73, 0x66, 0x75, 0x6c, 0x20, 0x77,
    0x72, 0x69, 0x74, 0x65, 0x2c, 0x20, 0x72, 0x65, 0x62, 0x6f, 0x6f, 0x74,
    0x20, 0x66, 0x72, 0x6f, 0x6d, 0x20, 0x74, 0x68, 0x65, 0x20, 0x74, 0x61,
    0x72, 0x67, 0x65, 0x74, 0x20, 0x64, 0x69, 0x73, 0x6b, 0x2e, 0x0a, 0x0a,
    0x20, 0x20, 0x20, 0x20, 0x53, 0x68, 0x65, 0x6c, 0x6c, 0x20, 0x62, 0x75,
    0x69, 0x6c, 0x74, 0x69, 0x6e, 0x20, 0x28, 0x6e, 0x6f, 0x20, 0x65, 0x78,
    0x74, 0x65, 0x72, 0x6e, 0x61, 0x6c, 0x20, 0x62, 0x69, 0x6e, 0x61, 0x72,
    0x79, 0x20, 0x65, 0x78, 0x69, 0x73, 0x74, 0x73, 0x29, 0x2e, 0x0a, 0x00,
    0x69, 0x64, 0x00, 0x70, 0x72, 0x69, 0x6e, 0x74, 0x20, 0x74, 0x68, 0x65,
    0x20, 0x63, 0x75, 0x72, 0x72, 0x65, 0x6e, 0x74, 0x20, 0x69, 0x64, 0x65,
    0x6e, 0x74, 0x69, 0x74, 0x79, 0x00, 0x00, 0x00, 0x4e, 0x41, 0x4d, 0x45,
    0x0a, 0x20, 0x20, 0x20, 0x20, 0x69, 0x64, 0x20, 0x2d, 0x20, 0x70, 0x72,
    0x69, 0x6e, 0x74, 0x20, 0x74, 0x68, 0x65, 0x20, 0x63, 0x75, 0x72, 0x72,
    0x65, 0x6e, 0x74, 0x20, 0x69, 0x64, 0x65, 0x6e, 0x74, 0x69, 0x74, 0x79,
    0x0a, 0x0a, 0x53, 0x59, 0x4e, 0x4f, 0x50, 0x53, 0x49, 0x53, 0x0a, 0x20,
    0x20, 0x20, 0x20, 0x69, 0x64, 0x0a, 0x0a, 0x44, 0x45, 0x53, 0x43, 0x52,
    0x49, 0x50, 0x54, 0x49, 0x4f, 0x4e, 0x0a, 0x20, 0x20, 0x20, 0x20, 0x50,
    0x72, 0x69, 0x6e, 0x74, 0x73, 0x20, 0x74, 0x68, 0x65, 0x20, 0x65, 0x66,
    0x66, 0x65, 0x63, 0x74, 0x69, 0x76, 0x65, 0x20, 0x75, 0x73, 0x65, 0x72,
    0x20, 0x61, 0x6e, 0x64, 0x20, 0x67, 0x72, 0x6f, 0x75, 0x70, 0x20, 0x61,
    0x73, 0x20, 0x75, 0x69, 0x64, 0x20, 0x61, 0x6e, 0x64, 0x20, 0x67, 0x69,
    0x64, 0x20, 0x77, 0x69, 0x74, 0x68, 0x0a, 0x20, 0x20, 0x20, 0x20, 0x6e,
    0x61, 0x6d, 0x65, 0x73, 0x2c, 0x20, 0x65, 0x2e, 0x67, 0x2e, 0x20, 0x75,
    0x69, 0x64, 0x3d, 0x31, 0x30, 0x30, 0x30, 0x28, 0x67, 0x75, 0x65, 0x73,
    0x74, 0x29, 0x20, 0x67, 0x69, 0x64, 0x3d, 0x31, 0x30, 0x30, 0x28, 0x75,
    0x73, 0x65, 0x72, 0x73, 0x29, 0x2e, 0x20, 0x53, 0x68, 0x65, 0x6c, 0x6c,
    0x20, 0x62, 0x75, 0x69, 0x6c, 0x74, 0x69, 0x6e, 0x2e, 0x0a, 0x00, 0x77,
    0x68, 0x6f, 0x61, 0x6d, 0x69, 0x00, 0x70, 0x72, 0x69, 0x6e, 0x74, 0x20,
    0x74, 0x68, 0x65, 0x20, 0x63, 0x75, 0x72, 0x72, 0x65, 0x6e, 0x74, 0x20,
    0x75, 0x73, 0x65, 0x72, 0x20, 0x6e, 0x61, 0x6d, 0x65, 0x00, 0x00, 0x00,
    0x4e, 0x41, 0x4d, 0x45, 0x0a, 0x20, 0x20, 0x20, 0x20, 0x77, 0x68, 0x6f,
    0x61, 0x6d, 0x69, 0x20, 0x2d, 0x20, 0x70, 0x72, 0x69, 0x6e, 0x74, 0x20,
    0x74, 0x68, 0x65, 0x20, 0x63, 0x75, 0x72, 0x72, 0x65, 0x6e, 0x74, 0x20,
    0x75, 0x73, 0x65, 0x72, 0x20, 0x6e, 0x61, 0x6d, 0x65, 0x0a, 0x0a, 0x53,
    0x59, 0x4e, 0x4f, 0x50, 0x53, 0x49, 0x53, 0x0a, 0x20, 0x20, 0x20, 0x20,
    0x77, 0x68, 0x6f, 0x61, 0x6d, 0x69, 0x0a, 0x0a, 0x44, 0x45, 0x53, 0x43,
    0x52, 0x49, 0x50, 0x54, 0x49, 0x4f, 0x4e, 0x0a, 0x20, 0x20, 0x20, 0x20,
    0x50, 0x72, 0x69, 0x6e, 0x74, 0x73, 0x20, 0x74, 0x68, 0x65, 0x20, 0x6c,
    0x6f, 0x67, 0x69, 0x6e, 0x20, 0x6e, 0x61, 0x6d, 0x65, 0x20, 0x6f, 0x66,
    0x20, 0x74, 0x68, 0x65, 0x20, 0x63, 0x75, 0x72, 0x72, 0x65, 0x6e, 0x74,
    0x20, 0x75, 0x73, 0x65, 0x72, 0x2e, 0x20, 0x53, 0x68, 0x65, 0x6c, 0x6c,
    0x20, 0x62, 0x75, 0x69, 0x6c, 0x74, 0x69, 0x6e, 0x2e, 0x0a, 0x00, 0x67,
    0x72, 0x6f, 0x75, 0x70, 0x73, 0x00, 0x70, 0x72, 0x69, 0x6e, 0x74, 0x20,
    0x74, 0x68, 0x65, 0x20, 0x63, 0x75, 0x72, 0x72, 0x65, 0x6e, 0x74, 0x20,
    0x67, 0x72, 0x6f, 0x75, 0x70, 0x20, 0x6e, 0x61, 0x6d, 0x65, 0x00, 0x00,
    0x4e, 0x41, 0x4d, 0x45, 0x0a, 0x20, 0x20, 0x20, 0x20, 0x67, 0x72, 0x6f,
    0x75, 0x70, 0x73, 0x20, 0x2d, 0x20, 0x70, 0x72, 0x69, 0x6e, 0x74, 0x20,
    0x74, 0x68, 0x65, 0x20, 0x63, 0x75, 0x72, 0x72, 0x65, 0x6e, 0x74, 0x20,
    0x67, 0x72, 0x6f, 0x75, 0x70, 0x20, 0x6e, 0x61, 0x6d, 0x65, 0x0a, 0x0a,
    0x53, 0x59, 0x4e, 0x4f, 0x50, 0x53, 0x49, 0x53, 0x0a, 0x20, 0x20, 0x20,
    0x20, 0x67, 0x72, 0x6f, 0x75, 0x70, 0x73, 0x0a, 0x0a, 0x44, 0x45, 0x53,
    0x43, 0x52, 0x49, 0x50, 0x54, 0x49, 0x4f, 0x4e, 0x0a, 0x20, 0x20, 0x20,
    0x20, 0x50, 0x72, 0x69, 0x6e, 0x74, 0x73, 0x20, 0x74, 0x68, 0x65, 0x20,
    0x67, 0x72, 0x6f, 0x75, 0x70, 0x20, 0x6f, 0x66, 0x20, 0x74, 0x68, 0x65,
    0x20, 0x63, 0x75, 0x72, 0x72, 0x65, 0x6e, 0x74, 0x20, 0x73, 0x65, 0x73,
    0x73, 0x69, 0x6f, 0x6e, 0x2e, 0x20, 0x53, 0x68, 0x65, 0x6c, 0x6c, 0x20,
    0x62, 0x75, 0x69, 0x6c, 0x74, 0x69, 0x6e, 0x2e, 0x0a, 0x00, 0x75, 0x73,
    0x65, 0x72, 0x61, 0x64, 0x64, 0x00, 0x61, 0x64, 0x64, 0x20, 0x61, 0x20,
    0x6e, 0x65, 0x77, 0x20, 0x75, 0x73, 0x65, 0x72, 0x20, 0x61, 0x63, 0x63,
    0x6f, 0x75, 0x6e, 0x74, 0x00, 0x00, 0x00, 0x00, 0x4e, 0x41, 0x4d, 0x45,
    0x0a, 0x20, 0x20, 0x20, 0x20, 0x75, 0x73, 0x65, 0x72, 0x61, 0x64, 0x64,
    0x20, 0x2d, 0x20, 0x61, 0x64, 0x64, 0x20, 0x61, 0x20, 0x6e, 0x65, 0x77,
    0x20, 0x75, 0x73, 0x65, 0x72, 0x20, 0x61, 0x63, 0x63, 0x6f, 0x75, 0x6e,
    0x74, 0x0a, 0x0a, 0x53, 0x59, 0x4e, 0x4f, 0x50, 0x53, 0x49, 0x53, 0x0a,
    0x20, 0x20, 0x20, 0x20, 0x75, 0x73, 0x65, 0x72, 0x61, 0x64, 0x64, 0x20,
    0x4e, 0x41, 0x4d, 0x45, 0x0a, 0x0a, 0x44, 0x45, 0x53, 0x43, 0x52, 0x49,
    0x50, 0x54, 0x49, 0x4f, 0x4e, 0x0a, 0x20, 0x20, 0x20, 0x20, 0x52, 0x6f,
    0x6f, 0x74, 0x2d, 0x6f, 0x6e, 0x6c, 0x79, 0x2e, 0x20, 0x41, 0x64, 0x64,
    0x73, 0x20, 0x61, 0x20, 0x75, 0x73, 0x65, 0x72, 0x20, 0x63, 0x61, 0x6c,
    0x6c, 0x65, 0x64, 0x20, 0x4e, 0x41, 0x4d, 0x45, 0x20, 0x28, 0x6c, 0x6f,
    0x77, 0x65, 0x72, 0x63, 0x61, 0x73, 0x65, 0x20, 0x6c, 0x65, 0x74, 0x74,
    0x65, 0x72, 0x73, 0x2c, 0x0a, 0x20, 0x20, 0x20, 0x20, 0x64, 0x69, 0x67,
    0x69, 0x74, 0x73, 0x2c, 0x20, 0x27, 0x5f, 0x27, 0x20, 0x61, 0x6e, 0x64,
    0x20, 0x27, 0x2d, 0x27, 0x20, 0x6f, 0x6e, 0x6c, 0x79, 0x29, 0x20, 0x74,
    0x6f, 0x20, 0x2f, 0x65, 0x74, 0x63, 0x2f, 0x70, 0x61, 0x73, 0x73, 0x77,
    0x64, 0x2c, 0x20, 0x70, 0x72, 0x6f, 0x6d, 0x70, 0x74, 0x69, 0x6e, 0x67,
    0x20, 0x66, 0x6f, 0x72, 0x20, 0x61, 0x0a, 0x20, 0x20, 0x20, 0x20, 0x70,
    0x61, 0x73, 0x73, 0x77, 0x6f, 0x72, 0x64, 0x20, 0x74, 0x77, 0x69, 0x63,
    0x65, 0x2e, 0x20, 0x54, 0x68, 0x65, 0x20, 0x6e, 0x65, 0x77, 0x20, 0x75,
    0x73, 0x65, 0x72, 0x20, 0x67, 0x65, 0x74, 0x73, 0x20, 0x75, 0x69, 0x64,
    0x20, 0x3e, 0x3d, 0x20, 0x31, 0x30, 0x30, 0x30, 0x2c, 0x20, 0x70, 0x72,
    0x69, 0x6d, 0x61, 0x72, 0x79, 0x20, 0x67, 0x72, 0x6f, 0x75, 0x70, 0x0a,
    0x20, 0x20, 0x20, 0x20, 0x75, 0x73, 0x65, 0x72, 0x73, 0x20, 0x28, 0x31,
    0x30, 0x30, 0x29, 0x2c, 0x20, 0x61, 0x20, 0x68, 0x6f, 0x6d, 0x65, 0x20,
    0x64, 0x69, 0x72, 0x65, 0x63, 0x74, 0x6f, 0x72, 0x79, 0x20, 0x2f, 0x68,
    0x6f, 0x6d, 0x65, 0x2f, 0x4e, 0x41, 0x4d, 0x45, 0x2c, 0x20, 0x6f, 0x77,
    0x6e, 0x65, 0x64, 0x20, 0x62, 0x79, 0x20, 0x74, 0x68, 0x65, 0x6d, 0x20,
    0x77, 0x69, 0x74, 0x68, 0x0a, 0x20, 0x20, 0x20, 0x20, 0x6d, 0x6f, 0x64,
    0x65, 0x20, 0x30, 0x37, 0x30, 0x30, 0x2e, 0x0a, 0x0a, 0x53, 0x45, 0x45,
    0x20, 0x41, 0x4c, 0x53, 0x4f, 0x0a, 0x20, 0x20, 0x20, 0x20, 0x6d, 0x61,
    0x6e, 0x20, 0x70, 0x61, 0x73, 0x73, 0x77, 0x64, 0x2c, 0x20, 0x6d, 0x61,
    0x6e, 0x20, 0x73, 0x75, 0x0a, 0x00, 0x70, 0x61, 0x73, 0x73, 0x77, 0x64,
    0x00, 0x63, 0x68, 0x61, 0x6e, 0x67, 0x65, 0x20, 0x61, 0x20, 0x75, 0x73,
    0x65, 0x72, 0x27, 0x73, 0x20, 0x70, 0x61, 0x73, 0x73, 0x77, 0x6f, 0x72,
    0x64, 0x00, 0x00, 0x00, 0x4e, 0x41, 0x4d, 0x45, 0x0a, 0x20, 0x20, 0x20,
    0x20, 0x70, 0x61, 0x73, 0x73, 0x77, 0x64, 0x20, 0x2d, 0x20, 0x63, 0x68,
    0x61, 0x6e, 0x67, 0x65, 0x20, 0x61, 0x20, 0x75, 0x73, 0x65, 0x72, 0x27,
    0x73, 0x20, 0x70, 0x61, 0x73, 0x73, 0x77, 0x6f, 0x72, 0x64, 0x0a, 0x0a,
    0x53, 0x59, 0x4e, 0x4f, 0x50, 0x53, 0x49, 0x53, 0x0a, 0x20, 0x20, 0x20,
    0x20, 0x70, 0x61, 0x73, 0x73, 0x77, 0x64, 0x20, 0x5b, 0x55, 0x53, 0x45,
    0x52, 0x5d, 0x0a, 0x0a, 0x44, 0x45, 0x53, 0x43, 0x52, 0x49, 0x50, 0x54,
    0x49, 0x4f, 0x4e, 0x0a, 0x20, 0x20, 0x20, 0x20, 0x52, 0x6f, 0x6f, 0x74,
    0x2d, 0x6f, 0x6e, 0x6c, 0x79, 0x2e, 0x20, 0x52, 0x65, 0x70, 0x6c, 0x61,
    0x63, 0x65, 0x73, 0x20, 0x74, 0x68, 0x65, 0x20, 0x73, 0x74, 0x6f, 0x72,
    0x65, 0x64, 0x20, 0x68, 0x61, 0x73, 0x68, 0x20, 0x6f, 0x66, 0x20, 0x55,
    0x53, 0x45, 0x52, 0x20, 0x28, 0x64, 0x65, 0x66, 0x61, 0x75, 0x6c, 0x74,
    0x3a, 0x20, 0x74, 0x68, 0x65, 0x0a, 0x20, 0x20, 0x20, 0x20, 0x63, 0x75,
    0x72, 0x72, 0x65, 0x6e, 0x74, 0x20, 0x75, 0x73, 0x65, 0x72, 0x29, 0x20,
    0x69, 0x6e, 0x20, 0x2f, 0x65, 0x74, 0x63, 0x2f, 0x70, 0x61, 0x73, 0x73,
    0x77, 0x64, 0x20, 0x61, 0x66, 0x74, 0x65, 0x72, 0x20, 0x61, 0x73, 0x6b,
    0x69, 0x6e, 0x67, 0x20, 0x66, 0x6f, 0x72, 0x20, 0x74, 0x68, 0x65, 0x20,
    0x6e, 0x65, 0x77, 0x0a, 0x20, 0x20, 0x20, 0x20, 0x70, 0x61, 0x73, 0x73,
    0x77, 0x6f, 0x72, 0x64, 0x20, 0x74, 0x77, 0x69, 0x63, 0x65, 0x2e, 0x20,
    0x53, 0x68, 0x65, 0x6c, 0x6c, 0x20, 0x62, 0x75, 0x69, 0x6c, 0x74, 0x69,
    0x6e, 0x2e, 0x0a, 0x00, 0x73, 0x75, 0x00, 0x00, 0x73, 0x77, 0x69, 0x74,
    0x63, 0x68, 0x20, 0x74, 0x68, 0x65, 0x20, 0x73, 0x65, 0x73, 0x73, 0x69,
    0x6f, 0x6e, 0x20, 0x74, 0x6f, 0x20, 0x61, 0x6e, 0x6f, 0x74, 0x68, 0x65,
    0x72, 0x20, 0x75, 0x73, 0x65, 0x72, 0x00, 0x00, 0x4e, 0x41, 0x4d, 0x45,
    0x0a, 0x20, 0x20, 0x20, 0x20, 0x73, 0x75, 0x20, 0x2d, 0x20, 0x73, 0x77,
    0x69, 0x74, 0x63, 0x68, 0x20, 0x74, 0x68, 0x65, 0x20, 0x73, 0x65, 0x73,
    0x73, 0x69, 0x6f, 0x6e, 0x20, 0x74, 0x6f, 0x20, 0x61, 0x6e, 0x6f, 0x74,
    0x68, 0x65, 0x72, 0x20, 0x75, 0x73, 0x65, 0x72, 0x0a, 0x0a, 0x53, 0x59,
    0x4e, 0x4f, 0x50, 0x53, 0x49, 0x53, 0x0a, 0x20, 0x20, 0x20, 0x20, 0x73,
    0x75, 0x20, 0x5b, 0x55, 0x53, 0x45, 0x52, 0x5d, 0x0a, 0x0a, 0x44, 0x45,
    0x53, 0x43, 0x52, 0x49, 0x50, 0x54, 0x49, 0x4f, 0x4e, 0x0a, 0x20, 0x20,
    0x20, 0x20, 0x52, 0x65, 0x71, 0x75, 0x69, 0x72, 0x65, 0x73, 0x20, 0x55,
    0x53, 0x45, 0x52, 0x27, 0x73, 0x20, 0x70, 0x61, 0x73, 0x73, 0x77, 0x6f,
    0x72, 0x64, 0x20, 0x61, 0x6e, 0x64, 0x20, 0x73, 0x77, 0x69, 0x74, 0x63,
    0x68, 0x65, 0x73, 0x20, 0x74, 0x68, 0x65, 0x20, 0x73, 0x65, 0x73, 0x73,
    0x69, 0x6f, 0x6e, 0x20, 0x69, 0x64, 0x65, 0x6e, 0x74, 0x69, 0x74, 0x79,
    0x0a, 0x20, 0x20, 0x20, 0x20, 0x61, 0x6e, 0x64, 0x20, 0x77, 0x6f, 0x72,
    0x6b, 0x69, 0x6e, 0x67, 0x20, 0x64, 0x69, 0x72, 0x65, 0x63, 0x74, 0x6f,
    0x72, 0x79, 0x20, 0x74, 0x6f, 0x20, 0x74, 0x68, 0x61, 0x74, 0x20, 0x75,
    0x73, 0x65, 0x72, 0x2e, 0x20, 0x43, 0x68, 0x61, 0x6e, 0x67, 0x69, 0x6e,
    0x67, 0x20, 0x74, 0x6f, 0x20, 0x61, 0x6e, 0x79, 0x74, 0x68, 0x69, 0x6e,
    0x67, 0x0a, 0x20, 0x20, 0x20, 0x20, 0x6f, 0x74, 0x68, 0x65, 0x72, 0x20,
    0x74, 0x68, 0x61, 0x6e, 0x20, 0x79, 0x6f, 0x75, 0x72, 0x20, 0x6f, 0x77,
    0x6e, 0x20, 0x70, 0x72, 0x69, 0x76, 0x69, 0x6c, 0x65, 0x67, 0x65, 0x20,
    0x6c, 0x65, 0x76, 0x65, 0x6c, 0x20, 0x6e, 0x65, 0x65, 0x64, 0x73, 0x20,
    0x72, 0x6f, 0x6f, 0x74, 0x2e, 0x20, 0x53, 0x68, 0x65, 0x6c, 0x6c, 0x20,
    0x62, 0x75, 0x69, 0x6c, 0x74, 0x69, 0x6e, 0x2e, 0x0a, 0x00, 0x63, 0x6f,
    0x72, 0x65, 0x75, 0x74, 0x69, 0x6c, 0x73, 0x00, 0x74, 0x68, 0x65, 0x20,
    0x73, 0x74, 0x61, 0x6e, 0x64, 0x61, 0x72, 0x64, 0x20, 0x63, 0x6f, 0x6d,
    0x6d, 0x61, 0x6e, 0x64, 0x20, 0x73, 0x65, 0x74, 0x20, 0x28, 0x69, 0x6e,
    0x64, 0x65, 0x78, 0x29, 0x00, 0x00, 0x00, 0x00, 0x4e, 0x41, 0x4d, 0x45,
    0x0a, 0x20, 0x20, 0x20, 0x20, 0x63, 0x6f, 0x72, 0x65, 0x75, 0x74, 0x69,
    0x6c, 0x73, 0x20, 0x2d, 0x20, 0x74, 0x68, 0x65, 0x20, 0x73, 0x74, 0x61,
    0x6e, 0x64, 0x61, 0x72, 0x64, 0x20, 0x63, 0x6f, 0x6d, 0x6d, 0x61, 0x6e,
    0x64, 0x20, 0x73, 0x65, 0x74, 0x20, 0x28, 0x69, 0x6e, 0x64, 0x65, 0x78,
    0x29, 0x0a, 0x0a, 0x53, 0x59, 0x4e, 0x4f, 0x50, 0x53, 0x49, 0x53, 0x0a,
    0x20, 0x20, 0x20, 0x20, 0x28, 0x6e, 0x6f, 0x20, 0x73, 0x75, 0x63, 0x68,
    0x20, 0x62, 0x69, 0x6e, 0x61, 0x72, 0x79, 0x20, 0x2d, 0x20, 0x73, 0x65,
    0x65, 0x20, 0x44, 0x45, 0x53, 0x43, 0x52, 0x49, 0x50, 0x54, 0x49, 0x4f,
    0x4e, 0x29, 0x0a, 0x0a, 0x44, 0x45, 0x53, 0x43, 0x52, 0x49, 0x50, 0x54,
    0x49, 0x4f, 0x4e, 0x0a, 0x20, 0x20, 0x20, 0x20, 0x54, 0x68, 0x65, 0x20,
    0x62, 0x61, 0x73, 0x69, 0x63, 0x20, 0x6f, 0x70, 0x65, 0x72, 0x61, 0x74,
    0x69, 0x6e, 0x67, 0x2d, 0x73, 0x79, 0x73, 0x74, 0x65, 0x6d, 0x20, 0x74,
    0x6f, 0x6f, 0x6c, 0x73, 0x20, 0x75, 0x73, 0x65, 0x64, 0x20, 0x74, 0x6f,
    0x20, 0x62, 0x65, 0x20, 0x6f, 0x6e, 0x65, 0x20, 0x62, 0x75, 0x73, 0x79,
    0x62, 0x6f, 0x78, 0x2d, 0x73, 0x74, 0x79, 0x6c, 0x65, 0x0a, 0x20, 0x20,
    0x20, 0x20, 0x6d, 0x75, 0x6c, 0x74, 0x69, 0x2d, 0x63, 0x61, 0x6c, 0x6c,
    0x20, 0x62, 0x69, 0x6e, 0x61, 0x72, 0x79, 0x20, 0x73, 0x65, 0x6c, 0x65,
    0x63, 0x74, 0x65, 0x64, 0x20, 0x62, 0x79, 0x20, 0x61, 0x72, 0x67, 0x76,
    0x5b, 0x30, 0x5d, 0x2e, 0x20, 0x54, 0x68, 0x65, 0x79, 0x20, 0x61, 0x72,
    0x65, 0x20, 0x6e, 0x6f, 0x77, 0x20, 0x65, 0x61, 0x63, 0x68, 0x20, 0x61,
    0x0a, 0x20, 0x20, 0x20, 0x20, 0x73, 0x65, 0x70, 0x61, 0x72, 0x61, 0x74,
    0x65, 0x2c, 0x20, 0x73, 0x65, 0x6c, 0x66, 0x2d, 0x63, 0x6f, 0x6e, 0x74,
    0x61, 0x69, 0x6e, 0x65, 0x64, 0x20, 0x65, 0x78, 0x65, 0x63, 0x75, 0x74,
    0x61, 0x62, 0x6c, 0x65, 0x20, 0x69, 0x6e, 0x20, 0x2f, 0x62, 0x69, 0x6e,
    0x3a, 0x0a, 0x0a, 0x20, 0x20, 0x20, 0x20, 0x20, 0x20, 0x20, 0x20, 0x65,
    0x63, 0x68, 0x6f, 0x20, 0x74, 0x72, 0x75, 0x65, 0x20, 0x66, 0x61, 0x6c,
    0x73, 0x65, 0x20, 0x70, 0x77, 0x64, 0x20, 0x63, 0x61, 0x74, 0x20, 0x6c,
    0x73, 0x20, 0x6d, 0x6b, 0x64, 0x69, 0x72, 0x20, 0x72, 0x6d, 0x20, 0x74,
    0x6f, 0x75, 0x63, 0x68, 0x20, 0x75, 0x6e, 0x61, 0x6d, 0x65, 0x20, 0x63,
    0x6c, 0x65, 0x61, 0x72, 0x0a, 0x20, 0x20, 0x20, 0x20, 0x20, 0x20, 0x20,
    0x20, 0x77, 0x63, 0x20, 0x68, 0x65, 0x61, 0x64, 0x20, 0x74, 0x61, 0x69,
    0x6c, 0x20, 0x67, 0x72, 0x65, 0x70, 0x20, 0x73, 0x6f, 0x72, 0x74, 0x20,
    0x63, 0x70, 0x20, 0x6d, 0x76, 0x20, 0x62, 0x61, 0x73, 0x65, 0x6e, 0x61,
    0x6d, 0x65, 0x20, 0x64, 0x69, 0x72, 0x6e, 0x61, 0x6d, 0x65, 0x20, 0x73,
    0x65, 0x71, 0x0a, 0x0a, 0x20, 0x20, 0x20, 0x20, 0x54, 0x68, 0x65, 0x72,
    0x65, 0x20, 0x69, 0x73, 0x20, 0x6e, 0x6f, 0x20, 0x27, 0x63, 0x6f, 0x72,
    0x65, 0x75, 0x74, 0x69, 0x6c, 0x73, 0x27, 0x20, 0x70, 0x72, 0x6f, 0x67,
    0x72, 0x61, 0x6d, 0x20, 0x6f, 0x6e, 0x20, 0x74, 0x68, 0x65, 0x20, 0x69,
    0x6d, 0x61, 0x67, 0x65, 0x20, 0x61, 0x6e, 0x79, 0x20, 0x6d, 0x6f, 0x72,
    0x65, 0x3b, 0x20, 0x74, 0x68, 0x69, 0x73, 0x0a, 0x20, 0x20, 0x20, 0x20,
    0x70, 0x61, 0x67, 0x65, 0x20, 0x69, 0x73, 0x20, 0x6b, 0x65, 0x70, 0x74,
    0x20, 0x61, 0x73, 0x20, 0x61, 0x6e, 0x20, 0x69, 0x6e, 0x64, 0x65, 0x78,
    0x20, 0x6f, 0x66, 0x20, 0x74, 0x68, 0x65, 0x20, 0x73, 0x65, 0x74, 0x2e,
    0x20, 0x52, 0x75, 0x6e, 0x20, 0x27, 0x6d, 0x61, 0x6e, 0x20, 0x3c, 0x6e,
    0x61, 0x6d, 0x65, 0x3e, 0x27, 0x20, 0x66, 0x6f, 0x72, 0x20, 0x61, 0x0a,
    0x20, 0x20, 0x20, 0x20, 0x73, 0x69, 0x6e, 0x67, 0x6c, 0x65, 0x20, 0x74,
    0x6f, 0x6f, 0x6c, 0x2c, 0x20, 0x6f, 0x72, 0x20, 0x62, 0x61, 0x72, 0x65,
    0x20, 0x27, 0x6d, 0x61, 0x6e, 0x27, 0x20, 0x66, 0x6f, 0x72, 0x20, 0x65,
    0x76, 0x65, 0x72, 0x79, 0x20, 0x64, 0x6f, 0x63, 0x75, 0x6d, 0x65, 0x6e,
    0x74, 0x65, 0x64, 0x20, 0x63, 0x6f, 0x6d, 0x6d, 0x61, 0x6e, 0x64, 0x2e,
    0x0a, 0x00, 0x65, 0x63, 0x68, 0x6f, 0x00, 0x00, 0x77, 0x72, 0x69, 0x74,
    0x65, 0x20, 0x69, 0x74, 0x73, 0x20, 0x61, 0x72, 0x67, 0x75, 0x6d, 0x65,
    0x6e, 0x74, 0x73, 0x20, 0x74, 0x6f, 0x20, 0x73, 0x74, 0x61, 0x6e, 0x64,
    0x61, 0x72, 0x64, 0x20, 0x6f, 0x75, 0x74, 0x70, 0x75, 0x74, 0x00, 0x00,
    0x4e, 0x41, 0x4d, 0x45, 0x0a, 0x20, 0x20, 0x20, 0x20, 0x65, 0x63, 0x68,
    0x6f, 0x20, 0x2d, 0x20, 0x77, 0x72, 0x69, 0x74, 0x65, 0x20, 0x69, 0x74,
    0x73, 0x20, 0x61, 0x72, 0x67, 0x75, 0x6d, 0x65, 0x6e, 0x74, 0x73, 0x20,
    0x74, 0x6f, 0x20, 0x73, 0x74, 0x61, 0x6e, 0x64, 0x61, 0x72, 0x64, 0x20,
    0x6f, 0x75, 0x74, 0x70, 0x75, 0x74, 0x0a, 0x0a, 0x53, 0x59, 0x4e, 0x4f,
    0x50, 0x53, 0x49, 0x53, 0x0a, 0x20, 0x20, 0x20, 0x20, 0x65, 0x63, 0x68,
    0x6f, 0x20, 0x5b, 0x57, 0x4f, 0x52, 0x44, 0x2e, 0x2e, 0x2e, 0x5d, 0x0a,
    0x0a, 0x44, 0x45, 0x53, 0x43, 0x52, 0x49, 0x50, 0x54, 0x49, 0x4f, 0x4e,
    0x0a, 0x20, 0x20, 0x20, 0x20, 0x57, 0x72, 0x69, 0x74, 0x65, 0x73, 0x20,
    0x65, 0x61, 0x63, 0x68, 0x20, 0x57, 0x4f, 0x52, 0x44, 0x20, 0x69, 0x6e,
    0x20, 0x6f, 0x72, 0x64, 0x65, 0x72, 0x2c, 0x20, 0x73, 0x65, 0x70, 0x61,
    0x72, 0x61, 0x74, 0x65, 0x64, 0x20, 0x62, 0x79, 0x20, 0x61, 0x20, 0x73,
    0x69, 0x6e, 0x67, 0x6c, 0x65, 0x20, 0x73, 0x70, 0x61, 0x63, 0x65, 0x2c,
    0x20, 0x61, 0x6e, 0x64, 0x0a, 0x20, 0x20, 0x20, 0x20, 0x66, 0x69, 0x6e,
    0x69, 0x73, 0x68, 0x65, 0x73, 0x20, 0x77, 0x69, 0x74, 0x68, 0x20, 0x61,
    0x20, 0x6e, 0x65, 0x77, 0x6c, 0x69, 0x6e, 0x65, 0x2e, 0x20, 0x4e, 0x6f,
    0x20, 0x6f, 0x70, 0x74, 0x69, 0x6f, 0x6e, 0x20, 0x68, 0x61, 0x6e, 0x64,
    0x6c, 0x69, 0x6e, 0x67, 0x20, 0x28, 0x62, 0x61, 0x63, 0x6b, 0x73, 0x6c,
    0x61, 0x73, 0x68, 0x65, 0x73, 0x2c, 0x0a, 0x20, 0x20, 0x20, 0x20, 0x2d,
    0x6e, 0x20, 0x61, 0x6e, 0x64, 0x20, 0x2d, 0x65, 0x20, 0x61, 0x72, 0x65,
    0x20, 0x63, 0x6f, 0x70, 0x69, 0x65, 0x64, 0x20, 0x6c, 0x69, 0x74, 0x65,
    0x72, 0x61, 0x6c, 0x6c, 0x79, 0x29, 0x2e, 0x0a, 0x00, 0x74, 0x72, 0x75,
    0x65, 0x00, 0x64, 0x6f, 0x20, 0x6e, 0x6f, 0x74, 0x68, 0x69, 0x6e, 0x67,
    0x2c, 0x20, 0x73, 0x75, 0x63, 0x63, 0x65, 0x73, 0x73, 0x66, 0x75, 0x6c,
    0x6c, 0x79, 0x00, 0x00, 0x4e, 0x41, 0x4d, 0x45, 0x0a, 0x20, 0x20, 0x20,
    0x20, 0x74, 0x72, 0x75, 0x65, 0x20, 0x2d, 0x20, 0x64, 0x6f, 0x20, 0x6e,
    0x6f, 0x74, 0x68, 0x69, 0x6e, 0x67, 0x2c, 0x20, 0x73, 0x75, 0x63, 0x63,
    0x65, 0x73, 0x73, 0x66, 0x75, 0x6c, 0x6c, 0x79, 0x0a, 0x0a, 0x53, 0x59,
    0x4e, 0x4f, 0x50, 0x53, 0x49, 0x53, 0x0a, 0x20, 0x20, 0x20, 0x20, 0x74,
    0x72, 0x75, 0x65, 0x0a, 0x0a, 0x44, 0x45, 0x53, 0x43, 0x52, 0x49, 0x50,
    0x54, 0x49, 0x4f, 0x4e, 0x0a, 0x20, 0x20, 0x20, 0x20, 0x49, 0x67, 0x6e,
    0x6f, 0x72, 0x65, 0x73, 0x20, 0x61, 0x6c, 0x6c, 0x20, 0x61, 0x72, 0x67,
    0x75, 0x6d, 0x65, 0x6e, 0x74, 0x73, 0x20, 0x61, 0x6e, 0x64, 0x20, 0x65,
    0x78, 0x69, 0x74, 0x73, 0x20, 0x77, 0x69, 0x74, 0x68, 0x20, 0x73, 0x74,
    0x61, 0x74, 0x75, 0x73, 0x20, 0x30, 0x2e, 0x20, 0x55, 0x73, 0x65, 0x66,
    0x75, 0x6c, 0x20, 0x69, 0x6e, 0x0a, 0x20, 0x20, 0x20, 0x20, 0x73, 0x63,
    0x72, 0x69, 0x70, 0x74, 0x73, 0x20, 0x61, 0x73, 0x20, 0x74, 0x68, 0x65,
    0x20, 0x62, 0x6f, 0x64, 0x79, 0x20, 0x6f, 0x66, 0x20, 0x61, 0x6e, 0x20,
    0x27, 0x61, 0x6c, 0x77, 0x61, 0x79, 0x73, 0x20, 0x73, 0x75, 0x63, 0x63,
    0x65, 0x65, 0x64, 0x73, 0x27, 0x20, 0x63, 0x6f, 0x6d, 0x6d, 0x61, 0x6e,
    0x64, 0x2e, 0x0a, 0x00, 0x66, 0x61, 0x6c, 0x73, 0x65, 0x00, 0x64, 0x6f,
    0x20, 0x6e, 0x6f, 0x74, 0x68, 0x69, 0x6e, 0x67, 0x2c, 0x20, 0x75, 0x6e,
    0x73, 0x75, 0x63, 0x63, 0x65, 0x73, 0x73, 0x66, 0x75, 0x6c, 0x6c, 0x79,
    0x00, 0x00, 0x00, 0x00, 0x4e, 0x41, 0x4d, 0x45, 0x0a, 0x20, 0x20, 0x20,
    0x20, 0x66, 0x61, 0x6c, 0x73, 0x65, 0x20, 0x2d, 0x20, 0x64, 0x6f, 0x20,
    0x6e, 0x6f, 0x74, 0x68, 0x69, 0x6e, 0x67, 0x2c, 0x20, 0x75, 0x6e, 0x73,
    0x75, 0x63, 0x63, 0x65, 0x73, 0x73, 0x66, 0x75, 0x6c, 0x6c, 0x79, 0x0a,
    0x0a, 0x53, 0x59, 0x4e, 0x4f, 0x50, 0x53, 0x49, 0x53, 0x0a, 0x20, 0x20,
    0x20, 0x20, 0x66, 0x61, 0x6c, 0x73, 0x65, 0x0a, 0x0a, 0x44, 0x45, 0x53,
    0x43, 0x52, 0x49, 0x50, 0x54, 0x49, 0x4f, 0x4e, 0x0a, 0x20, 0x20, 0x20,
    0x20, 0x49, 0x67, 0x6e, 0x6f, 0x72, 0x65, 0x73, 0x20, 0x61, 0x6c, 0x6c,
    0x20, 0x61, 0x72, 0x67, 0x75, 0x6d, 0x65, 0x6e, 0x74, 0x73, 0x20, 0x61,
    0x6e, 0x64, 0x20, 0x65, 0x78, 0x69, 0x74, 0x73, 0x20, 0x77, 0x69, 0x74,
    0x68, 0x20, 0x73, 0x74, 0x61, 0x74, 0x75, 0x73, 0x20, 0x31, 0x2e, 0x20,
    0x54, 0x68, 0x65, 0x0a, 0x20, 0x20, 0x20, 0x20, 0x74, 0x72, 0x61, 0x64,
    0x69, 0x74, 0x69, 0x6f, 0x6e, 0x61, 0x6c, 0x20, 0x27, 0x6e, 0x65, 0x76,
    0x65, 0x72, 0x20, 0x73, 0x75, 0x63, 0x63, 0x65, 0x65, 0x64, 0x73, 0x27,
    0x20, 0x63, 0x6f, 0x6d, 0x6d, 0x61, 0x6e, 0x64, 0x2e, 0x0a, 0x00, 0x70,
    0x77, 0x64, 0x00, 0x70, 0x72, 0x69, 0x6e, 0x74, 0x20, 0x74, 0x68, 0x65,
    0x20, 0x77, 0x6f, 0x72, 0x6b, 0x69, 0x6e, 0x67, 0x20, 0x64, 0x69, 0x72,
    0x65, 0x63, 0x74, 0x6f, 0x72, 0x79, 0x00, 0x00, 0x4e, 0x41, 0x4d, 0x45,
    0x0a, 0x20, 0x20, 0x20, 0x20, 0x70, 0x77, 0x64, 0x20, 0x2d, 0x20, 0x70,
    0x72, 0x69, 0x6e, 0x74, 0x20, 0x74, 0x68, 0x65, 0x20, 0x77, 0x6f, 0x72,
    0x6b, 0x69, 0x6e, 0x67, 0x20, 0x64, 0x69, 0x72, 0x65, 0x63, 0x74, 0x6f,
    0x72, 0x79, 0x0a, 0x0a, 0x53, 0x59, 0x4e, 0x4f, 0x50, 0x53, 0x49, 0x53,
    0x0a, 0x20, 0x20, 0x20, 0x20, 0x70, 0x77, 0x64, 0x0a, 0x0a, 0x44, 0x45,
    0x53, 0x43, 0x52, 0x49, 0x50, 0x54, 0x49, 0x4f, 0x4e, 0x0a, 0x20, 0x20,
    0x20, 0x20, 0x57, 0x72, 0x69, 0x74, 0x65, 0x73, 0x20, 0x74, 0x68, 0x65,
    0x20, 0x61, 0x62, 0x73, 0x6f, 0x6c, 0x75, 0x74, 0x65, 0x20, 0x70, 0x61,
    0x74, 0x68, 0x20, 0x6f, 0x66, 0x20, 0x74, 0x68, 0x65, 0x20, 0x63, 0x75,
    0x72, 0x72, 0x65, 0x6e, 0x74, 0x20, 0x77, 0x6f, 0x72, 0x6b, 0x69, 0x6e,
    0x67, 0x20, 0x64, 0x69, 0x72, 0x65, 0x63, 0x74, 0x6f, 0x72, 0x79, 0x0a,
    0x20, 0x20, 0x20, 0x20, 0x74, 0x6f, 0x20, 0x73, 0x74, 0x61, 0x6e, 0x64,
    0x61, 0x72, 0x64, 0x20, 0x6f, 0x75, 0x74, 0x70, 0x75, 0x74, 0x2e, 0x0a,
    0x00, 0x63, 0x61, 0x74, 0x00, 0x63, 0x6f, 0x6e, 0x63, 0x61, 0x74, 0x65,
    0x6e, 0x61, 0x74, 0x65, 0x20, 0x66, 0x69, 0x6c, 0x65, 0x73, 0x20, 0x61,
    0x6e, 0x64, 0x20, 0x70, 0x72, 0x69, 0x6e, 0x74, 0x00, 0x00, 0x00, 0x00,
    0x4e, 0x41, 0x4d, 0x45, 0x0a, 0x20, 0x20, 0x20, 0x20, 0x63, 0x61, 0x74,
    0x20, 0x2d, 0x20, 0x63, 0x6f, 0x6e, 0x63, 0x61, 0x74, 0x65, 0x6e, 0x61,
    0x74, 0x65, 0x20, 0x66, 0x69, 0x6c, 0x65, 0x73, 0x20, 0x61, 0x6e, 0x64,
    0x20, 0x70, 0x72, 0x69, 0x6e, 0x74, 0x0a, 0x0a, 0x53, 0x59, 0x4e, 0x4f,
    0x50, 0x53, 0x49, 0x53, 0x0a, 0x20, 0x20, 0x20, 0x20, 0x63, 0x61, 0x74,
    0x20, 0x5b, 0x46, 0x49, 0x4c, 0x45, 0x2e, 0x2e, 0x2e, 0x5d, 0x0a, 0x0a,
    0x44, 0x45, 0x53, 0x43, 0x52, 0x49, 0x50, 0x54, 0x49, 0x4f, 0x4e, 0x0a,
    0x20, 0x20, 0x20, 0x20, 0x52, 0x65, 0x61, 0x64, 0x73, 0x20, 0x65, 0x61,
    0x63, 0x68, 0x20, 0x46, 0x49, 0x4c, 0x45, 0x20, 0x69, 0x6e, 0x20, 0x74,
    0x75, 0x72, 0x6e, 0x20, 0x61, 0x6e, 0x64, 0x20, 0x77, 0x72, 0x69, 0x74,
    0x65, 0x73, 0x20, 0x69, 0x74, 0x20, 0x74, 0x6f, 0x20, 0x73, 0x74, 0x61,
    0x6e, 0x64, 0x61, 0x72, 0x64, 0x20, 0x6f, 0x75, 0x74, 0x70, 0x75, 0x74,
    0x2e, 0x0a, 0x20, 0x20, 0x20, 0x20, 0x57, 0x69, 0x74, 0x68, 0x20, 0x6e,
    0x6f, 0x20, 0x61, 0x72, 0x67, 0x75, 0x6d, 0x65, 0x6e, 0x74, 0x73, 0x2c,
    0x20, 0x63, 0x6f, 0x70, 0x69, 0x65, 0x73, 0x20, 0x73, 0x74, 0x61, 0x6e,
    0x64, 0x61, 0x72, 0x64, 0x20, 0x69, 0x6e, 0x70, 0x75, 0x74, 0x20, 0x74,
    0x6f, 0x20, 0x73, 0x74, 0x61, 0x6e, 0x64, 0x61, 0x72, 0x64, 0x20, 0x6f,
    0x75, 0x74, 0x70, 0x75, 0x74, 0x2e, 0x0a, 0x20, 0x20, 0x20, 0x20, 0x53,
    0x69, 0x7a, 0x65, 0x73, 0x20, 0x61, 0x72, 0x65, 0x20, 0x62, 0x6f, 0x75,
    0x6e, 0x64, 0x65, 0x64, 0x20, 0x62, 0x79, 0x20, 0x74, 0x68, 0x65, 0x20,
    0x56, 0x46, 0x53, 0x20, 0x66, 0x69, 0x6c, 0x65, 0x20, 0x62, 0x75, 0x66,
    0x66, 0x65, 0x72, 0x20, 0x28, 0x32, 0x30, 0x20, 0x4b, 0x69, 0x42, 0x29,
    0x2e, 0x0a, 0x00, 0x6c, 0x73, 0x00, 0x6c, 0x69, 0x73, 0x74, 0x20, 0x64,
    0x69, 0x72, 0x65, 0x63, 0x74, 0x6f, 0x72, 0x79, 0x20, 0x63, 0x6f, 0x6e,
    0x74, 0x65, 0x6e, 0x74, 0x73, 0x00, 0x00, 0x00, 0x4e, 0x41, 0x4d, 0x45,
    0x0a, 0x20, 0x20, 0x20, 0x20, 0x6c, 0x73, 0x20, 0x2d, 0x20, 0x6c, 0x69,
    0x73, 0x74, 0x20, 0x64, 0x69, 0x72, 0x65, 0x63, 0x74, 0x6f, 0x72, 0x79,
    0x20, 0x63, 0x6f, 0x6e, 0x74, 0x65, 0x6e, 0x74, 0x73, 0x0a, 0x0a, 0x53,
    0x59, 0x4e, 0x4f, 0x50, 0x53, 0x49, 0x53, 0x0a, 0x20, 0x20, 0x20, 0x20,
    0x6c, 0x73, 0x20, 0x5b, 0x44, 0x49, 0x52, 0x5d, 0x0a, 0x0a, 0x44, 0x45,
    0x53, 0x43, 0x52, 0x49, 0x50, 0x54, 0x49, 0x4f, 0x4e, 0x0a, 0x20, 0x20,
    0x20, 0x20, 0x50, 0x72, 0x69, 0x6e, 0x74, 0x73, 0x20, 0x74, 0x68, 0x65,
    0x20, 0x6e, 0x61, 0x6d, 0x65, 0x73, 0x20, 0x6f, 0x66, 0x20, 0x74, 0x68,
    0x65, 0x20, 0x65, 0x6e, 0x74, 0x72, 0x69, 0x65, 0x73, 0x20, 0x69, 0x6e,
    0x20, 0x44, 0x49, 0x52, 0x2c, 0x20, 0x6f, 0x6e, 0x65, 0x20, 0x70, 0x65,
    0x72, 0x20, 0x6c, 0x69, 0x6e, 0x65, 0x2c, 0x20, 0x77, 0x69, 0x74, 0x68,
    0x0a, 0x20, 0x20, 0x20, 0x20, 0x61, 0x20, 0x74, 0x72, 0x61, 0x69, 0x6c,
    0x69, 0x6e, 0x67, 0x20, 0x27, 0x2f, 0x27, 0x20, 0x6f, 0x6e, 0x20, 0x64,
    0x69, 0x72, 0x65, 0x63, 0x74, 0x6f, 0x72, 0x69, 0x65, 0x73, 0x2e, 0x20,
    0x54, 0x68, 0x65, 0x20, 0x64, 0x65, 0x66, 0x61, 0x75, 0x6c, 0x74, 0x20,
    0x69, 0x73, 0x20, 0x74, 0x68, 0x65, 0x20, 0x63, 0x75, 0x72, 0x72, 0x65,
    0x6e, 0x74, 0x0a, 0x20, 0x20, 0x20, 0x20, 0x64, 0x69, 0x72, 0x65, 0x63,
    0x74, 0x6f, 0x72, 0x79, 0x3b, 0x20, 0x27, 0x2e, 0x27, 0x20, 0x69, 0x73,
    0x20, 0x61, 0x63, 0x63, 0x65, 0x70, 0x74, 0x65, 0x64, 0x20, 0x61, 0x73,
    0x20, 0x61, 0x6e, 0x20, 0x65, 0x78, 0x70, 0x6c, 0x69, 0x63, 0x69, 0x74,
    0x20, 0x63, 0x75, 0x72, 0x72, 0x65, 0x6e, 0x74, 0x20, 0x64, 0x69, 0x72,
    0x65, 0x63, 0x74, 0x6f, 0x72, 0x79, 0x2e, 0x0a, 0x20, 0x20, 0x20, 0x20,
    0x53, 0x6f, 0x72, 0x74, 0x69, 0x6e, 0x67, 0x20, 0x69, 0x73, 0x20, 0x62,
    0x79, 0x20, 0x56, 0x46, 0x53, 0x20, 0x6e, 0x6f, 0x64, 0x65, 0x20, 0x6f,
    0x72, 0x64, 0x65, 0x72, 0x2c, 0x20, 0x6e, 0x6f, 0x74, 0x20, 0x61, 0x6c,
    0x70, 0x68, 0x61, 0x62, 0x65, 0x74, 0x69, 0x63, 0x61, 0x6c, 0x2e, 0x0a,
    0x00, 0x6d, 0x6b, 0x64, 0x69, 0x72, 0x00, 0x63, 0x72, 0x65, 0x61, 0x74,
    0x65, 0x20, 0x61, 0x20, 0x64, 0x69, 0x72, 0x65, 0x63, 0x74, 0x6f, 0x72,
    0x79, 0x00, 0x00, 0x00, 0x4e, 0x41, 0x4d, 0x45, 0x0a, 0x20, 0x20, 0x20,
    0x20, 0x6d, 0x6b, 0x64, 0x69, 0x72, 0x20, 0x2d, 0x20, 0x63, 0x72, 0x65,
    0x61, 0x74, 0x65, 0x20, 0x61, 0x20, 0x64, 0x69, 0x72, 0x65, 0x63, 0x74,
    0x6f, 0x72, 0x79, 0x0a, 0x0a, 0x53, 0x59, 0x4e, 0x4f, 0x50, 0x53, 0x49,
    0x53, 0x0a, 0x20, 0x20, 0x20, 0x20, 0x6d, 0x6b, 0x64, 0x69, 0x72, 0x20,
    0x44, 0x49, 0x52, 0x2e, 0x2e, 0x2e, 0x0a, 0x0a, 0x44, 0x45, 0x53, 0x43,
    0x52, 0x49, 0x50, 0x54, 0x49, 0x4f, 0x4e, 0x0a, 0x20, 0x20, 0x20, 0x20,
    0x43, 0x72, 0x65, 0x61, 0x74, 0x65, 0x73, 0x20, 0x65, 0x61, 0x63, 0x68,
    0x20, 0x44, 0x49, 0x52, 0x20, 0x28, 0x6d, 0x6f, 0x64, 0x65, 0x20, 0x30,
    0x37, 0x35, 0x35, 0x2c, 0x20, 0x6f, 0x77, 0x6e, 0x65, 0x64, 0x20, 0x62,
    0x79, 0x20, 0x74, 0x68, 0x65, 0x20, 0x63, 0x61, 0x6c, 0x6c, 0x65, 0x72,
    0x29, 0x2e, 0x0a, 0x20, 0x20, 0x20, 0x20, 0x49, 0x6e, 0x74, 0x65, 0x72,
    0x6d, 0x65, 0x64, 0x69, 0x61, 0x74, 0x65, 0x20, 0x64, 0x69, 0x72, 0x65,
    0x63, 0x74, 0x6f, 0x72, 0x69, 0x65, 0x73, 0x20, 0x61, 0x72, 0x65, 0x20,
    0x6e, 0x6f, 0x74, 0x20, 0x63, 0x72, 0x65, 0x61, 0x74, 0x65, 0x64, 0x20,
    0x61, 0x75, 0x74, 0x6f, 0x6d, 0x61, 0x74, 0x69, 0x63, 0x61, 0x6c, 0x6c,
    0x79, 0x2e, 0x0a, 0x00, 0x72, 0x6d, 0x00, 0x72, 0x65, 0x6d, 0x6f, 0x76,
    0x65, 0x20, 0x66, 0x69, 0x6c, 0x65, 0x73, 0x20, 0x6f, 0x72, 0x20, 0x64,
    0x69, 0x72, 0x65, 0x63, 0x74, 0x6f, 0x72, 0x69, 0x65, 0x73, 0x00, 0x00,
    0x4e, 0x41, 0x4d, 0x45, 0x0a, 0x20, 0x20, 0x20, 0x20, 0x72, 0x6d, 0x20,
    0x2d, 0x20, 0x72, 0x65, 0x6d, 0x6f, 0x76, 0x65, 0x20, 0x66, 0x69, 0x6c,
    0x65, 0x73, 0x20, 0x6f, 0x72, 0x20, 0x64, 0x69, 0x72, 0x65, 0x63, 0x74,
    0x6f, 0x72, 0x69, 0x65, 0x73, 0x0a, 0x0a, 0x53, 0x59, 0x4e, 0x4f, 0x50,
    0x53, 0x49, 0x53, 0x0a, 0x20, 0x20, 0x20, 0x20, 0x72, 0x6d, 0x20, 0x46,
    0x49, 0x4c, 0x45, 0x2e, 0x2e, 0x2e, 0x0a, 0x0a, 0x44, 0x45, 0x53, 0x43,
    0x52, 0x49, 0x50, 0x54, 0x49, 0x4f, 0x4e, 0x0a, 0x20, 0x20, 0x20, 0x20,
    0x52, 0x65, 0x6d, 0x6f, 0x76, 0x65, 0x73, 0x20, 0x65, 0x61, 0x63, 0x68,
    0x20, 0x61, 0x72, 0x67, 0x75, 0x6d, 0x65, 0x6e, 0x74, 0x3a, 0x20, 0x69,
    0x74, 0x20, 0x74, 0x72, 0x69, 0x65, 0x73, 0x20, 0x75, 0x6e, 0x6c, 0x69,
    0x6e, 0x6b, 0x20, 0x66, 0x69, 0x72, 0x73, 0x74, 0x20, 0x61, 0x6e, 0x64,
    0x20, 0x66, 0x61, 0x6c, 0x6c, 0x73, 0x20, 0x62, 0x61, 0x63, 0x6b, 0x0a,
    0x20, 0x20, 0x20, 0x20, 0x74, 0x6f, 0x20, 0x72, 0x6d, 0x64, 0x69, 0x72,
    0x2c, 0x20, 0x73, 0x6f, 0x20, 0x62, 0x6f, 0x74, 0x68, 0x20, 0x66, 0x69,
    0x6c, 0x65, 0x73, 0x20, 0x61, 0x6e, 0x64, 0x20, 0x64, 0x69, 0x72, 0x65,
    0x63, 0x74, 0x6f, 0x72, 0x69, 0x65, 0x73, 0x20, 0x61, 0x72, 0x65, 0x20,
    0x61, 0x63, 0x63, 0x65, 0x70, 0x74, 0x61, 0x62, 0x6c, 0x65, 0x0a, 0x20,
    0x20, 0x20, 0x20, 0x6f, 0x70, 0x65, 0x72, 0x61, 0x6e, 0x64, 0x73, 0x2e,
    0x20, 0x54, 0x68, 0x65, 0x72, 0x65, 0x20, 0x69, 0x73, 0x20, 0x6e, 0x6f,
    0x20, 0x2d, 0x72, 0x2c, 0x20, 0x2d, 0x66, 0x20, 0x6f, 0x72, 0x20, 0x63,
    0x6f, 0x6e, 0x66, 0x69, 0x72, 0x6d, 0x61, 0x74, 0x69, 0x6f, 0x6e, 0x3b,
    0x20, 0x6e, 0x6f, 0x74, 0x68, 0x69, 0x6e, 0x67, 0x20, 0x69, 0x73, 0x0a,
    0x20, 0x20, 0x20, 0x20, 0x72, 0x65, 0x63, 0x75, 0x72, 0x73, 0x69, 0x76,
    0x65, 0x2e, 0x0a, 0x00, 0x74, 0x6f, 0x75, 0x63, 0x68, 0x00, 0x63, 0x72,
    0x65, 0x61, 0x74, 0x65, 0x20, 0x61, 0x6e, 0x20, 0x65, 0x6d, 0x70, 0x74,
    0x79, 0x20, 0x66, 0x69, 0x6c, 0x65, 0x00, 0x00, 0x4e, 0x41, 0x4d, 0x45,
    0x0a, 0x20, 0x20, 0x20, 0x20, 0x74, 0x6f, 0x75, 0x63, 0x68, 0x20, 0x2d,
    0x20, 0x63, 0x72, 0x65, 0x61, 0x74, 0x65, 0x20, 0x61, 0x6e, 0x20, 0x65,
    0x6d, 0x70, 0x74, 0x79, 0x20, 0x66, 0x69, 0x6c, 0x65, 0x0a, 0x0a, 0x53,
    0x59, 0x4e, 0x4f, 0x50, 0x53, 0x49, 0x53, 0x0a, 0x20, 0x20, 0x20, 0x20,
    0x74, 0x6f, 0x75, 0x63, 0x68, 0x20, 0x46, 0x49, 0x4c, 0x45, 0x2e, 0x2e,
    0x2e, 0x0a, 0x0a, 0x44, 0x45, 0x53, 0x43, 0x52, 0x49, 0x50, 0x54, 0x49,
    0x4f, 0x4e, 0x0a, 0x20, 0x20, 0x20, 0x20, 0x43, 0x72, 0x65, 0x61, 0x74,
    0x65, 0x73, 0x20, 0x65, 0x61, 0x63, 0x68, 0x20, 0x46, 0x49, 0x4c, 0x45,
    0x20, 0x69, 0x66, 0x20, 0x69, 0x74, 0x20, 0x64, 0x6f, 0x65, 0x73, 0x20,
    0x6e, 0x6f, 0x74, 0x20, 0x65, 0x78, 0x69, 0x73, 0x74, 0x20, 0x28, 0x61,
    0x73, 0x20, 0x61, 0x6e, 0x20, 0x65, 0x6d, 0x70, 0x74, 0x79, 0x2c, 0x0a,
    0x20, 0x20, 0x20, 0x20, 0x72, 0x6f, 0x6f, 0x74, 0x2d, 0x6f, 0x72, 0x2d,
    0x63, 0x61, 0x6c, 0x6c, 0x65, 0x72, 0x2d, 0x6f, 0x77, 0x6e, 0x65, 0x64,
    0x20, 0x72, 0x65, 0x67, 0x75, 0x6c, 0x61, 0x72, 0x20, 0x66, 0x69, 0x6c,
    0x65, 0x29, 0x20, 0x61, 0x6e, 0x64, 0x20, 0x69, 0x67, 0x6e, 0x6f, 0x72,
    0x65, 0x73, 0x20, 0x65, 0x78, 0x69, 0x73, 0x74, 0x69, 0x6e, 0x67, 0x0a,
    0x20, 0x20, 0x20, 0x20, 0x66, 0x69, 0x6c, 0x65, 0x73, 0x2e, 0x20, 0x55,
    0x6e, 0x6c, 0x69, 0x6b, 0x65, 0x20, 0x72, 0x65, 0x61, 0x6c, 0x20, 0x74,
    0x6f, 0x75, 0x63, 0x68, 0x20, 0x69, 0x74, 0x20, 0x6e, 0x65, 0x76, 0x65,
    0x72, 0x20, 0x75, 0x70, 0x64, 0x61, 0x74, 0x65, 0x73, 0x20, 0x74, 0x69,
    0x6d, 0x65, 0x73, 0x74, 0x61, 0x6d, 0x70, 0x73, 0x2e, 0x0a, 0x00, 0x75,
    0x6e, 0x61, 0x6d, 0x65, 0x00, 0x70, 0x72, 0x69, 0x6e, 0x74, 0x20, 0x73,
    0x79, 0x73, 0x74, 0x65, 0x6d, 0x20, 0x69, 0x6e, 0x66, 0x6f, 0x72, 0x6d,
    0x61, 0x74, 0x69, 0x6f, 0x6e, 0x00, 0x00, 0x00, 0x4e, 0x41, 0x4d, 0x45,
    0x0a, 0x20, 0x20, 0x20, 0x20, 0x75, 0x6e, 0x61, 0x6d, 0x65, 0x20, 0x2d,
    0x20, 0x70, 0x72, 0x69, 0x6e, 0x74, 0x20, 0x73, 0x79, 0x73, 0x74, 0x65,
    0x6d, 0x20, 0x69, 0x6e, 0x66, 0x6f, 0x72, 0x6d, 0x61, 0x74, 0x69, 0x6f,
    0x6e, 0x0a, 0x0a, 0x53, 0x59, 0x4e, 0x4f, 0x50, 0x53, 0x49, 0x53, 0x0a,
    0x20, 0x20, 0x20, 0x20, 0x75, 0x6e, 0x61, 0x6d, 0x65, 0x20, 0x5b, 0x4f,
    0x50, 0x54, 0x49, 0x4f, 0x4e, 0x5d, 0x2e, 0x2e, 0x2e, 0x0a, 0x0a, 0x44,
    0x45, 0x53, 0x43, 0x52, 0x49, 0x50, 0x54, 0x49, 0x4f, 0x4e, 0x0a, 0x20,
    0x20, 0x20, 0x20, 0x57, 0x69, 0x74, 0x68, 0x20, 0x6e, 0x6f, 0x20, 0x6f,
    0x70, 0x74, 0x69, 0x6f, 0x6e, 0x20, 0x70, 0x72, 0x69, 0x6e, 0x74, 0x73,
    0x20, 0x74, 0x68, 0x65, 0x20, 0x6b, 0x65, 0x72, 0x6e, 0x65, 0x6c, 0x20,
    0x6e, 0x61, 0x6d, 0x65, 0x20, 0x28, 0x73, 0x61, 0x6d, 0x65, 0x20, 0x61,
    0x73, 0x20, 0x2d, 0x73, 0x29, 0x2e, 0x0a, 0x0a, 0x20, 0x20, 0x20, 0x20,
    0x2d, 0x61, 0x2c, 0x20, 0x2d, 0x2d, 0x61, 0x6c, 0x6c, 0x20, 0x20, 0x20,
    0x20, 0x20, 0x20, 0x20, 0x20, 0x20, 0x20, 0x20, 0x20, 0x70, 0x72, 0x69,
    0x6e, 0x74, 0x20, 0x65, 0x76, 0x65, 0x72, 0x79, 0x74, 0x68, 0x69, 0x6e,
    0x67, 0x0a, 0x20, 0x20, 0x20, 0x20, 0x2d, 0x73, 0x2c, 0x20, 0x2d, 0x2d,
    0x6b, 0x65, 0x72, 0x6e, 0x65, 0x6c, 0x2d, 0x6e, 0x61, 0x6d, 0x65, 0x20,
    0x20, 0x20, 0x20, 0x6b, 0x65, 0x72, 0x6e, 0x65, 0x6c, 0x20, 0x6e, 0x61,
    0x6d, 0x65, 0x0a, 0x20, 0x20, 0x20, 0x20, 0x2d, 0x6e, 0x2c, 0x20, 0x2d,
    0x2d, 0x6e, 0x6f, 0x64, 0x65, 0x6e, 0x61, 0x6d, 0x65, 0x20, 0x20, 0x20,
    0x20, 0x20, 0x20, 0x20, 0x6e, 0x65, 0x74, 0x77, 0x6f, 0x72, 0x6b, 0x20,
    0x68, 0x6f, 0x73, 0x74, 0x6e, 0x61, 0x6d, 0x65, 0x0a, 0x20, 0x20, 0x20,
    0x20, 0x2d, 0x72, 0x2c, 0x20, 0x2d, 0x2d, 0x6b, 0x65, 0x72, 0x6e, 0x65,
    0x6c, 0x2d, 0x72, 0x65, 0x6c, 0x65, 0x61, 0x73, 0x65, 0x20, 0x6b, 0x65,
    0x72, 0x6e, 0x65, 0x6c, 0x20, 0x72, 0x65, 0x6c, 0x65, 0x61, 0x73, 0x65,
    0x0a, 0x20, 0x20, 0x20, 0x20, 0x2d, 0x76, 0x2c, 0x20, 0x2d, 0x2d, 0x6b,
    0x65, 0x72, 0x6e, 0x65, 0x6c, 0x2d, 0x76, 0x65, 0x72, 0x73, 0x69, 0x6f,
    0x6e, 0x20, 0x6b, 0x65, 0x72, 0x6e, 0x65, 0x6c, 0x20, 0x76, 0x65, 0x72,
    0x73, 0x69, 0x6f, 0x6e, 0x0a, 0x20, 0x20, 0x20, 0x20, 0x2d, 0x6d, 0x2c,
    0x20, 0x2d, 0x2d, 0x6d, 0x61, 0x63, 0x68, 0x69, 0x6e, 0x65, 0x20, 0x20,
    0x20, 0x20, 0x20, 0x20, 0x20, 0x20, 0x6d, 0x61, 0x63, 0x68, 0x69, 0x6e,
    0x65, 0x20, 0x68, 0x61, 0x72, 0x64, 0x77, 0x61, 0x72, 0x65, 0x20, 0x6e,
    0x61, 0x6d, 0x65, 0x0a, 0x20, 0x20, 0x20, 0x20, 0x2d, 0x70, 0x2c, 0x20,
    0x2d, 0x2d, 0x70, 0x72, 0x6f, 0x63, 0x65, 0x73, 0x73, 0x6f, 0x72, 0x20,
    0x20, 0x20, 0x20, 0x20, 0x20, 0x70, 0x72, 0x6f, 0x63, 0x65, 0x73, 0x73,
    0x6f, 0x72, 0x20, 0x74, 0x79, 0x70, 0x65, 0x0a, 0x20, 0x20, 0x20, 0x20,
    0x2d, 0x69, 0x2c, 0x20, 0x2d, 0x2d, 0x68, 0x61, 0x72, 0x64, 0x77, 0x61,
    0x72, 0x65, 0x2d, 0x70, 0x6c, 0x61, 0x74, 0x66, 0x6f, 0x72, 0x6d, 0x0a,
    0x20, 0x20, 0x20, 0x20, 0x2d, 0x6f, 0x2c, 0x20, 0x2d, 0x2d, 0x6f, 0x70,
    0x65, 0x72, 0x61, 0x74, 0x69, 0x6e, 0x67, 0x2d, 0x73, 0x79, 0x73, 0x74,
    0x65, 0x6d, 0x0a, 0x20, 0x20, 0x20, 0x20, 0x20, 0x20, 0x20, 0x20, 0x2d,
    0x2d, 0x68, 0x65, 0x6c, 0x70, 0x20, 0x20, 0x20, 0x20, 0x20, 0x20, 0x20,
    0x20, 0x20, 0x20, 0x20, 0x73, 0x68, 0x6f, 0x77, 0x20, 0x68, 0x65, 0x6c,
    0x70, 0x20, 0x61, 0x6e, 0x64, 0x20, 0x65, 0x78, 0x69, 0x74, 0x0a, 0x20,
    0x20, 0x20, 0x20, 0x20, 0x20, 0x20, 0x20, 0x2d, 0x2d, 0x76, 0x65, 0x72,
    0x73, 0x69, 0x6f, 0x6e, 0x20, 0x20, 0x20, 0x20, 0x20, 0x20, 0x20, 0x20,
    0x73, 0x68, 0x6f, 0x77, 0x20, 0x76, 0x65, 0x72, 0x73, 0x69, 0x6f, 0x6e,
    0x20, 0x61, 0x6e, 0x64, 0x20, 0x65, 0x78, 0x69, 0x74, 0x0a, 0x00, 0x63,
    0x6c, 0x65, 0x61, 0x72, 0x00, 0x63, 0x6c, 0x65, 0x61, 0x72, 0x20, 0x74,
    0x68, 0x65, 0x20, 0x74, 0x65, 0x72, 0x6d, 0x69, 0x6e, 0x61, 0x6c, 0x20,
    0x73, 0x63, 0x72, 0x65, 0x65, 0x6e, 0x00, 0x00, 0x4e, 0x41, 0x4d, 0x45,
    0x0a, 0x20, 0x20, 0x20, 0x20, 0x63, 0x6c, 0x65, 0x61, 0x72, 0x20, 0x2d,
    0x20, 0x63, 0x6c, 0x65, 0x61, 0x72, 0x20, 0x74, 0x68, 0x65, 0x20, 0x74,
    0x65, 0x72, 0x6d, 0x69, 0x6e, 0x61, 0x6c, 0x20, 0x73, 0x63, 0x72, 0x65,
    0x65, 0x6e, 0x0a, 0x0a, 0x53, 0x59, 0x4e, 0x4f, 0x50, 0x53, 0x49, 0x53,
    0x0a, 0x20, 0x20, 0x20, 0x20, 0x63, 0x6c, 0x65, 0x61, 0x72, 0x0a, 0x0a,
    0x44, 0x45, 0x53, 0x43, 0x52, 0x49, 0x50, 0x54, 0x49, 0x4f, 0x4e, 0x0a,
    0x20, 0x20, 0x20, 0x20, 0x57, 0x72, 0x69, 0x74, 0x65, 0x73, 0x20, 0x65,
    0x6e, 0x6f, 0x75, 0x67, 0x68, 0x20, 0x6e, 0x65, 0x77, 0x6c, 0x69, 0x6e,
    0x65, 0x73, 0x20, 0x74, 0x6f, 0x20, 0x70, 0x75, 0x73, 0x68, 0x20, 0x70,
    0x72, 0x69, 0x6f, 0x72, 0x20, 0x6f, 0x75, 0x74, 0x70, 0x75, 0x74, 0x20,
    0x6f, 0x66, 0x66, 0x20, 0x74, 0x68, 0x65, 0x20, 0x74, 0x6f, 0x70, 0x20,
    0x6f, 0x66, 0x0a, 0x20, 0x20, 0x20, 0x20, 0x74, 0x68, 0x65, 0x20, 0x32,
    0x35, 0x2d, 0x72, 0x6f, 0x77, 0x20, 0x74, 0x65, 0x78, 0x74, 0x20, 0x63,
    0x6f, 0x6e, 0x73, 0x6f, 0x6c, 0x65, 0x2e, 0x20, 0x4e, 0x6f, 0x20, 0x41,
    0x4e, 0x53, 0x49, 0x20, 0x65, 0x73, 0x63, 0x61, 0x70, 0x65, 0x20, 0x73,
    0x65, 0x71, 0x75, 0x65, 0x6e, 0x63, 0x65, 0x73, 0x20, 0x61, 0x72, 0x65,
    0x20, 0x75, 0x73, 0x65, 0x64, 0x2e, 0x0a, 0x00, 0x77, 0x63, 0x00, 0x63,
    0x6f, 0x75, 0x6e, 0x74, 0x20, 0x6c, 0x69, 0x6e, 0x65, 0x73, 0x2c, 0x20,
    0x77, 0x6f, 0x72, 0x64, 0x73, 0x20, 0x61, 0x6e, 0x64, 0x20, 0x62, 0x79,
    0x74, 0x65, 0x73, 0x00, 0x4e, 0x41, 0x4d, 0x45, 0x0a, 0x20, 0x20, 0x20,
    0x20, 0x77, 0x63, 0x20, 0x2d, 0x20, 0x63, 0x6f, 0x75, 0x6e, 0x74, 0x20,
    0x6c, 0x69, 0x6e, 0x65, 0x73, 0x2c, 0x20, 0x77, 0x6f, 0x72, 0x64, 0x73,
    0x20, 0x61, 0x6e, 0x64, 0x20, 0x62, 0x79, 0x74, 0x65, 0x73, 0x0a, 0x0a,
    0x53, 0x59, 0x4e, 0x4f, 0x50, 0x53, 0x49, 0x53, 0x0a, 0x20, 0x20, 0x20,
    0x20, 0x77, 0x63, 0x20, 0x5b, 0x46, 0x49, 0x4c, 0x45, 0x2e, 0x2e, 0x2e,
    0x5d, 0x0a, 0x0a, 0x44, 0x45, 0x53, 0x43, 0x52, 0x49, 0x50, 0x54, 0x49,
    0x4f, 0x4e, 0x0a, 0x20, 0x20, 0x20, 0x20, 0x46, 0x6f, 0x72, 0x20, 0x65,
    0x61, 0x63, 0x68, 0x20, 0x46, 0x49, 0x4c, 0x45, 0x20, 0x28, 0x6f, 0x72,
    0x20, 0x73, 0x74, 0x61, 0x6e, 0x64, 0x61, 0x72, 0x64, 0x20, 0x69, 0x6e,
    0x70, 0x75, 0x74, 0x2c, 0x20, 0x77, 0x69, 0x74, 0x68, 0x20, 0x6e, 0x6f,
    0x20, 0x61, 0x72, 0x67, 0x75, 0x6d, 0x65, 0x6e, 0x74, 0x73, 0x29, 0x20,
    0x70, 0x72, 0x69, 0x6e, 0x74, 0x73, 0x0a, 0x20, 0x20, 0x20, 0x20, 0x74,
    0x68, 0x65, 0x20, 0x6e, 0x75, 0x6d, 0x62, 0x65, 0x72, 0x20, 0x6f, 0x66,
    0x20, 0x6c, 0x69, 0x6e, 0x65, 0x73, 0x2c, 0x20, 0x77, 0x6f, 0x72, 0x64,
    0x73, 0x20, 0x61, 0x6e, 0x64, 0x20, 0x62, 0x79, 0x74, 0x65, 0x73, 0x2c,
    0x20, 0x74, 0x68, 0x65, 0x6e, 0x20, 0x74, 0x68, 0x65, 0x20, 0x6e, 0x61,
    0x6d, 0x65, 0x2e, 0x20, 0x41, 0x20, 0x77, 0x6f, 0x72, 0x64, 0x0a, 0x20,
    0x20, 0x20, 0x20, 0x69, 0x73, 0x20, 0x61, 0x6e, 0x79, 0x20, 0x72, 0x75,
    0x6e, 0x20, 0x6f, 0x66, 0x20, 0x6e, 0x6f, 0x6e, 0x2d, 0x62, 0x6c, 0x61,
    0x6e, 0x6b, 0x20, 0x63, 0x68, 0x61, 0x72, 0x61, 0x63, 0x74, 0x65, 0x72,
    0x73, 0x2e, 0x0a, 0x00, 0x68, 0x65, 0x61, 0x64, 0x00, 0x00, 0x00, 0x00,
    0x70, 0x72, 0x69, 0x6e, 0x74, 0x20, 0x74, 0x68, 0x65, 0x20, 0x66, 0x69,
    0x72, 0x73, 0x74, 0x20, 0x6c, 0x69, 0x6e, 0x65, 0x73, 0x20, 0x6f, 0x66,
    0x20, 0x61, 0x20, 0x66, 0x69, 0x6c, 0x65, 0x00, 0x4e, 0x41, 0x4d, 0x45,
    0x0a, 0x20, 0x20, 0x20, 0x20, 0x68, 0x65, 0x61, 0x64, 0x20, 0x2d, 0x20,
    0x70, 0x72, 0x69, 0x6e, 0x74, 0x20, 0x74, 0x68, 0x65, 0x20, 0x66, 0x69,
    0x72, 0x73, 0x74, 0x20, 0x6c, 0x69, 0x6e, 0x65, 0x73, 0x20, 0x6f, 0x66,
    0x20, 0x61, 0x20, 0x66, 0x69, 0x6c, 0x65, 0x0a, 0x0a, 0x53, 0x59, 0x4e,
    0x4f, 0x50, 0x53, 0x49, 0x53, 0x0a, 0x20, 0x20, 0x20, 0x20, 0x68, 0x65,
    0x61, 0x64, 0x20, 0x5b, 0x2d, 0x4e, 0x5d, 0x20, 0x5b, 0x46, 0x49, 0x4c,
    0x45, 0x5d, 0x0a, 0x0a, 0x44, 0x45, 0x53, 0x43, 0x52, 0x49, 0x50, 0x54,
    0x49, 0x4f, 0x4e, 0x0a, 0x20, 0x20, 0x20, 0x20, 0x50, 0x72, 0x69, 0x6e,
    0x74, 0x73, 0x20, 0x74, 0x68, 0x65, 0x20, 0x66, 0x69, 0x72, 0x73, 0x74,
    0x20, 0x4e, 0x20, 0x6c, 0x69, 0x6e, 0x65, 0x73, 0x20, 0x28, 0x64, 0x65,
    0x66, 0x61, 0x75, 0x6c, 0x74, 0x20, 0x31, 0x30, 0x29, 0x2e, 0x20, 0x54,
    0x68, 0x65, 0x20, 0x77, 0x68, 0x6f, 0x6c, 0x65, 0x20, 0x66, 0x69, 0x6c,
    0x65, 0x20, 0x69, 0x73, 0x0a, 0x20, 0x20, 0x20, 0x20, 0x72, 0x65, 0x61,
    0x64, 0x20, 0x69, 0x6e, 0x74, 0x6f, 0x20, 0x61, 0x20, 0x66, 0x69, 0x78,
    0x65, 0x64, 0x20, 0x62, 0x75, 0x66, 0x66, 0x65, 0x72, 0x20, 0x66, 0x69,
    0x72, 0x73, 0x74, 0x2c, 0x20, 0x73, 0x6f, 0x20, 0x6f, 0x6e, 0x6c, 0x79,
    0x20, 0x74, 0x68, 0x65, 0x20, 0x66, 0x69, 0x72, 0x73, 0x74, 0x20, 0x31,
    0x32, 0x38, 0x20, 0x6c, 0x69, 0x6e, 0x65, 0x73, 0x0a, 0x20, 0x20, 0x20,
    0x20, 0x28, 0x6f, 0x72, 0x20, 0x31, 0x30, 0x30, 0x20, 0x63, 0x6f, 0x6c,
    0x75, 0x6d, 0x6e, 0x73, 0x20, 0x65, 0x61, 0x63, 0x68, 0x29, 0x20, 0x6f,
    0x66, 0x20, 0x61, 0x6e, 0x79, 0x20, 0x69, 0x6e, 0x70, 0x75, 0x74, 0x20,
    0x61, 0x72, 0x65, 0x20, 0x65, 0x76, 0x65, 0x72, 0x20, 0x73, 0x65, 0x65,
    0x6e, 0x20, 0x2d, 0x20, 0x61, 0x0a, 0x20, 0x20, 0x20, 0x20, 0x64, 0x6f,
    0x63, 0x75, 0x6d, 0x65, 0x6e, 0x74, 0x65, 0x64, 0x20, 0x63, 0x6f, 0x6e,
    0x73, 0x65, 0x71, 0x75, 0x65, 0x6e, 0x63, 0x65, 0x20, 0x6f, 0x66, 0x20,
    0x75, 0x73, 0x69, 0x6e, 0x67, 0x20, 0x61, 0x20, 0x73, 0x74, 0x61, 0x74,
    0x69, 0x63, 0x20, 0x62, 0x75, 0x66, 0x66, 0x65, 0x72, 0x2e, 0x0a, 0x00,
    0x74, 0x61, 0x69, 0x6c, 0x00, 0x00, 0x00, 0x00, 0x70, 0x72, 0x69, 0x6e,
    0x74, 0x20, 0x74, 0x68, 0x65, 0x20, 0x6c, 0x61, 0x73, 0x74, 0x20, 0x6c,
    0x69, 0x6e, 0x65, 0x73, 0x20, 0x6f, 0x66, 0x20, 0x61, 0x20, 0x66, 0x69,
    0x6c, 0x65, 0x00, 0x00, 0x4e, 0x41, 0x4d, 0x45, 0x0a, 0x20, 0x20, 0x20,
    0x20, 0x74, 0x61, 0x69, 0x6c, 0x20, 0x2d, 0x20, 0x70, 0x72, 0x69, 0x6e,
    0x74, 0x20, 0x74, 0x68, 0x65, 0x20, 0x6c, 0x61, 0x73, 0x74, 0x20, 0x6c,
    0x69, 0x6e, 0x65, 0x73, 0x20, 0x6f, 0x66, 0x20, 0x61, 0x20, 0x66, 0x69,
    0x6c, 0x65, 0x0a, 0x0a, 0x53, 0x59, 0x4e, 0x4f, 0x50, 0x53, 0x49, 0x53,
    0x0a, 0x20, 0x20, 0x20, 0x20, 0x74, 0x61, 0x69, 0x6c, 0x20, 0x5b, 0x2d,
    0x4e, 0x5d, 0x20, 0x5b, 0x46, 0x49, 0x4c, 0x45, 0x5d, 0x0a, 0x0a, 0x44,
    0x45, 0x53, 0x43, 0x52, 0x49, 0x50, 0x54, 0x49, 0x4f, 0x4e, 0x0a, 0x20,
    0x20, 0x20, 0x20, 0x50, 0x72, 0x69, 0x6e, 0x74, 0x73, 0x20, 0x74, 0x68,
    0x65, 0x20, 0x6c, 0x61, 0x73, 0x74, 0x20, 0x4e, 0x20, 0x6c, 0x69, 0x6e,
    0x65, 0x73, 0x20, 0x28, 0x64, 0x65, 0x66, 0x61, 0x75, 0x6c, 0x74, 0x20,
    0x31, 0x30, 0x29, 0x2c, 0x20, 0x73, 0x75, 0x62, 0x6a, 0x65, 0x63, 0x74,
    0x20, 0x74, 0x6f, 0x20, 0x74, 0x68, 0x65, 0x20, 0x73, 0x61, 0x6d, 0x65,
    0x0a, 0x20, 0x20, 0x20, 0x20, 0x66, 0x69, 0x78, 0x65, 0x64, 0x2d, 0x62,
    0x75, 0x66, 0x66, 0x65, 0x72, 0x20, 0x31, 0x32, 0x38, 0x2d, 0x6c, 0x69,
    0x6e, 0x65, 0x20, 0x6c, 0x69, 0x6d, 0x69, 0x74, 0x20, 0x61, 0x73, 0x20,
    0x68, 0x65, 0x61, 0x64, 0x20, 0x28, 0x73, 0x65, 0x65, 0x20, 0x6d, 0x61,
    0x6e, 0x20, 0x68, 0x65, 0x61, 0x64, 0x29, 0x2e, 0x0a, 0x00, 0x67, 0x72,
    0x65, 0x70, 0x00, 0x00, 0x70, 0x72, 0x69, 0x6e, 0x74, 0x20, 0x6c, 0x69,
    0x6e, 0x65, 0x73, 0x20, 0x6d, 0x61, 0x74, 0x63, 0x68, 0x69, 0x6e, 0x67,
    0x20, 0x61, 0x20, 0x70, 0x61, 0x74, 0x74, 0x65, 0x72, 0x6e, 0x00, 0x00,
    0x4e, 0x41, 0x4d, 0x45, 0x0a, 0x20, 0x20, 0x20, 0x20, 0x67, 0x72, 0x65,
    0x70, 0x20, 0x2d, 0x20, 0x70, 0x72, 0x69, 0x6e, 0x74, 0x20, 0x6c, 0x69,
    0x6e, 0x65, 0x73, 0x20, 0x6d, 0x61, 0x74, 0x63, 0x68, 0x69, 0x6e, 0x67,
    0x20, 0x61, 0x20, 0x70, 0x61, 0x74, 0x74, 0x65, 0x72, 0x6e, 0x0a, 0x0a,
    0x53, 0x59, 0x4e, 0x4f, 0x50, 0x53, 0x49, 0x53, 0x0a, 0x20, 0x20, 0x20,
    0x20, 0x67, 0x72, 0x65, 0x70, 0x20, 0x50, 0x41, 0x54, 0x54, 0x45, 0x52,
    0x4e, 0x20, 0x5b, 0x46, 0x49, 0x4c, 0x45, 0x5d, 0x0a, 0x0a, 0x44, 0x45,
    0x53, 0x43, 0x52, 0x49, 0x50, 0x54, 0x49, 0x4f, 0x4e, 0x0a, 0x20, 0x20,
    0x20, 0x20, 0x50, 0x72, 0x69, 0x6e, 0x74, 0x73, 0x20, 0x65, 0x76, 0x65,
    0x72, 0x79, 0x20, 0x6c, 0x69, 0x6e, 0x65, 0x20, 0x6f, 0x66, 0x20, 0x46,
    0x49, 0x4c, 0x45, 0x20, 0x28, 0x6f, 0x72, 0x20, 0x73, 0x74, 0x61, 0x6e,
    0x64, 0x61, 0x72, 0x64, 0x20, 0x69, 0x6e, 0x70, 0x75, 0x74, 0x29, 0x20,
    0x74, 0x68, 0x61, 0x74, 0x20, 0x63, 0x6f, 0x6e, 0x74, 0x61, 0x69, 0x6e,
    0x73, 0x0a, 0x20, 0x20, 0x20, 0x20, 0x50, 0x41, 0x54, 0x54, 0x45, 0x52,
    0x4e, 0x20, 0x61, 0x73, 0x20, 0x61, 0x20, 0x70, 0x6c, 0x61, 0x69, 0x6e,
    0x20, 0x73, 0x75, 0x62, 0x73, 0x74, 0x72, 0x69, 0x6e, 0x67, 0x2e, 0x20,
    0x54, 0x68, 0x65, 0x72, 0x65, 0x20, 0x69, 0x73, 0x20, 0x6e, 0x6f, 0x20,
    0x72, 0x65, 0x67, 0x75, 0x6c, 0x61, 0x72, 0x2d, 0x65, 0x78, 0x70, 0x72,
    0x65, 0x73, 0x69, 0x6f, 0x6e, 0x0a, 0x20, 0x20, 0x20, 0x20, 0x73, 0x75,
    0x70, 0x70, 0x6f, 0x72, 0x74, 0x2c, 0x20, 0x6e, 0x6f, 0x20, 0x6f, 0x70,
    0x74, 0x69, 0x6f, 0x6e, 0x73, 0x2c, 0x20, 0x61, 0x6e, 0x64, 0x20, 0x74,
    0x68, 0x65, 0x20, 0x73, 0x61, 0x6d, 0x65, 0x20, 0x31, 0x32, 0x38, 0x2d,
    0x6c, 0x69, 0x6e, 0x65, 0x20, 0x69, 0x6e, 0x70, 0x75, 0x74, 0x20, 0x63,
    0x61, 0x70, 0x20, 0x61, 0x73, 0x0a, 0x20, 0x20, 0x20, 0x20, 0x68, 0x65,
    0x61, 0x64, 0x2e, 0x20, 0x45, 0x78, 0x69, 0x74, 0x20, 0x73, 0x74, 0x61,
    0x74, 0x75, 0x73, 0x20, 0x69, 0x73, 0x20, 0x30, 0x20, 0x69, 0x66, 0x20,
    0x61, 0x20, 0x6d, 0x61, 0x74, 0x63, 0x68, 0x20, 0x77, 0x61, 0x73, 0x20,
    0x66, 0x6f, 0x75, 0x6e, 0x64, 0x2c, 0x20, 0x31, 0x20, 0x6f, 0x74, 0x68,
    0x65, 0x72, 0x77, 0x69, 0x73, 0x65, 0x2e, 0x0a, 0x00, 0x73, 0x6f, 0x72,
    0x74, 0x00, 0x73, 0x6f, 0x72, 0x74, 0x20, 0x6c, 0x69, 0x6e, 0x65, 0x73,
    0x20, 0x6f, 0x66, 0x20, 0x61, 0x20, 0x66, 0x69, 0x6c, 0x65, 0x00, 0x00,
    0x4e, 0x41, 0x4d, 0x45, 0x0a, 0x20, 0x20, 0x20, 0x20, 0x73, 0x6f, 0x72,
    0x74, 0x20, 0x2d, 0x20, 0x73, 0x6f, 0x72, 0x74, 0x20, 0x6c, 0x69, 0x6e,
    0x65, 0x73, 0x20, 0x6f, 0x66, 0x20, 0x61, 0x20, 0x66, 0x69, 0x6c, 0x65,
    0x0a, 0x0a, 0x53, 0x59, 0x4e, 0x4f, 0x50, 0x53, 0x49, 0x53, 0x0a, 0x20,
    0x20, 0x20, 0x20, 0x73, 0x6f, 0x72, 0x74, 0x20, 0x5b, 0x46, 0x49, 0x4c,
    0x45, 0x5d, 0x0a, 0x0a, 0x44, 0x45, 0x53, 0x43, 0x52, 0x49, 0x50, 0x54,
    0x49, 0x4f, 0x4e, 0x0a, 0x20, 0x20, 0x20, 0x20, 0x53, 0x6f, 0x72, 0x74,
    0x73, 0x20, 0x74, 0x68, 0x65, 0x20, 0x6c, 0x69, 0x6e, 0x65, 0x73, 0x20,
    0x6f, 0x66, 0x20, 0x46, 0x49, 0x4c, 0x45, 0x20, 0x28, 0x6f, 0x72, 0x20,
    0x73, 0x74, 0x61, 0x6e, 0x64, 0x61, 0x72, 0x64, 0x20, 0x69, 0x6e, 0x70,
    0x75, 0x74, 0x29, 0x20, 0x69, 0x6e, 0x20, 0x61, 0x73, 0x63, 0x65, 0x6e,
    0x64, 0x69, 0x6e, 0x67, 0x0a, 0x20, 0x20, 0x20, 0x20, 0x62, 0x79, 0x74,
    0x65, 0x77, 0x69, 0x73, 0x65, 0x20, 0x28, 0x73, 0x74, 0x72, 0x63, 0x6d,
    0x70, 0x29, 0x20, 0x6f, 0x72, 0x64, 0x65, 0x72, 0x20, 0x75, 0x73, 0x69,
    0x6e, 0x67, 0x20, 0x69, 0x6e, 0x73, 0x65, 0x72, 0x74, 0x69, 0x6f, 0x6e,
    0x20, 0x73, 0x6f, 0x72, 0x74, 0x2c, 0x20, 0x74, 0x68, 0x65, 0x6e, 0x20,
    0x70, 0x72, 0x69, 0x6e, 0x74, 0x73, 0x0a, 0x20, 0x20, 0x20, 0x20, 0x74,
    0x68, 0x65, 0x6d, 0x2e, 0x20, 0x53, 0x75, 0x62, 0x6a, 0x65, 0x63, 0x74,
    0x20, 0x74, 0x6f, 0x20, 0x74, 0x68, 0x65, 0x20, 0x31, 0x32, 0x38, 0x2d,
    0x6c, 0x69, 0x6e, 0x65, 0x20, 0x66, 0x69, 0x78, 0x65, 0x64, 0x2d, 0x62,
    0x75, 0x66, 0x66, 0x65, 0x72, 0x20, 0x6c, 0x69, 0x6d, 0x69, 0x74, 0x20,
    0x6c, 0x69, 0x6b, 0x65, 0x20, 0x68, 0x65, 0x61, 0x64, 0x2e, 0x0a, 0x20,
    0x20, 0x20, 0x20, 0x4e, 0x6f, 0x20, 0x6f, 0x70, 0x74, 0x69, 0x6f, 0x6e,
    0x73, 0x2e, 0x0a, 0x00, 0x63, 0x70, 0x00, 0x63, 0x6f, 0x70, 0x79, 0x20,
    0x61, 0x20, 0x66, 0x69, 0x6c, 0x65, 0x00, 0x00, 0x4e, 0x41, 0x4d, 0x45,
    0x0a, 0x20, 0x20, 0x20, 0x20, 0x63, 0x70, 0x20, 0x2d, 0x20, 0x63, 0x6f,
    0x70, 0x79, 0x20, 0x61, 0x20, 0x66, 0x69, 0x6c, 0x65, 0x0a, 0x0a, 0x53,
    0x59, 0x4e, 0x4f, 0x50, 0x53, 0x49, 0x53, 0x0a, 0x20, 0x20, 0x20, 0x20,
    0x63, 0x70, 0x20, 0x53, 0x52, 0x43, 0x20, 0x44, 0x53, 0x54, 0x0a, 0x0a,
    0x44, 0x45, 0x53, 0x43, 0x52, 0x49, 0x50, 0x54, 0x49, 0x4f, 0x4e, 0x0a,
    0x20, 0x20, 0x20, 0x20, 0x43, 0x6f, 0x70, 0x69, 0x65, 0x73, 0x20, 0x74,
    0x68, 0x65, 0x20, 0x63, 0x6f, 0x6e, 0x74, 0x65, 0x6e, 0x74, 0x73, 0x20,
    0x6f, 0x66, 0x20, 0x53, 0x52, 0x43, 0x20, 0x74, 0x6f, 0x20, 0x44, 0x53,
    0x54, 0x2c, 0x20, 0x63, 0x72, 0x65, 0x61, 0x74, 0x69, 0x6e, 0x67, 0x20,
    0x6f, 0x72, 0x20, 0x74, 0x72, 0x75, 0x6e, 0x63, 0x61, 0x74, 0x69, 0x6e,
    0x67, 0x0a, 0x20, 0x20, 0x20, 0x20, 0x44, 0x53, 0x54, 0x2e, 0x20, 0x50,
    0x65, 0x72, 0x6d, 0x69, 0x73, 0x73, 0x69, 0x6f, 0x6e, 0x73, 0x20, 0x61,
    0x6e, 0x64, 0x20, 0x6f, 0x77, 0x6e, 0x65, 0x72, 0x73, 0x68, 0x69, 0x70,
    0x20, 0x6f, 0x66, 0x20, 0x44, 0x53, 0x54, 0x20, 0x66, 0x6f, 0x6c, 0x6c,
    0x6f, 0x77, 0x20, 0x74, 0x68, 0x65, 0x20, 0x75, 0x6d, 0x61, 0x73, 0x6b,
    0x0a, 0x20, 0x20, 0x20, 0x20, 0x64, 0x65, 0x66, 0x61, 0x75, 0x6c, 0x74,
    0x73, 0x20, 0x6f, 0x66, 0x20, 0x77, 0x68, 0x6f, 0x65, 0x76, 0x65, 0x72,
    0x20, 0x63, 0x72, 0x65, 0x61, 0x74, 0x65, 0x73, 0x20, 0x69, 0x74, 0x2c,
    0x20, 0x6e, 0x6f, 0x74, 0x20, 0x53, 0x52, 0x43, 0x27, 0x73, 0x2e, 0x0a,
    0x00, 0x6d, 0x76, 0x00, 0x6d, 0x6f, 0x76, 0x65, 0x20, 0x28, 0x72, 0x65,
    0x6e, 0x61, 0x6d, 0x65, 0x29, 0x20, 0x61, 0x20, 0x66, 0x69, 0x6c, 0x65,
    0x00, 0x00, 0x00, 0x00, 0x4e, 0x41, 0x4d, 0x45, 0x0a, 0x20, 0x20, 0x20,
    0x20, 0x6d, 0x76, 0x20, 0x2d, 0x20, 0x6d, 0x6f, 0x76, 0x65, 0x20, 0x28,
    0x72, 0x65, 0x6e, 0x61, 0x6d, 0x65, 0x29, 0x20, 0x61, 0x20, 0x66, 0x69,
    0x6c, 0x65, 0x0a, 0x0a, 0x53, 0x59, 0x4e, 0x4f, 0x50, 0x53, 0x49, 0x53,
    0x0a, 0x20, 0x20, 0x20, 0x20, 0x6d, 0x76, 0x20, 0x53, 0x52, 0x43, 0x20,
    0x44, 0x53, 0x54, 0x0a, 0x0a, 0x44, 0x45, 0x53, 0x43, 0x52, 0x49, 0x50,
    0x54, 0x49, 0x4f, 0x4e, 0x0a, 0x20, 0x20, 0x20, 0x20, 0x4d, 0x6f, 0x76,
    0x65, 0x73, 0x20, 0x53, 0x52, 0x43, 0x20, 0x74, 0x6f, 0x20, 0x44, 0x53,
    0x54, 0x2e, 0x20, 0x54, 0x68, 0x65, 0x72, 0x65, 0x20, 0x69, 0x73, 0x20,
    0x6e, 0x6f, 0x20, 0x72, 0x65, 0x6e, 0x61, 0x6d, 0x65, 0x28, 0x29, 0x20,
    0x69, 0x6e, 0x20, 0x74, 0x68, 0x65, 0x20, 0x56, 0x46, 0x53, 0x20, 0x79,
    0x65, 0x74, 0x2c, 0x20, 0x73, 0x6f, 0x0a, 0x20, 0x20, 0x20, 0x20, 0x74,
    0x68, 0x69, 0x73, 0x20, 0x69, 0x73, 0x20, 0x69, 0x6d, 0x70, 0x6c, 0x65,
    0x6d, 0x65, 0x6e, 0x74, 0x65, 0x64, 0x20, 0x61, 0x73, 0x20, 0x63, 0x6f,
    0x70, 0x79, 0x2d, 0x74, 0x68, 0x65, 0x6e, 0x2d, 0x75, 0x6e, 0x6c, 0x69,
    0x6e, 0x6b, 0x2e, 0x20, 0x44, 0x69, 0x72, 0x65, 0x63, 0x74, 0x6f, 0x72,
    0x69, 0x65, 0x73, 0x20, 0x63, 0x61, 0x6e, 0x6e, 0x6f, 0x74, 0x0a, 0x20,
    0x20, 0x20, 0x20, 0x62, 0x65, 0x20, 0x6d, 0x6f, 0x76, 0x65, 0x64, 0x2e,
    0x0a, 0x00, 0x62, 0x61, 0x73, 0x65, 0x6e, 0x61, 0x6d, 0x65, 0x00, 0x00,
    0x73, 0x74, 0x72, 0x69, 0x70, 0x20, 0x74, 0x68, 0x65, 0x20, 0x64, 0x69,
    0x72, 0x65, 0x63, 0x74, 0x6f, 0x72, 0x79, 0x20, 0x70, 0x61, 0x72, 0x74,
    0x20, 0x6f, 0x66, 0x20, 0x61, 0x20, 0x70, 0x61, 0x74, 0x68, 0x00, 0x00,
    0x4e, 0x41, 0x4d, 0x45, 0x0a, 0x20, 0x20, 0x20, 0x20, 0x62, 0x61, 0x73,
    0x65, 0x6e, 0x61, 0x6d, 0x65, 0x20, 0x2d, 0x20, 0x73, 0x74, 0x72, 0x69,
    0x70, 0x20, 0x74, 0x68, 0x65, 0x20, 0x64, 0x69, 0x72, 0x65, 0x63, 0x74,
    0x6f, 0x72, 0x79, 0x20, 0x70, 0x61, 0x72, 0x74, 0x20, 0x6f, 0x66, 0x20,
    0x61, 0x20, 0x70, 0x61, 0x74, 0x68, 0x0a, 0x0a, 0x53, 0x59, 0x4e, 0x4f,
    0x50, 0x53, 0x49, 0x53, 0x0a, 0x20, 0x20, 0x20, 0x20, 0x62, 0x61, 0x73,
    0x65, 0x6e, 0x61, 0x6d, 0x65, 0x20, 0x50, 0x41, 0x54, 0x48, 0x0a, 0x0a,
    0x44, 0x45, 0x53, 0x43, 0x52, 0x49, 0x50, 0x54, 0x49, 0x4f, 0x4e, 0x0a,
    0x20, 0x20, 0x20, 0x20, 0x50, 0x72, 0x69, 0x6e, 0x74, 0x73, 0x20, 0x50,
    0x41, 0x54, 0x48, 0x20, 0x77, 0x69, 0x74, 0x68, 0x20, 0x61, 0x6e, 0x79,
    0x20, 0x6c, 0x65, 0x61, 0x64, 0x69, 0x6e, 0x67, 0x20, 0x64, 0x69, 0x72,
    0x65, 0x63, 0x74, 0x6f, 0x72, 0x79, 0x20, 0x63, 0x6f, 0x6d, 0x70, 0x6f,
    0x6e, 0x65, 0x6e, 0x74, 0x73, 0x20, 0x72, 0x65, 0x6d, 0x6f, 0x76, 0x65,
    0x64, 0x2c, 0x0a, 0x20, 0x20, 0x20, 0x20, 0x65, 0x2e, 0x67, 0x2e, 0x20,
    0x62, 0x61, 0x73, 0x65, 0x6e, 0x61, 0x6d, 0x65, 0x20, 0x2f, 0x62, 0x69,
    0x6e, 0x2f, 0x6c, 0x73, 0x20, 0x70, 0x72, 0x69, 0x6e, 0x74, 0x73, 0x20,
    0x6c, 0x73, 0x2e, 0x0a, 0x00, 0x64, 0x69, 0x72, 0x6e, 0x61, 0x6d, 0x65,
    0x00, 0x00, 0x00, 0x00, 0x73, 0x74, 0x72, 0x69, 0x70, 0x20, 0x74, 0x68,
    0x65, 0x20, 0x66, 0x69, 0x6e, 0x61, 0x6c, 0x20, 0x63, 0x6f, 0x6d, 0x70,
    0x6f, 0x6e, 0x65, 0x6e, 0x74, 0x20, 0x6f, 0x66, 0x20, 0x61, 0x20, 0x70,
    0x61, 0x74, 0x68, 0x00, 0x4e, 0x41, 0x4d, 0x45, 0x0a, 0x20, 0x20, 0x20,
    0x20, 0x64, 0x69, 0x72, 0x6e, 0x61, 0x6d, 0x65, 0x20, 0x2d, 0x20, 0x73,
    0x74, 0x72, 0x69, 0x70, 0x20, 0x74, 0x68, 0x65, 0x20, 0x66, 0x69, 0x6e,
    0x61, 0x6c, 0x20, 0x63, 0x6f, 0x6d, 0x70, 0x6f, 0x6e, 0x65, 0x6e, 0x74,
    0x20, 0x6f, 0x66, 0x20, 0x61, 0x20, 0x70, 0x61, 0x74, 0x68, 0x0a, 0x0a,
    0x53, 0x59, 0x4e, 0x4f, 0x50, 0x53, 0x49, 0x53, 0x0a, 0x20, 0x20, 0x20,
    0x20, 0x64, 0x69, 0x72, 0x6e, 0x61, 0x6d, 0x65, 0x20, 0x50, 0x41, 0x54,
    0x48, 0x0a, 0x0a, 0x44, 0x45, 0x53, 0x43, 0x52, 0x49, 0x50, 0x54, 0x49,
    0x4f, 0x4e, 0x0a, 0x20, 0x20, 0x20, 0x20, 0x50, 0x72, 0x69, 0x6e, 0x74,
    0x73, 0x20, 0x50, 0x41, 0x54, 0x48, 0x20, 0x77, 0x69, 0x74, 0x68, 0x20,
    0x69, 0x74, 0x73, 0x20, 0x6c, 0x61, 0x73, 0x74, 0x20, 0x63, 0x6f, 0x6d,
    0x70, 0x6f, 0x6e, 0x65, 0x6e, 0x74, 0x20, 0x72, 0x65, 0x6d, 0x6f, 0x76,
    0x65, 0x64, 0x2c, 0x20, 0x67, 0x69, 0x76, 0x69, 0x6e, 0x67, 0x20, 0x74,
    0x68, 0x65, 0x0a, 0x20, 0x20, 0x20, 0x20, 0x64, 0x69, 0x72, 0x65, 0x63,
    0x74, 0x6f, 0x72, 0x79, 0x20, 0x70, 0x61, 0x72, 0x74, 0x2e, 0x20, 0x54,
    0x72, 0x61, 0x69, 0x6c, 0x69, 0x6e, 0x67, 0x20, 0x73, 0x6c, 0x61, 0x73,
    0x68, 0x65, 0x73, 0x20, 0x61, 0x72, 0x65, 0x20, 0x73, 0x74, 0x72, 0x69,
    0x70, 0x70, 0x65, 0x64, 0x20, 0x66, 0x69, 0x72, 0x73, 0x74, 0x2c, 0x20,
    0x61, 0x6e, 0x64, 0x20, 0x61, 0x0a, 0x20, 0x20, 0x20, 0x20, 0x70, 0x61,
    0x74, 0x68, 0x20, 0x77, 0x69, 0x74, 0x68, 0x20, 0x6e, 0x6f, 0x20, 0x64,
    0x69, 0x72, 0x65, 0x63, 0x74, 0x6f, 0x72, 0x79, 0x20, 0x63, 0x6f, 0x6d,
    0x70, 0x6f, 0x6e, 0x65, 0x6e, 0x74, 0x20, 0x79, 0x69, 0x65, 0x6c, 0x64,
    0x73, 0x20, 0x27, 0x2e, 0x27, 0x2e, 0x20, 0x41, 0x20, 0x72, 0x6f, 0x6f,
    0x74, 0x20, 0x70, 0x61, 0x74, 0x68, 0x0a, 0x20, 0x20, 0x20, 0x20, 0x79,
    0x69, 0x65, 0x6c, 0x64, 0x73, 0x20, 0x27, 0x2f, 0x27, 0x2e, 0x20, 0x45,
    0x78, 0x61, 0x6d, 0x70, 0x6c, 0x65, 0x73, 0x3a, 0x20, 0x64, 0x69, 0x72,
    0x6e, 0x61, 0x6d, 0x65, 0x20, 0x2f, 0x62, 0x69, 0x6e, 0x2f, 0x6c, 0x73,
    0x20, 0x2d, 0x3e, 0x20, 0x2f, 0x62, 0x69, 0x6e, 0x2c, 0x20, 0x64, 0x69,
    0x72, 0x6e, 0x61, 0x6d, 0x65, 0x20, 0x6c, 0x73, 0x0a, 0x20, 0x20, 0x20,
    0x20, 0x2d, 0x3e, 0x20, 0x2e, 0x0a, 0x00, 0x73, 0x65, 0x71, 0x00, 0x70,
    0x72, 0x69, 0x6e, 0x74, 0x20, 0x61, 0x20, 0x73, 0x65, 0x71, 0x75, 0x65,
    0x6e, 0x63, 0x65, 0x20, 0x6f, 0x66, 0x20, 0x6e, 0x75, 0x6d, 0x62, 0x65,
    0x72, 0x73, 0x00, 0x00, 0x4e, 0x41, 0x4d, 0x45, 0x0a, 0x20, 0x20, 0x20,
    0x20, 0x73, 0x65, 0x71, 0x20, 0x2d, 0x20, 0x70, 0x72, 0x69, 0x6e, 0x74,
    0x20, 0x61, 0x20, 0x73, 0x65, 0x71, 0x75, 0x65, 0x6e, 0x63, 0x65, 0x20,
    0x6f, 0x66, 0x20, 0x6e, 0x75, 0x6d, 0x62, 0x65, 0x72, 0x73, 0x0a, 0x0a,
    0x53, 0x59, 0x4e, 0x4f, 0x50, 0x53, 0x49, 0x53, 0x0a, 0x20, 0x20, 0x20,
    0x20, 0x73, 0x65, 0x71, 0x20, 0x4c, 0x41, 0x53, 0x54, 0x0a, 0x20, 0x20,
    0x20, 0x20, 0x73, 0x65, 0x71, 0x20, 0x46, 0x49, 0x52, 0x53, 0x54, 0x20,
    0x4c, 0x41, 0x53, 0x54, 0x0a, 0x20, 0x20, 0x20, 0x20, 0x73, 0x65, 0x71,
    0x20, 0x46, 0x49, 0x52, 0x53, 0x54, 0x20, 0x53, 0x54, 0x45, 0x50, 0x20,
    0x4c, 0x41, 0x53, 0x54, 0x0a, 0x0a, 0x44, 0x45, 0x53, 0x43, 0x52, 0x49,
    0x50, 0x54, 0x49, 0x4f, 0x4e, 0x0a, 0x20, 0x20, 0x20, 0x20, 0x50, 0x72,
    0x69, 0x6e, 0x74, 0x73, 0x20, 0x69, 0x6e, 0x74, 0x65, 0x67, 0x65, 0x72,
    0x73, 0x20, 0x66, 0x72, 0x6f, 0x6d, 0x20, 0x46, 0x49, 0x52, 0x53, 0x54,
    0x20, 0x28, 0x64, 0x65, 0x66, 0x61, 0x75, 0x6c, 0x74, 0x20, 0x31, 0x29,
    0x20, 0x75, 0x70, 0x20, 0x74, 0x6f, 0x20, 0x4c, 0x41, 0x53, 0x54, 0x2c,
    0x20, 0x63, 0x6f, 0x75, 0x6e, 0x74, 0x69, 0x6e, 0x67, 0x0a, 0x20, 0x20,
    0x20, 0x20, 0x62, 0x79, 0x20, 0x53, 0x54, 0x45, 0x50, 0x20, 0x28, 0x64,
    0x65, 0x66, 0x61, 0x75, 0x6c, 0x74, 0x20, 0x31, 0x29, 0x2c, 0x20, 0x6f,
    0x6e, 0x65, 0x20, 0x70, 0x65, 0x72, 0x20, 0x6c, 0x69, 0x6e, 0x65, 0x2e,
    0x20, 0x41, 0x20, 0x6e, 0x65, 0x67, 0x61, 0x74, 0x69, 0x76, 0x65, 0x20,
    0x53, 0x54, 0x45, 0x50, 0x20, 0x63, 0x6f, 0x75, 0x6e, 0x74, 0x73, 0x0a,
    0x20, 0x20, 0x20, 0x20, 0x64, 0x6f, 0x77, 0x6e, 0x77, 0x61, 0x72, 0x64,
    0x73, 0x2e, 0x20, 0x55, 0x6e, 0x72, 0x65, 0x70, 0x72, 0x65, 0x73, 0x65,
    0x6e, 0x74, 0x61, 0x62, 0x6c, 0x65, 0x20, 0x76, 0x61, 0x6c, 0x75, 0x65,
    0x73, 0x20, 0x61, 0x72, 0x65, 0x20, 0x70, 0x72, 0x69, 0x6e, 0x74, 0x65,
    0x64, 0x20, 0x61, 0x73, 0x20, 0x30, 0x2e, 0x0a, 0x00, 0x76, 0x65, 0x64,
    0x69, 0x74, 0x00, 0x66, 0x75, 0x6c, 0x6c, 0x2d, 0x73, 0x63, 0x72, 0x65,
    0x65, 0x6e, 0x20, 0x74, 0x65, 0x78, 0x74, 0x20, 0x65, 0x64, 0x69, 0x74,
    0x6f, 0x72, 0x00, 0x00, 0x4e, 0x41, 0x4d, 0x45, 0x0a, 0x20, 0x20, 0x20,
    0x20, 0x76, 0x65, 0x64, 0x69, 0x74, 0x20, 0x2d, 0x20, 0x66, 0x75, 0x6c,
    0x6c, 0x2d, 0x73, 0x63, 0x72, 0x65, 0x65, 0x6e, 0x20, 0x74, 0x65, 0x78,
    0x74, 0x20, 0x65, 0x64, 0x69, 0x74, 0x6f, 0x72, 0x0a, 0x0a, 0x53, 0x59,
    0x4e, 0x4f, 0x50, 0x53, 0x49, 0x53, 0x0a, 0x20, 0x20, 0x20, 0x20, 0x76,
    0x65, 0x64, 0x69, 0x74, 0x0a, 0x0a, 0x44, 0x45, 0x53, 0x43, 0x52, 0x49,
    0x50, 0x54, 0x49, 0x4f, 0x4e, 0x0a, 0x20, 0x20, 0x20, 0x20, 0x41, 0x20,
    0x74, 0x65, 0x78, 0x74, 0x20, 0x65, 0x64, 0x69, 0x74, 0x6f, 0x72, 0x20,
    0x69, 0x6e, 0x20, 0x74, 0x68, 0x65, 0x20, 0x73, 0x74, 0x79, 0x6c, 0x65,
    0x20, 0x6f, 0x66, 0x20, 0x4d, 0x53, 0x2d, 0x44, 0x4f, 0x53, 0x20, 0x45,
    0x44, 0x49, 0x54, 0x2c, 0x20, 0x74, 0x65, 0x78, 0x74, 0x2d, 0x6d, 0x6f,
    0x64, 0x65, 0x20, 0x6f, 0x6e, 0x6c, 0x79, 0x2e, 0x0a, 0x20, 0x20, 0x20,
    0x20, 0x32, 0x32, 0x78, 0x37, 0x38, 0x20, 0x65, 0x64, 0x69, 0x74, 0x69,
    0x6e, 0x67, 0x20, 0x62, 0x75, 0x66, 0x66, 0x65, 0x72, 0x3b, 0x20, 0x74,
    0x68, 0x65, 0x20, 0x62, 0x75, 0x66, 0x66, 0x65, 0x72, 0x20, 0x73, 0x74,
    0x61, 0x72, 0x74, 0x73, 0x20, 0x61, 0x73, 0x20, 0x61, 0x20, 0x73, 0x69,
    0x6e, 0x67, 0x6c, 0x65, 0x20, 0x62, 0x6c, 0x61, 0x6e, 0x6b, 0x0a, 0x20,
    0x20, 0x20, 0x20, 0x6c, 0x69, 0x6e, 0x65, 0x20, 0x61, 0x6e, 0x64, 0x20,
    0x69, 0x73, 0x20, 0x6e, 0x6f, 0x74, 0x20, 0x6c, 0x6f, 0x61, 0x64, 0x65,
    0x64, 0x20, 0x66, 0x72, 0x6f, 0x6d, 0x20, 0x64, 0x69, 0x73, 0x6b, 0x20,
    0x61, 0x74, 0x20, 0x73, 0x74, 0x61, 0x72, 0x74, 0x75, 0x70, 0x2e, 0x0a,
    0x0a, 0x4b, 0x45, 0x59, 0x53, 0x0a, 0x20, 0x20, 0x20, 0x20, 0x41, 0x72,
    0x72, 0x6f, 0x77, 0x73, 0x20, 0x2f, 0x20, 0x48, 0x6f, 0x6d, 0x65, 0x20,
    0x2f, 0x20, 0x45, 0x6e, 0x64, 0x20, 0x2f, 0x20, 0x44, 0x65, 0x6c, 0x20,
    0x2f, 0x20, 0x42, 0x61, 0x63, 0x6b, 0x73, 0x70, 0x61, 0x63, 0x65, 0x20,
    0x2f, 0x20, 0x45, 0x6e, 0x74, 0x65, 0x72, 0x20, 0x20, 0x65, 0x64, 0x69,
    0x74, 0x20, 0x74, 0x65, 0x78, 0x74, 0x0a, 0x20, 0x20, 0x20, 0x20, 0x45,
    0x73, 0x63, 0x20, 0x20, 0x20, 0x20, 0x65, 0x6e, 0x74, 0x65, 0x72, 0x20,
    0x74, 0x68, 0x65, 0x20, 0x63, 0x6f, 0x6d, 0x6d, 0x61, 0x6e, 0x64, 0x20,
    0x6c, 0x69, 0x6e, 0x65, 0x20, 0x61, 0x74, 0x20, 0x74, 0x68, 0x65, 0x20,
    0x62, 0x6f, 0x74, 0x74, 0x6f, 0x6d, 0x0a, 0x0a, 0x20, 0x20, 0x20, 0x20,
    0x49, 0x6e, 0x20, 0x63, 0x6f, 0x6d, 0x6d, 0x61, 0x6e, 0x64, 0x20, 0x6d,
    0x6f, 0x64, 0x65, 0x3a, 0x0a, 0x20, 0x20, 0x20, 0x20, 0x20, 0x20, 0x73,
    0x20, 0x5b, 0x66, 0x69, 0x6c, 0x65, 0x5d, 0x20, 0x20, 0x73, 0x61, 0x76,
    0x65, 0x20, 0x74, 0x6f, 0x20, 0x61, 0x20, 0x66, 0x69, 0x6c, 0x65, 0x0a,
    0x20, 0x20, 0x20, 0x20, 0x20, 0x20, 0x6f, 0x20, 0x5b, 0x66, 0x69, 0x6c,
    0x65, 0x5d, 0x20, 0x20, 0x6c, 0x6f, 0x61, 0x64, 0x20, 0x61, 0x20, 0x66,
    0x69, 0x6c, 0x65, 0x0a, 0x20, 0x20, 0x20, 0x20, 0x20, 0x20, 0x71, 0x20,
    0x20, 0x20, 0x20, 0x20, 0x20, 0x20, 0x20, 0x20, 0x71, 0x75, 0x69, 0x74,
    0x20, 0x28, 0x61, 0x73, 0x6b, 0x73, 0x20, 0x69, 0x66, 0x20, 0x6d, 0x6f,
    0x64, 0x69, 0x66, 0x69, 0x65, 0x64, 0x3b, 0x20, 0x71, 0x21, 0x20, 0x66,
    0x6f, 0x72, 0x63, 0x65, 0x73, 0x29, 0x0a, 0x20, 0x20, 0x20, 0x20, 0x20,
    0x20, 0x68, 0x20, 0x20, 0x20, 0x20, 0x20, 0x20, 0x20, 0x20, 0x20, 0x68,
    0x65, 0x6c, 0x70, 0x0a, 0x20, 0x20, 0x20, 0x20, 0x20, 0x20, 0x45, 0x6e,
    0x74, 0x65, 0x72, 0x20, 0x2f, 0x20, 0x45, 0x73, 0x63, 0x20, 0x20, 0x72,
    0x65, 0x74, 0x75, 0x72, 0x6e, 0x20, 0x74, 0x6f, 0x20, 0x65, 0x64, 0x69,
    0x74, 0x69, 0x6e, 0x67, 0x0a, 0x00, 0x63, 0x61, 0x6c, 0x63, 0x00, 0x67,
    0x72, 0x61, 0x70, 0x68, 0x69, 0x63, 0x61, 0x6c, 0x20, 0x63, 0x61, 0x6c,
    0x63, 0x75, 0x6c, 0x61, 0x74, 0x6f, 0x72, 0x00, 0x4e, 0x41, 0x4d, 0x45,
    0x0a, 0x20, 0x20, 0x20, 0x20, 0x63, 0x61, 0x6c, 0x63, 0x20, 0x2d, 0x20,
    0x67, 0x72, 0x61, 0x70, 0x68, 0x69, 0x63, 0x61, 0x6c, 0x20, 0x63, 0x61,
    0x6c, 0x63, 0x75, 0x6c, 0x61, 0x74, 0x6f, 0x72, 0x0a, 0x0a, 0x53, 0x59,
    0x4e, 0x4f, 0x50, 0x53, 0x49, 0x53, 0x0a, 0x20, 0x20, 0x20, 0x20, 0x63,
    0x61, 0x6c, 0x63, 0x0a, 0x0a, 0x44, 0x45, 0x53, 0x43, 0x52, 0x49, 0x50,
    0x54, 0x49, 0x4f, 0x4e, 0x0a, 0x20, 0x20, 0x20, 0x20, 0x41, 0x20, 0x57,
    0x69, 0x6e, 0x64, 0x6f, 0x77, 0x73, 0x20, 0x33, 0x2e, 0x31, 0x2d, 0x73,
    0x74, 0x79, 0x6c, 0x65, 0x20, 0x63, 0x61, 0x6c, 0x63, 0x75, 0x6c, 0x61,
    0x74, 0x6f, 0x72, 0x20, 0x47, 0x55, 0x49, 0x20, 0x61, 0x70, 0x70, 0x2e,
    0x20, 0x41, 0x72, 0x69, 0x74, 0x68, 0x6d, 0x65, 0x74, 0x69, 0x63, 0x20,
    0x66, 0x6f, 0x6c, 0x6c, 0x6f, 0x77, 0x73, 0x0a, 0x20, 0x20, 0x20, 0x20,
    0x69, 0x6d, 0x6d, 0x65, 0x64, 0x69, 0x61, 0x74, 0x65, 0x20, 0x65, 0x78,
    0x65, 0x63, 0x75, 0x74, 0x69, 0x6f, 0x6e, 0x20, 0x77, 0x69, 0x74, 0x68,
    0x6f, 0x75, 0x74, 0x20, 0x6f, 0x70, 0x65, 0x72, 0x61, 0x74, 0x6f, 0x72,
    0x20, 0x70, 0x72, 0x65, 0x63, 0x65, 0x64, 0x65, 0x6e, 0x63, 0x65, 0x2c,
    0x20, 0x73, 0x6f, 0x20, 0x32, 0x20, 0x2b, 0x20, 0x33, 0x20, 0x2a, 0x20,
    0x34, 0x0a, 0x20, 0x20, 0x20, 0x20, 0x69, 0x73, 0x20, 0x32, 0x30, 0x2c,
    0x20, 0x6e, 0x6f, 0x74, 0x20, 0x31, 0x34, 0x2e, 0x0a, 0x0a, 0x4b, 0x45,
    0x59, 0x53, 0x0a, 0x20, 0x20, 0x20, 0x20, 0x64, 0x69, 0x67, 0x69, 0x74,
    0x73, 0x20, 0x30, 0x2d, 0x39, 0x2c, 0x20, 0x2e, 0x20, 0x2b, 0x20, 0x2d,
    0x20, 0x2a, 0x20, 0x2f, 0x20, 0x25, 0x20, 0x61, 0x6e, 0x64, 0x20, 0x3d,
    0x20, 0x6f, 0x70, 0x65, 0x72, 0x61, 0x74, 0x6f, 0x72, 0x73, 0x2c, 0x20,
    0x42, 0x61, 0x63, 0x6b, 0x73, 0x70, 0x61, 0x63, 0x65, 0x20, 0x74, 0x6f,
    0x20, 0x63, 0x6c, 0x65, 0x61, 0x72, 0x0a, 0x20, 0x20, 0x20, 0x20, 0x74,
    0x68, 0x65, 0x20, 0x6c, 0x61, 0x73, 0x74, 0x20, 0x64, 0x69, 0x67, 0x69,
    0x74, 0x2c, 0x20, 0x45, 0x73, 0x63, 0x20, 0x63, 0x6c, 0x6f, 0x73, 0x65,
    0x73, 0x20, 0x74, 0x68, 0x65, 0x20, 0x77, 0x69, 0x6e, 0x64, 0x6f, 0x77,
    0x2e, 0x20, 0x4c, 0x61, 0x75, 0x6e, 0x63, 0x68, 0x65, 0x64, 0x20, 0x66,
    0x72, 0x6f, 0x6d, 0x20, 0x74, 0x68, 0x65, 0x0a, 0x20, 0x20, 0x20, 0x20,
    0x64, 0x65, 0x73, 0x6b, 0x74, 0x6f, 0x70, 0x20, 0x6f, 0x72, 0x20, 0x61,
    0x73, 0x20, 0x2f, 0x61, 0x70, 0x70, 0x73, 0x2f, 0x63, 0x61, 0x6c, 0x63,
    0x2f, 0x62, 0x69, 0x6e, 0x3b, 0x20, 0x6e, 0x6f, 0x74, 0x20, 0x72, 0x65,
    0x61, 0x63, 0x68, 0x61, 0x62, 0x6c, 0x65, 0x20, 0x66, 0x72, 0x6f, 0x6d,
    0x20, 0x74, 0x68, 0x65, 0x20, 0x73, 0x68, 0x65, 0x6c, 0x6c, 0x2e, 0x0a,
    0x00, 0x66, 0x69, 0x6c, 0x65, 0x73, 0x00, 0x67, 0x72, 0x61, 0x70, 0x68,
    0x69, 0x63, 0x61, 0x6c, 0x20, 0x66, 0x69, 0x6c, 0x65, 0x20, 0x6d, 0x61,
    0x6e, 0x61, 0x67, 0x65, 0x72, 0x00, 0x00, 0x00, 0x4e, 0x41, 0x4d, 0x45,
    0x0a, 0x20, 0x20, 0x20, 0x20, 0x66, 0x69, 0x6c, 0x65, 0x73, 0x20, 0x2d,
    0x20, 0x67, 0x72, 0x61, 0x70, 0x68, 0x69, 0x63, 0x61, 0x6c, 0x20, 0x66,
    0x69, 0x6c, 0x65, 0x20, 0x6d, 0x61, 0x6e, 0x61, 0x67, 0x65, 0x72, 0x0a,
    0x0a, 0x53, 0x59, 0x4e, 0x4f, 0x50, 0x53, 0x49, 0x53, 0x0a, 0x20, 0x20,
    0x20, 0x20, 0x66, 0x69, 0x6c, 0x65, 0x73, 0x0a, 0x0a, 0x44, 0x45, 0x53,
    0x43, 0x52, 0x49, 0x50, 0x54, 0x49, 0x4f, 0x4e, 0x0a, 0x20, 0x20, 0x20,
    0x20, 0x41, 0x20, 0x63, 0x6c, 0x69, 0x63, 0x6b, 0x2d, 0x74, 0x68, 0x72,
    0x6f, 0x75, 0x67, 0x68, 0x20, 0x64, 0x69, 0x72, 0x65, 0x63, 0x74, 0x6f,
    0x72, 0x79, 0x20, 0x62, 0x72, 0x6f, 0x77, 0x73, 0x65, 0x72, 0x20, 0x6f,
    0x76, 0x65, 0x72, 0x20, 0x74, 0x68, 0x65, 0x20, 0x69, 0x6e, 0x2d, 0x6d,
    0x65, 0x6d, 0x6f, 0x72, 0x79, 0x20, 0x56, 0x46, 0x53, 0x0a, 0x20, 0x20,
    0x20, 0x20, 0x28, 0x2f, 0x2c, 0x20, 0x2f, 0x62, 0x69, 0x6e, 0x2c, 0x20,
    0x2f, 0x61, 0x70, 0x70, 0x73, 0x2c, 0x20, 0x2f, 0x64, 0x65, 0x76, 0x2c,
    0x20, 0x2f, 0x70, 0x72, 0x6f, 0x63, 0x2c, 0x20, 0x2f, 0x68, 0x6f, 0x6d,
    0x65, 0x2c, 0x20, 0x2f, 0x74, 0x6d, 0x70, 0x2c, 0x20, 0x2e, 0x2e, 0x2e,
    0x29, 0x2e, 0x20, 0x45, 0x61, 0x63, 0x68, 0x20, 0x72, 0x6f, 0x77, 0x0a,
    0x20, 0x20, 0x20, 0x20, 0x73, 0x68, 0x6f, 0x77, 0x73, 0x20, 0x61, 0x20,
    0x74, 0x79, 0x70, 0x65, 0x20, 0x62, 0x61, 0x64, 0x67, 0x65, 0x2c, 0x20,
    0x74, 0x68, 0x65, 0x20, 0x65, 0x6e, 0x74, 0x72, 0x79, 0x20, 0x6e, 0x61,
    0x6d, 0x65, 0x20, 0x61, 0x6e, 0x64, 0x2c, 0x20, 0x66, 0x6f, 0x72, 0x20,
    0x66, 0x69, 0x6c, 0x65, 0x73, 0x2c, 0x20, 0x74, 0x68, 0x65, 0x0a, 0x20,
    0x20, 0x20, 0x20, 0x73, 0x69, 0x7a, 0x65, 0x3b, 0x20, 0x63, 0x6c, 0x69,
    0x63, 0x6b, 0x69, 0x6e, 0x67, 0x20, 0x61, 0x20, 0x64, 0x69, 0x72, 0x65,
    0x63, 0x74, 0x6f, 0x72, 0x79, 0x20, 0x65, 0x6e, 0x74, 0x65, 0x72, 0x73,
    0x20, 0x69, 0x74, 0x20, 0x61, 0x6e, 0x64, 0x20, 0x27, 0x2e, 0x2e, 0x27,
    0x20, 0x77, 0x61, 0x6c, 0x6b, 0x73, 0x20, 0x62, 0x61, 0x63, 0x6b, 0x20,
    0x75, 0x70, 0x2e, 0x0a, 0x0a, 0x4b, 0x45, 0x59, 0x53, 0x0a, 0x20, 0x20,
    0x20, 0x20, 0x45, 0x73, 0x63, 0x20, 0x63, 0x6c, 0x6f, 0x73, 0x65, 0x73,
    0x20, 0x74, 0x68, 0x65, 0x20, 0x77, 0x69, 0x6e, 0x64, 0x6f, 0x77, 0x2c,
    0x20, 0x45, 0x6e, 0x74, 0x65, 0x72, 0x20, 0x6f, 0x70, 0x65, 0x6e, 0x73,
    0x20, 0x74, 0x68, 0x65, 0x20, 0x68, 0x69, 0x67, 0x68, 0x6c, 0x69, 0x67,
    0x68, 0x74, 0x65, 0x64, 0x20, 0x65, 0x6e, 0x74, 0x72, 0x79, 0x2e, 0x0a,
    0x20, 0x20, 0x20, 0x20, 0x41, 0x20, 0x47, 0x55, 0x49, 0x20, 0x61, 0x70,
    0x70, 0x20, 0x28, 0x73, 0x65, 0x65, 0x20, 0x6d, 0x61, 0x6e, 0x20, 0x63,
    0x61, 0x6c, 0x63, 0x20, 0x66, 0x6f, 0x72, 0x20, 0x68, 0x6f, 0x77, 0x20,
    0x47, 0x55, 0x49, 0x20, 0x61, 0x70, 0x70, 0x73, 0x20, 0x61, 0x72, 0x65,
    0x20, 0x6c, 0x61, 0x75, 0x6e, 0x63, 0x68, 0x65, 0x64, 0x29, 0x2e, 0x0a,
    0x00, 0x70, 0x72, 0x65, 0x66, 0x73, 0x00, 0x67, 0x72, 0x61, 0x70, 0x68,
    0x69, 0x63, 0x61, 0x6c, 0x20, 0x73, 0x79, 0x73, 0x74, 0x65, 0x6d, 0x20,
    0x70, 0x72, 0x65, 0x66, 0x65, 0x72, 0x65, 0x6e, 0x63, 0x65, 0x73, 0x00,
    0x4e, 0x41, 0x4d, 0x45, 0x0a, 0x20, 0x20, 0x20, 0x20, 0x70, 0x72, 0x65,
    0x66, 0x73, 0x20, 0x2d, 0x20, 0x67, 0x72, 0x61, 0x70, 0x68, 0x69, 0x63,
    0x61, 0x6c, 0x20, 0x73, 0x79, 0x73, 0x74, 0x65, 0x6d, 0x20, 0x70, 0x72,
    0x65, 0x66, 0x65, 0x72, 0x65, 0x6e, 0x63, 0x65, 0x73, 0x0a, 0x0a, 0x53,
    0x59, 0x4e, 0x4f, 0x50, 0x53, 0x49, 0x53, 0x0a, 0x20, 0x20, 0x20, 0x20,
    0x70, 0x72, 0x65, 0x66, 0x73, 0x0a, 0x0a, 0x44, 0x45, 0x53, 0x43, 0x52,
    0x49, 0x50, 0x54, 0x49, 0x4f, 0x4e, 0x0a, 0x20, 0x20, 0x20, 0x20, 0x41,
    0x20, 0x4e, 0x65, 0x58, 0x54, 0x53, 0x54, 0x45, 0x50, 0x2d, 0x73, 0x74,
    0x79, 0x6c, 0x65, 0x20, 0x70, 0x72, 0x65, 0x66, 0x65, 0x72, 0x65, 0x6e,
    0x63, 0x65, 0x73, 0x20, 0x77, 0x69, 0x6e, 0x64, 0x6f, 0x77, 0x20, 0x73,
    0x70, 0x6c, 0x69, 0x74, 0x20, 0x69, 0x6e, 0x74, 0x6f, 0x20, 0x61, 0x20,
    0x70, 0x61, 0x6e, 0x65, 0x0a, 0x20, 0x20, 0x20, 0x20, 0x73, 0x65, 0x6c,
    0x65, 0x63, 0x74, 0x6f, 0x72, 0x20, 0x28, 0x6c, 0x65, 0x66, 0x74, 0x29,
    0x20, 0x61, 0x6e, 0x64, 0x20, 0x61, 0x20, 0x63, 0x6f, 0x6e, 0x74, 0x65,
    0x6e, 0x74, 0x20, 0x61, 0x72, 0x65, 0x61, 0x20, 0x28, 0x72, 0x69, 0x67,
    0x68, 0x74, 0x29, 0x3a, 0x0a, 0x0a, 0x20, 0x20, 0x20, 0x20, 0x20, 0x20,
    0x41, 0x62, 0x6f, 0x75, 0x74, 0x20, 0x20, 0x20, 0x4f, 0x53, 0x20, 0x69,
    0x64, 0x65, 0x6e, 0x74, 0x69, 0x66, 0x69, 0x63, 0x61, 0x74, 0x69, 0x6f,
    0x6e, 0x20, 0x28, 0x75, 0x74, 0x73, 0x6e, 0x61, 0x6d, 0x65, 0x2c, 0x20,
    0x2f, 0x70, 0x72, 0x6f, 0x63, 0x2f, 0x76, 0x65, 0x72, 0x73, 0x69, 0x6f,
    0x6e, 0x29, 0x0a, 0x20, 0x20, 0x20, 0x20, 0x20, 0x20, 0x4d, 0x65, 0x6d,
    0x6f, 0x72, 0x79, 0x20, 0x20, 0x6c, 0x69, 0x76, 0x65, 0x20, 0x74, 0x6f,
    0x74, 0x61, 0x6c, 0x73, 0x20, 0x66, 0x72, 0x6f, 0x6d, 0x20, 0x2f, 0x70,
    0x72, 0x6f, 0x63, 0x2f, 0x6d, 0x65, 0x6d, 0x69, 0x6e, 0x66, 0x6f, 0x20,
    0x61, 0x6e, 0x64, 0x20, 0x2f, 0x70, 0x72, 0x6f, 0x63, 0x2f, 0x75, 0x70,
    0x74, 0x69, 0x6d, 0x65, 0x0a, 0x20, 0x20, 0x20, 0x20, 0x20, 0x20, 0x4d,
    0x6f, 0x75, 0x6e, 0x74, 0x73, 0x20, 0x20, 0x6d, 0x6f, 0x75, 0x6e, 0x74,
    0x65, 0x64, 0x20, 0x66, 0x69, 0x6c, 0x65, 0x73, 0x79, 0x73, 0x74, 0x65,
    0x6d, 0x73, 0x20, 0x66, 0x72, 0x6f, 0x6d, 0x20, 0x2f, 0x70, 0x72, 0x6f,
    0x63, 0x2f, 0x6d, 0x6f, 0x75, 0x6e, 0x74, 0x73, 0x0a, 0x20, 0x20, 0x20,
    0x20, 0x20, 0x20, 0x49, 0x6e, 0x66, 0x6f, 0x20, 0x20, 0x20, 0x20, 0x2f,
    0x70, 0x72, 0x6f, 0x63, 0x2f, 0x63, 0x70, 0x75, 0x69, 0x6e, 0x66, 0x6f,
    0x20, 0x73, 0x6e, 0x69, 0x70, 0x70, 0x65, 0x74, 0x0a, 0x0a, 0x4b, 0x45,
    0x59, 0x53, 0x0a, 0x20, 0x20, 0x20, 0x20, 0x45, 0x73, 0x63, 0x20, 0x63,
    0x6c, 0x6f, 0x73, 0x65, 0x73, 0x2c, 0x20, 0x55, 0x70, 0x2f, 0x44, 0x6f,
    0x77, 0x6e, 0x20, 0x63, 0x68, 0x61, 0x6e, 0x67, 0x65, 0x73, 0x20, 0x70,
    0x61, 0x6e, 0x65, 0x2c, 0x20, 0x45, 0x6e, 0x74, 0x65, 0x72, 0x20, 0x61,
    0x63, 0x74, 0x69, 0x76, 0x61, 0x74, 0x65, 0x73, 0x20, 0x69, 0x74, 0x2e,
    0x0a, 0x20, 0x20, 0x20, 0x20, 0x41, 0x20, 0x47, 0x55, 0x49, 0x20, 0x61,
    0x70, 0x70, 0x2e, 0x0a, 0x00, 0x68, 0x65, 0x6c, 0x6c, 0x6f, 0x00, 0x64,
    0x65, 0x6d, 0x6f, 0x6e, 0x73, 0x74, 0x72, 0x61, 0x74, 0x69, 0x6f, 0x6e,
    0x20, 0x70, 0x72, 0x6f, 0x67, 0x72, 0x61, 0x6d, 0x00, 0x00, 0x00, 0x00,
    0x4e, 0x41, 0x4d, 0x45, 0x0a, 0x20, 0x20, 0x20, 0x20, 0x68, 0x65, 0x6c,
    0x6c, 0x6f, 0x20, 0x2d, 0x20, 0x64, 0x65, 0x6d, 0x6f, 0x6e, 0x73, 0x74,
    0x72, 0x61, 0x74, 0x69, 0x6f, 0x6e, 0x20, 0x70, 0x72, 0x6f, 0x67, 0x72,
    0x61, 0x6d, 0x0a, 0x0a, 0x53, 0x59, 0x4e, 0x4f, 0x50, 0x53, 0x49, 0x53,
    0x0a, 0x20, 0x20, 0x20, 0x20, 0x68, 0x65, 0x6c, 0x6c, 0x6f, 0x0a, 0x0a,
    0x44, 0x45, 0x53, 0x43, 0x52, 0x49, 0x50, 0x54, 0x49, 0x4f, 0x4e, 0x0a,
    0x20, 0x20, 0x20, 0x20, 0x50, 0x72, 0x69, 0x6e, 0x74, 0x73, 0x20, 0x27,
    0x48, 0x65, 0x6c, 0x6c, 0x6f, 0x20, 0x66, 0x72, 0x6f, 0x6d, 0x20, 0x56,
    0x4e, 0x55, 0x20, 0x75, 0x73, 0x65, 0x72, 0x73, 0x70, 0x61, 0x63, 0x65,
    0x21, 0x27, 0x20, 0x66, 0x6f, 0x6c, 0x6c, 0x6f, 0x77, 0x65, 0x64, 0x20,
    0x62, 0x79, 0x20, 0x69, 0x74, 0x73, 0x20, 0x61, 0x72, 0x67, 0x75, 0x6d,
    0x65, 0x6e, 0x74, 0x0a, 0x20, 0x20, 0x20, 0x20, 0x76, 0x65, 0x63, 0x74,
    0x6f, 0x72, 0x2c, 0x20, 0x73, 0x68, 0x6f, 0x77, 0x69, 0x6e, 0x67, 0x20,
    0x68, 0x6f, 0x77, 0x20, 0x74, 0x68, 0x65, 0x20, 0x6b, 0x65, 0x72, 0x6e,
    0x65, 0x6c, 0x20, 0x70, 0x61, 0x73, 0x73, 0x65, 0x73, 0x20, 0x61, 0x72,
    0x67, 0x63, 0x2f, 0x61, 0x72, 0x67, 0x76, 0x20, 0x74, 0x6f, 0x20, 0x61,
    0x6e, 0x0a, 0x20, 0x20, 0x20, 0x20, 0x65, 0x6d, 0x62, 0x65, 0x64, 0x64,
    0x65, 0x64, 0x20, 0x75, 0x73, 0x65, 0x72, 0x73, 0x70, 0x61, 0x63, 0x65,
    0x20, 0x62, 0x69, 0x6e, 0x61, 0x72, 0x79, 0x2e, 0x20, 0x4d, 0x6f, 0x73,
    0x74, 0x6c, 0x79, 0x20, 0x75, 0x73, 0x65, 0x66, 0x75, 0x6c, 0x20, 0x61,
    0x73, 0x20, 0x61, 0x20, 0x74, 0x65, 0x73, 0x74, 0x2e, 0x0a, 0x00, 0x74,
    0x74, 0x79, 0x74, 0x65, 0x73, 0x74, 0x00, 0x00, 0x50, 0x4f, 0x53, 0x49,
    0x58, 0x20, 0x63, 0x6f, 0x6d, 0x70, 0x61, 0x74, 0x69, 0x62, 0x69, 0x6c,
    0x69, 0x74, 0x79, 0x20, 0x73, 0x6d, 0x6f, 0x6b, 0x65, 0x20, 0x74, 0x65,
    0x73, 0x74, 0x00, 0x00, 0x4e, 0x41, 0x4d, 0x45, 0x0a, 0x20, 0x20, 0x20,
    0x20, 0x74, 0x74, 0x79, 0x74, 0x65, 0x73, 0x74, 0x20, 0x2d, 0x20, 0x50,
    0x4f, 0x53, 0x49, 0x58, 0x20, 0x63, 0x6f, 0x6d, 0x70, 0x61, 0x74, 0x69,
    0x62, 0x69, 0x6c, 0x69, 0x74, 0x79, 0x20, 0x73, 0x6d, 0x6f, 0x6b, 0x65,
    0x20, 0x74, 0x65, 0x73, 0x74, 0x0a, 0x0a, 0x53, 0x59, 0x4e, 0x4f, 0x50,
    0x53, 0x49, 0x53, 0x0a, 0x20, 0x20, 0x20, 0x20, 0x74, 0x74, 0x79, 0x74,
    0x65, 0x73, 0x74, 0x0a, 0x0a, 0x44, 0x45, 0x53, 0x43, 0x52, 0x49, 0x50,
    0x54, 0x49, 0x4f, 0x4e, 0x0a, 0x20, 0x20, 0x20, 0x20, 0x45, 0x78, 0x65,
    0x72, 0x63, 0x69, 0x73, 0x65, 0x73, 0x20, 0x69, 0x73, 0x61, 0x74, 0x74,
    0x79, 0x28, 0x29, 0x2c, 0x20, 0x67, 0x65, 0x74, 0x70, 0x69, 0x64, 0x28,
    0x29, 0x2c, 0x20, 0x67, 0x65, 0x74, 0x70, 0x70, 0x69, 0x64, 0x28, 0x29,
    0x20, 0x61, 0x6e, 0x64, 0x20, 0x73, 0x74, 0x61, 0x74, 0x28, 0x29, 0x27,
    0x73, 0x20, 0x66, 0x69, 0x6c, 0x65, 0x2d, 0x0a, 0x20, 0x20, 0x20, 0x20,
    0x74, 0x79, 0x70, 0x65, 0x20, 0x62, 0x69, 0x74, 0x73, 0x20, 0x61, 0x67,
    0x61, 0x69, 0x6e, 0x73, 0x74, 0x20, 0x2f, 0x64, 0x65, 0x76, 0x20, 0x61,
    0x6e, 0x64, 0x20, 0x2f, 0x70, 0x72, 0x6f, 0x63, 0x20, 0x61, 0x6e, 0x64,
    0x20, 0x72, 0x65, 0x70, 0x6f, 0x72, 0x74, 0x73, 0x20, 0x74, 0x68, 0x65,
    0x20, 0x72, 0x65, 0x73, 0x75, 0x6c, 0x74, 0x73, 0x2e, 0x0a, 0x20, 0x20,
    0x20, 0x20, 0x41, 0x20, 0x71, 0x75, 0x69, 0x63, 0x6b, 0x20, 0x77, 0x61,
    0x79, 0x20, 0x74, 0x6f, 0x20, 0x73, 0x61, 0x6e, 0x69, 0x74, 0x79, 0x2d,
    0x63, 0x68, 0x65, 0x63, 0x6b, 0x20, 0x74, 0x68, 0x65, 0x20, 0x74, 0x65,
    0x72, 0x6d, 0x69, 0x6e, 0x61, 0x6c, 0x20, 0x61, 0x6e, 0x64, 0x20, 0x56,
    0x46, 0x53, 0x20, 0x70, 0x6c, 0x75, 0x6d, 0x62, 0x69, 0x6e, 0x67, 0x2e,
    0x0a, 0x00, 0x00, 0x00, 0x00, 0x00, 0x00, 0x00, 0x00, 0x00, 0x00, 0x00,
    0x00, 0x00, 0x00, 0x00, 0xf0, 0x04, 0x40, 0x00, 0xf4, 0x04, 0x40, 0x00,
    0x14, 0x05, 0x40, 0x00, 0xcb, 0x07, 0x40, 0x00, 0xd0, 0x07, 0x40, 0x00,
    0xe0, 0x07, 0x40, 0x00, 0x49, 0x0b, 0x40, 0x00, 0x4c, 0x0b, 0x40, 0x00,
    0x74, 0x0b, 0x40, 0x00, 0x4c, 0x0c, 0x40, 0x00, 0x54, 0x0c, 0x40, 0x00,
    0x84, 0x0c, 0x40, 0x00, 0x43, 0x0d, 0x40, 0x00, 0x48, 0x0d, 0x40, 0x00,
    0x70, 0x0d, 0x40, 0x00, 0x56, 0x0e, 0x40, 0x00, 0x59, 0x0e, 0x40, 0x00,
    0x78, 0x0e, 0x40, 0x00, 0xb7, 0x0f, 0x40, 0x00, 0xc0, 0x0f, 0x40, 0x00,
    0xe4, 0x0f, 0x40, 0x00, 0x46, 0x11, 0x40, 0x00, 0x4c, 0x11, 0x40, 0x00,
    0x74, 0x11, 0x40, 0x00, 0x52, 0x12, 0x40, 0x00, 0x57, 0x12, 0x40, 0x00,
    0x70, 0x12, 0x40, 0x00, 0xab, 0x13, 0x40, 0x00, 0xb0, 0x13, 0x40, 0x00,
    0xc8, 0x13, 0x40, 0x00, 0xc8, 0x14, 0x40, 0x00, 0xd0, 0x14, 0x40, 0x00,
    0xf4, 0x14, 0x40, 0x00, 0xf7, 0x15, 0x40, 0x00, 0xfd, 0x15, 0x40, 0x00,
    0x1c, 0x16, 0x40, 0x00, 0xe1, 0x16, 0x40, 0x00, 0xec, 0x16, 0x40, 0x00,
    0x14, 0x17, 0x40, 0x00, 0x98, 0x18, 0x40, 0x00, 0x9b, 0x18, 0x40, 0x00,
    0xb8, 0x18, 0x40, 0x00, 0x7b, 0x19, 0x40, 0x00, 0x82, 0x19, 0x40, 0x00,
    0xa0, 0x19, 0x40, 0x00, 0x2f, 0x1a, 0x40, 0x00, 0x36, 0x1a, 0x40, 0x00,
    0x54, 0x1a, 0x40, 0x00, 0xe2, 0x1a, 0x40, 0x00, 0xea, 0x1a, 0x40, 0x00,
    0x04, 0x1b, 0x40, 0x00, 0x82, 0x1c, 0x40, 0x00, 0x89, 0x1c, 0x40, 0x00,
    0xa4, 0x1c, 0x40, 0x00, 0x94, 0x1d, 0x40, 0x00, 0x98, 0x1d, 0x40, 0x00,
    0xbc, 0x1d, 0x40, 0x00, 0xd2, 0x1e, 0x40, 0x00, 0xdc, 0x1e, 0x40, 0x00,
    0x00, 0x1f, 0x40, 0x00, 0x5e, 0x21, 0x40, 0x00, 0x64, 0x21, 0x40, 0x00,
    0x8c, 0x21, 0x40, 0x00, 0x91, 0x22, 0x40, 0x00, 0x96, 0x22, 0x40, 0x00,
    0xb0, 0x22, 0x40, 0x00, 0x70, 0x23, 0x40, 0x00, 0x76, 0x23, 0x40, 0x00,
    0x94, 0x23, 0x40, 0x00, 0x43, 0x24, 0x40, 0x00, 0x47, 0x24, 0x40, 0x00,
    0x64, 0x24, 0x40, 0x00, 0x05, 0x25, 0x40, 0x00, 0x09, 0x25, 0x40, 0x00,
    0x28, 0x25, 0x40, 0x00, 0x33, 0x26, 0x40, 0x00, 0x36, 0x26, 0x40, 0x00,
    0x50, 0x26, 0x40, 0x00, 0x8d, 0x27, 0x40, 0x00, 0x93, 0x27, 0x40, 0x00,
    0xa8, 0x27, 0x40, 0x00, 0x68, 0x28, 0x40, 0x00, 0x6b, 0x28, 0x40, 0x00,
    0x88, 0x28, 0x40, 0x00, 0xa0, 0x29, 0x40, 0x00, 0xa6, 0x29, 0x40, 0x00,
    0xbc, 0x29, 0x40, 0x00, 0xbb, 0x2a, 0x40, 0x00, 0xc1, 0x2a, 0x40, 0x00,
    0xdc, 0x2a, 0x40, 0x00, 0x1f, 0x2d, 0x40, 0x00, 0x25, 0x2d, 0x40, 0x00,
    0x40, 0x2d, 0x40, 0x00, 0x0c, 0x2e, 0x40, 0x00, 0x0f, 0x2e, 0x40, 0x00,
    0x2c, 0x2e, 0x40, 0x00, 0x28, 0x2f, 0x40, 0x00, 0x30, 0x2f, 0x40, 0x00,
    0x50, 0x2f, 0x40, 0x00, 0x98, 0x30, 0x40, 0x00, 0xa0, 0x30, 0x40, 0x00,
    0xc0, 0x30, 0x40, 0x00, 0x92, 0x31, 0x40, 0x00, 0x98, 0x31, 0x40, 0x00,
    0xb8, 0x31, 0x40, 0x00, 0x11, 0x33, 0x40, 0x00, 0x16, 0x33, 0x40, 0x00,
    0x2c, 0x33, 0x40, 0x00, 0x44, 0x34, 0x40, 0x00, 0x47, 0x34, 0x40, 0x00,
    0x54, 0x34, 0x40, 0x00, 0x3d, 0x35, 0x40, 0x00, 0x40, 0x35, 0x40, 0x00,
    0x58, 0x35, 0x40, 0x00, 0x2e, 0x36, 0x40, 0x00, 0x38, 0x36, 0x40, 0x00,
    0x5c, 0x36, 0x40, 0x00, 0x21, 0x37, 0x40, 0x00, 0x2c, 0x37, 0x40, 0x00,
    0x50, 0x37, 0x40, 0x00, 0xaf, 0x38, 0x40, 0x00, 0xb3, 0x38, 0x40, 0x00,
    0xd0, 0x38, 0x40, 0x00, 0x01, 0x3a, 0x40, 0x00, 0x07, 0x3a, 0x40, 0x00,
    0x20, 0x3a, 0x40, 0x00, 0x4a, 0x3c, 0x40, 0x00, 0x4f, 0x3c, 0x40, 0x00,
    0x64, 0x3c, 0x40, 0x00, 0x01, 0x3e, 0x40, 0x00, 0x07, 0x3e, 0x40, 0x00,
    0x20, 0x3e, 0x40, 0x00, 0xe1, 0x3f, 0x40, 0x00, 0xe7, 0x3f, 0x40, 0x00,
    0x04, 0x40, 0x40, 0x00, 0xdd, 0x41, 0x40, 0x00, 0xe3, 0x41, 0x40, 0x00,
    0xfc, 0x41, 0x40, 0x00, 0xf7, 0x42, 0x40, 0x00, 0x00, 0x43, 0x40, 0x00,
    0x20, 0x43, 0x40, 0x00, 0x75, 0x73, 0x61, 0x67, 0x65, 0x3a, 0x20, 0x6d,
    0x61, 0x6e, 0x20, 0x5b, 0x4e, 0x41, 0x4d, 0x45, 0x2e, 0x2e, 0x2e, 0x5d,
    0x0a, 0x00, 0x00, 0x00, 0x20, 0x20, 0x20, 0x20, 0x20, 0x20, 0x20, 0x6d,
    0x61, 0x6e, 0x20, 0x2d, 0x6c, 0x20, 0x7c, 0x20, 0x2d, 0x2d, 0x6c, 0x69,
    0x73, 0x74, 0x20, 0x20, 0x20, 0x20, 0x20, 0x20, 0x6c, 0x69, 0x73, 0x74,
    0x20, 0x61, 0x6c, 0x6c, 0x20, 0x64, 0x6f, 0x63, 0x75, 0x6d, 0x65, 0x6e,
    0x74, 0x65, 0x64, 0x20, 0x63, 0x6f, 0x6d, 0x6d, 0x61, 0x6e, 0x64, 0x73,
    0x0a, 0x00, 0x00, 0x00, 0x20, 0x20, 0x20, 0x20, 0x20, 0x20, 0x20, 0x6d,
    0x61, 0x6e, 0x20, 0x2d, 0x68, 0x20, 0x7c, 0x20, 0x2d, 0x2d, 0x68, 0x65,
    0x6c, 0x70, 0x20, 0x20, 0x20, 0x20, 0x20, 0x20, 0x74, 0x68, 0x69, 0x73,
    0x20, 0x68, 0x65, 0x6c, 0x70, 0x0a, 0x00, 0x56, 0x4e, 0x55, 0x20, 0x6d,
    0x61, 0x6e, 0x75, 0x61, 0x6c, 0x20, 0x70, 0x61, 0x67, 0x65, 0x73, 0x3a,
    0x0a, 0x0a, 0x00, 0x20, 0x20, 0x20, 0x20, 0x00, 0x20, 0x20, 0x2d, 0x20,
    0x20, 0x00, 0x0a, 0x00, 0x0a, 0x54, 0x79, 0x70, 0x65, 0x20, 0x27, 0x6d,
    0x61, 0x6e, 0x20, 0x4e, 0x41, 0x4d, 0x45, 0x27, 0x20, 0x66, 0x6f, 0x72,
    0x20, 0x74, 0x68, 0x65, 0x20, 0x70, 0x61, 0x67, 0x65, 0x20, 0x6f, 0x66,
    0x20, 0x4e, 0x41, 0x4d, 0x45, 0x2e, 0x0a, 0x00, 0x6d, 0x61, 0x6e, 0x3a,
    0x20, 0x6e, 0x6f, 0x20, 0x6d, 0x61, 0x6e, 0x75, 0x61, 0x6c, 0x20, 0x70,
    0x61, 0x67, 0x65, 0x20, 0x66, 0x6f, 0x72, 0x20, 0x00, 0x2d, 0x68, 0x00,
    0x2d, 0x2d, 0x68, 0x65, 0x6c, 0x70, 0x00, 0x00, 0x00, 0x00, 0x00, 0x00,
    0x00, 0x00, 0x00, 0x00, 0x00, 0x00, 0x00, 0x00, 0x00, 0x00, 0x00, 0x00,
    0x01, 0x00, 0x00, 0x00, 0x00, 0x00, 0x00, 0x00, 0x00, 0x00, 0x00, 0x00,
    0x04, 0x00, 0xf1, 0xff, 0x0c, 0x00, 0x00, 0x00, 0x00, 0x00, 0x00, 0x00,
    0x00, 0x00, 0x00, 0x00, 0x04, 0x00, 0xf1, 0xff, 0x12, 0x00, 0x00, 0x00,
    0x94, 0x00, 0x40, 0x00, 0x2e, 0x00, 0x00, 0x00, 0x02, 0x00, 0x01, 0x00,
    0x14, 0x00, 0x00, 0x00, 0xc2, 0x00, 0x40, 0x00, 0x2e, 0x00, 0x00, 0x00,
    0x02, 0x00, 0x01, 0x00, 0x17, 0x00, 0x00, 0x00, 0xd8, 0x04, 0x40, 0x00,
    0x18, 0x00, 0x00, 0x00, 0x01, 0x00, 0x02, 0x00, 0x1f, 0x00, 0x00, 0x00,
    0x40, 0x44, 0x40, 0x00, 0x34, 0x02, 0x00, 0x00, 0x01, 0x00, 0x02, 0x00,
    0x25, 0x00, 0x00, 0x00, 0xf0, 0x00, 0x40, 0x00, 0x4c, 0x00, 0x00, 0x00,
    0x02, 0x00, 0x01, 0x00, 0x2e, 0x00, 0x00, 0x00, 0x3c, 0x01, 0x40, 0x00,
    0x39, 0x00, 0x00, 0x00, 0x02, 0x00, 0x01, 0x00, 0x34, 0x00, 0x00, 0x00,
    0x75, 0x01, 0x40, 0x00, 0xaa, 0x00, 0x00, 0x00, 0x02, 0x00, 0x01, 0x00,
    0x3d, 0x00, 0x00, 0x00, 0x1f, 0x02, 0x40, 0x00, 0xaa, 0x00, 0x00, 0x00,
    0x02, 0x00, 0x01, 0x00, 0x47, 0x00, 0x00, 0x00, 0x00, 0x00, 0x00, 0x00,
    0x00, 0x00, 0x00, 0x00, 0x04, 0x00, 0xf1, 0xff, 0x4f, 0x00, 0x00, 0x00,
    0x00, 0x00, 0x00, 0x00, 0x00, 0x00, 0x00, 0x00, 0x04, 0x00, 0xf1, 0xff,
    0x56, 0x00, 0x00, 0x00, 0x00, 0x00, 0x00, 0x00, 0x00, 0x00, 0x00, 0x00,
    0x04, 0x00, 0xf1, 0xff, 0x5f, 0x00, 0x00, 0x00, 0x00, 0x00, 0x00, 0x00,
    0x00, 0x00, 0x00, 0x00, 0x04, 0x00, 0xf1, 0xff, 0x68, 0x00, 0x00, 0x00,
    0x00, 0x00, 0x00, 0x00, 0x00, 0x00, 0x00, 0x00, 0x04, 0x00, 0xf1, 0xff,
    0x72, 0x00, 0x00, 0x00, 0x45, 0x04, 0x40, 0x00, 0x77, 0x00, 0x00, 0x00,
    0x12, 0x00, 0x01, 0x00, 0x7a, 0x00, 0x00, 0x00, 0xab, 0x03, 0x40, 0x00,
    0x1b, 0x00, 0x00, 0x00, 0x12, 0x00, 0x01, 0x00, 0x80, 0x00, 0x00, 0x00,
    0x00, 0x00, 0x40, 0x00, 0x00, 0x00, 0x00, 0x00, 0x10, 0x00, 0x01, 0x00,
    0x87, 0x00, 0x00, 0x00, 0x13, 0x00, 0x40, 0x00, 0x81, 0x00, 0x00, 0x00,
    0x12, 0x00, 0x01, 0x00, 0x90, 0x00, 0x00, 0x00, 0xc9, 0x02, 0x40, 0x00,
    0xe2, 0x00, 0x00, 0x00, 0x12, 0x00, 0x01, 0x00, 0x95, 0x00, 0x00, 0x00,
    0x06, 0x04, 0x40, 0x00, 0x3f, 0x00, 0x00, 0x00, 0x12, 0x00, 0x01, 0x00,
    0x9c, 0x00, 0x00, 0x00, 0xc6, 0x03, 0x40, 0x00, 0x19, 0x00, 0x00, 0x00,
    0x12, 0x00, 0x01, 0x00, 0xa1, 0x00, 0x00, 0x00, 0xdf, 0x03, 0x40, 0x00,
    0x27, 0x00, 0x00, 0x00, 0x12, 0x00, 0x01, 0x00, 0x00, 0x63, 0x72, 0x74,
    0x30, 0x5f, 0x76, 0x6e, 0x75, 0x2e, 0x63, 0x00, 0x6d, 0x61, 0x6e, 0x2e,
    0x63, 0x00, 0x77, 0x00, 0x77, 0x65, 0x00, 0x61, 0x6c, 0x69, 0x61, 0x73,
    0x65, 0x73, 0x00, 0x70, 0x61, 0x67, 0x65, 0x73, 0x00, 0x69, 0x73, 0x5f,
    0x61, 0x6c, 0x69, 0x61, 0x73, 0x00, 0x75, 0x73, 0x61, 0x67, 0x65, 0x00,
    0x6c, 0x69, 0x73, 0x74, 0x5f, 0x61, 0x6c, 0x6c, 0x00, 0x73, 0x68, 0x6f,
    0x77, 0x5f, 0x70, 0x61, 0x67, 0x65, 0x00, 0x77, 0x72, 0x69, 0x74, 0x65,
    0x2e, 0x63, 0x00, 0x65, 0x78, 0x69, 0x74, 0x2e, 0x63, 0x00, 0x73, 0x74,
    0x72, 0x6c, 0x65, 0x6e, 0x2e, 0x63, 0x00, 0x73, 0x74, 0x72, 0x63, 0x6d,
    0x70, 0x2e, 0x63, 0x00, 0x73, 0x79, 0x73, 0x63, 0x61, 0x6c, 0x6c, 0x2e,
    0x63, 0x00, 0x73, 0x79, 0x73, 0x63, 0x61, 0x6c, 0x6c, 0x00, 0x77, 0x72,
    0x69, 0x74, 0x65, 0x00, 0x5f, 0x73, 0x74, 0x61, 0x72, 0x74, 0x00, 0x5f,
    0x73, 0x74, 0x61, 0x72, 0x74, 0x5f, 0x63, 0x00, 0x6d, 0x61, 0x69, 0x6e,
    0x00, 0x73, 0x74, 0x72, 0x63, 0x6d, 0x70, 0x00, 0x65, 0x78, 0x69, 0x74,
    0x00, 0x73, 0x74, 0x72, 0x6c, 0x65, 0x6e, 0x00, 0x00, 0x2e, 0x73, 0x79,
    0x6d, 0x74, 0x61, 0x62, 0x00, 0x2e, 0x73, 0x74, 0x72, 0x74, 0x61, 0x62,
    0x00, 0x2e, 0x73, 0x68, 0x73, 0x74, 0x72, 0x74, 0x61, 0x62, 0x00, 0x2e,
    0x74, 0x65, 0x78, 0x74, 0x00, 0x2e, 0x72, 0x6f, 0x64, 0x61, 0x74, 0x61,
    0x00, 0x00, 0x00, 0x00, 0x00, 0x00, 0x00, 0x00, 0x00, 0x00, 0x00, 0x00,
    0x00, 0x00, 0x00, 0x00, 0x00, 0x00, 0x00, 0x00, 0x00, 0x00, 0x00, 0x00,
    0x00, 0x00, 0x00, 0x00, 0x00, 0x00, 0x00, 0x00, 0x00, 0x00, 0x00, 0x00,
    0x00, 0x00, 0x00, 0x00, 0x00, 0x00, 0x00, 0x00, 0x1b, 0x00, 0x00, 0x00,
    0x01, 0x00, 0x00, 0x00, 0x06, 0x00, 0x00, 0x00, 0x00, 0x00, 0x40, 0x00,
    0x00, 0x10, 0x00, 0x00, 0xbc, 0x04, 0x00, 0x00, 0x00, 0x00, 0x00, 0x00,
    0x00, 0x00, 0x00, 0x00, 0x01, 0x00, 0x00, 0x00, 0x00, 0x00, 0x00, 0x00,
    0x21, 0x00, 0x00, 0x00, 0x01, 0x00, 0x00, 0x00, 0x02, 0x00, 0x00, 0x00,
    0xc0, 0x04, 0x40, 0x00, 0xc0, 0x14, 0x00, 0x00, 0x9b, 0x42, 0x00, 0x00,
    0x00, 0x00, 0x00, 0x00, 0x00, 0x00, 0x00, 0x00, 0x20, 0x00, 0x00, 0x00,
    0x00, 0x00, 0x00, 0x00, 0x01, 0x00, 0x00, 0x00, 0x02, 0x00, 0x00, 0x00,
    0x00, 0x00, 0x00, 0x00, 0x00, 0x00, 0x00, 0x00, 0x5c, 0x57, 0x00, 0x00,
    0x80, 0x01, 0x00, 0x00, 0x04, 0x00, 0x00, 0x00, 0x10, 0x00, 0x00, 0x00,
    0x04, 0x00, 0x00, 0x00, 0x10, 0x00, 0x00, 0x00, 0x09, 0x00, 0x00, 0x00,
    0x03, 0x00, 0x00, 0x00, 0x00, 0x00, 0x00, 0x00, 0x00, 0x00, 0x00, 0x00,
    0xdc, 0x58, 0x00, 0x00, 0xa8, 0x00, 0x00, 0x00, 0x00, 0x00, 0x00, 0x00,
    0x00, 0x00, 0x00, 0x00, 0x01, 0x00, 0x00, 0x00, 0x00, 0x00, 0x00, 0x00,
    0x11, 0x00, 0x00, 0x00, 0x03, 0x00, 0x00, 0x00, 0x00, 0x00, 0x00, 0x00,
    0x00, 0x00, 0x00, 0x00, 0x84, 0x59, 0x00, 0x00, 0x29, 0x00, 0x00, 0x00,
    0x00, 0x00, 0x00, 0x00, 0x00, 0x00, 0x00, 0x00, 0x01, 0x00, 0x00, 0x00,
    0x00, 0x00, 0x00, 0x00,
};
static const uint32_t embedded_man_elf_size = 23200;
