#pragma once
#include <stdint.h>
static const uint8_t embedded_calc_elf[] = {
    0x7f, 0x45, 0x4c, 0x46, 0x01, 0x01, 0x01, 0x00, 0x00, 0x00, 0x00, 0x00,
    0x00, 0x00, 0x00, 0x00, 0x02, 0x00, 0x03, 0x00, 0x01, 0x00, 0x00, 0x00,
    0x00, 0x00, 0x40, 0x00, 0x34, 0x00, 0x00, 0x00, 0x0c, 0x41, 0x00, 0x00,
    0x00, 0x00, 0x00, 0x00, 0x34, 0x00, 0x20, 0x00, 0x02, 0x00, 0x28, 0x00,
    0x08, 0x00, 0x07, 0x00, 0x01, 0x00, 0x00, 0x00, 0x00, 0x10, 0x00, 0x00,
    0x00, 0x00, 0x40, 0x00, 0x00, 0x00, 0x40, 0x00, 0xf8, 0x29, 0x00, 0x00,
    0xa4, 0xd1, 0x00, 0x00, 0x07, 0x00, 0x00, 0x00, 0x00, 0x10, 0x00, 0x00,
    0x51, 0xe5, 0x74, 0x64, 0x00, 0x00, 0x00, 0x00, 0x00, 0x00, 0x00, 0x00,
    0x00, 0x00, 0x00, 0x00, 0x00, 0x00, 0x00, 0x00, 0x00, 0x00, 0x00, 0x00,
    0x06, 0x00, 0x00, 0x00, 0x10, 0x00, 0x00, 0x00, 0x00, 0x00, 0x00, 0x00,
    0x00, 0x00, 0x00, 0x00, 0x00, 0x00, 0x00, 0x00, 0x00, 0x00, 0x00, 0x00,
    0x00, 0x00, 0x00, 0x00, 0x00, 0x00, 0x00, 0x00, 0x00, 0x00, 0x00, 0x00,
    0x00, 0x00, 0x00, 0x00, 0x00, 0x00, 0x00, 0x00, 0x00, 0x00, 0x00, 0x00,
    0x00, 0x00, 0x00, 0x00, 0x00, 0x00, 0x00, 0x00, 0x00, 0x00, 0x00, 0x00,
    0x00, 0x00, 0x00, 0x00, 0x00, 0x00, 0x00, 0x00, 0x00, 0x00, 0x00, 0x00,
    0x00, 0x00, 0x00, 0x00, 0x00, 0x00, 0x00, 0x00, 0x00, 0x00, 0x00, 0x00,
    0x00, 0x00, 0x00, 0x00, 0x00, 0x00, 0x00, 0x00, 0x00, 0x00, 0x00, 0x00,
    0x00, 0x00, 0x00, 0x00, 0x00, 0x00, 0x00, 0x00, 0x00, 0x00, 0x00, 0x00,
    0x00, 0x00, 0x00, 0x00, 0x00, 0x00, 0x00, 0x00, 0x00, 0x00, 0x00, 0x00,
    0x00, 0x00, 0x00, 0x00, 0x00, 0x00, 0x00, 0x00, 0x00, 0x00, 0x00, 0x00,
    0x00, 0x00, 0x00, 0x00, 0x00, 0x00, 0x00, 0x00, 0x00, 0x00, 0x00, 0x00,
    0x00, 0x00, 0x00, 0x00, 0x00, 0x00, 0x00, 0x00, 0x00, 0x00, 0x00, 0x00,
    0x00, 0x00, 0x00, 0x00, 0x00, 0x00, 0x00, 0x00, 0x00, 0x00, 0x00, 0x00,
    0x00, 0x00, 0x00, 0x00, 0x00, 0x00, 0x00, 0x00, 0x00, 0x00, 0x00, 0x00,
    0x00, 0x00, 0x00, 0x00, 0x00, 0x00, 0x00, 0x00, 0x00, 0x00, 0x00, 0x00,
    0x00, 0x00, 0x00, 0x00, 0x00, 0x00, 0x00, 0x00, 0x00, 0x00, 0x00, 0x00,
    0x00, 0x00, 0x00, 0x00, 0x00, 0x00, 0x00, 0x00, 0x00, 0x00, 0x00, 0x00,
    0x00, 0x00, 0x00, 0x00, 0x00, 0x00, 0x00, 0x00, 0x00, 0x00, 0x00, 0x00,
    0x00, 0x00, 0x00, 0x00, 0x00, 0x00, 0x00, 0x00, 0x00, 0x00, 0x00, 0x00,
    0x00, 0x00, 0x00, 0x00, 0x00, 0x00, 0x00, 0x00, 0x00, 0x00, 0x00, 0x00,
    0x00, 0x00, 0x00, 0x00, 0x00, 0x00, 0x00, 0x00, 0x00, 0x00, 0x00, 0x00,
    0x00, 0x00, 0x00, 0x00, 0x00, 0x00, 0x00, 0x00, 0x00, 0x00, 0x00, 0x00,
    0x00, 0x00, 0x00, 0x00, 0x00, 0x00, 0x00, 0x00, 0x00, 0x00, 0x00, 0x00,
    0x00, 0x00, 0x00, 0x00, 0x00, 0x00, 0x00, 0x00, 0x00, 0x00, 0x00, 0x00,
    0x00, 0x00, 0x00, 0x00, 0x00, 0x00, 0x00, 0x00, 0x00, 0x00, 0x00, 0x00,
    0x00, 0x00, 0x00, 0x00, 0x00, 0x00, 0x00, 0x00, 0x00, 0x00, 0x00, 0x00,
    0x00, 0x00, 0x00, 0x00, 0x00, 0x00, 0x00, 0x00, 0x00, 0x00, 0x00, 0x00,
    0x00, 0x00, 0x00, 0x00, 0x00, 0x00, 0x00, 0x00, 0x00, 0x00, 0x00, 0x00,
    0x00, 0x00, 0x00, 0x00, 0x00, 0x00, 0x00, 0x00, 0x00, 0x00, 0x00, 0x00,
    0x00, 0x00, 0x00, 0x00, 0x00, 0x00, 0x00, 0x00, 0x00, 0x00, 0x00, 0x00,
    0x00, 0x00, 0x00, 0x00, 0x00, 0x00, 0x00, 0x00, 0x00, 0x00, 0x00, 0x00,
    0x00, 0x00, 0x00, 0x00, 0x00, 0x00, 0x00, 0x00, 0x00, 0x00, 0x00, 0x00,
    0x00, 0x00, 0x00, 0x00, 0x00, 0x00, 0x00, 0x00, 0x00, 0x00, 0x00, 0x00,
    0x00, 0x00, 0x00, 0x00, 0x00, 0x00, 0x00, 0x00, 0x00, 0x00, 0x00, 0x00,
    0x00, 0x00, 0x00, 0x00, 0x00, 0x00, 0x00, 0x00, 0x00, 0x00, 0x00, 0x00,
    0x00, 0x00, 0x00, 0x00, 0x00, 0x00, 0x00, 0x00, 0x00, 0x00, 0x00, 0x00,
    0x00, 0x00, 0x00, 0x00, 0x00, 0x00, 0x00, 0x00, 0x00, 0x00, 0x00, 0x00,
    0x00, 0x00, 0x00, 0x00, 0x00, 0x00, 0x00, 0x00, 0x00, 0x00, 0x00, 0x00,
    0x00, 0x00, 0x00, 0x00, 0x00, 0x00, 0x00, 0x00, 0x00, 0x00, 0x00, 0x00,
    0x00, 0x00, 0x00, 0x00, 0x00, 0x00, 0x00, 0x00, 0x00, 0x00, 0x00, 0x00,
    0x00, 0x00, 0x00, 0x00, 0x00, 0x00, 0x00, 0x00, 0x00, 0x00, 0x00, 0x00,
    0x00, 0x00, 0x00, 0x00, 0x00, 0x00, 0x00, 0x00, 0x00, 0x00, 0x00, 0x00,
    0x00, 0x00, 0x00, 0x00, 0x00, 0x00, 0x00, 0x00, 0x00, 0x00, 0x00, 0x00,
    0x00, 0x00, 0x00, 0x00, 0x00, 0x00, 0x00, 0x00, 0x00, 0x00, 0x00, 0x00,
    0x00, 0x00, 0x00, 0x00, 0x00, 0x00, 0x00, 0x00, 0x00, 0x00, 0x00, 0x00,
    0x00, 0x00, 0x00, 0x00, 0x00, 0x00, 0x00, 0x00, 0x00, 0x00, 0x00, 0x00,
    0x00, 0x00, 0x00, 0x00, 0x00, 0x00, 0x00, 0x00, 0x00, 0x00, 0x00, 0x00,
    0x00, 0x00, 0x00, 0x00, 0x00, 0x00, 0x00, 0x00, 0x00, 0x00, 0x00, 0x00,
    0x00, 0x00, 0x00, 0x00, 0x00, 0x00, 0x00, 0x00, 0x00, 0x00, 0x00, 0x00,
    0x00, 0x00, 0x00, 0x00, 0x00, 0x00, 0x00, 0x00, 0x00, 0x00, 0x00, 0x00,
    0x00, 0x00, 0x00, 0x00, 0x00, 0x00, 0x00, 0x00, 0x00, 0x00, 0x00, 0x00,
    0x00, 0x00, 0x00, 0x00, 0x00, 0x00, 0x00, 0x00, 0x00, 0x00, 0x00, 0x00,
    0x00, 0x00, 0x00, 0x00, 0x00, 0x00, 0x00, 0x00, 0x00, 0x00, 0x00, 0x00,
    0x00, 0x00, 0x00, 0x00, 0x00, 0x00, 0x00, 0x00, 0x00, 0x00, 0x00, 0x00,
    0x00, 0x00, 0x00, 0x00, 0x00, 0x00, 0x00, 0x00, 0x00, 0x00, 0x00, 0x00,
    0x00, 0x00, 0x00, 0x00, 0x00, 0x00, 0x00, 0x00, 0x00, 0x00, 0x00, 0x00,
    0x00, 0x00, 0x00, 0x00, 0x00, 0x00, 0x00, 0x00, 0x00, 0x00, 0x00, 0x00,
    0x00, 0x00, 0x00, 0x00, 0x00, 0x00, 0x00, 0x00, 0x00, 0x00, 0x00, 0x00,
    0x00, 0x00, 0x00, 0x00, 0x00, 0x00, 0x00, 0x00, 0x00, 0x00, 0x00, 0x00,
    0x00, 0x00, 0x00, 0x00, 0x00, 0x00, 0x00, 0x00, 0x00, 0x00, 0x00, 0x00,
    0x00, 0x00, 0x00, 0x00, 0x00, 0x00, 0x00, 0x00, 0x00, 0x00, 0x00, 0x00,
    0x00, 0x00, 0x00, 0x00, 0x00, 0x00, 0x00, 0x00, 0x00, 0x00, 0x00, 0x00,
    0x00, 0x00, 0x00, 0x00, 0x00, 0x00, 0x00, 0x00, 0x00, 0x00, 0x00, 0x00,
    0x00, 0x00, 0x00, 0x00, 0x00, 0x00, 0x00, 0x00, 0x00, 0x00, 0x00, 0x00,
    0x00, 0x00, 0x00, 0x00, 0x00, 0x00, 0x00, 0x00, 0x00, 0x00, 0x00, 0x00,
    0x00, 0x00, 0x00, 0x00, 0x00, 0x00, 0x00, 0x00, 0x00, 0x00, 0x00, 0x00,
    0x00, 0x00, 0x00, 0x00, 0x00, 0x00, 0x00, 0x00, 0x00, 0x00, 0x00, 0x00,
    0x00, 0x00, 0x00, 0x00, 0x00, 0x00, 0x00, 0x00, 0x00, 0x00, 0x00, 0x00,
    0x00, 0x00, 0x00, 0x00, 0x00, 0x00, 0x00, 0x00, 0x00, 0x00, 0x00, 0x00,
    0x00, 0x00, 0x00, 0x00, 0x00, 0x00, 0x00, 0x00, 0x00, 0x00, 0x00, 0x00,
    0x00, 0x00, 0x00, 0x00, 0x00, 0x00, 0x00, 0x00, 0x00, 0x00, 0x00, 0x00,
    0x00, 0x00, 0x00, 0x00, 0x00, 0x00, 0x00, 0x00, 0x00, 0x00, 0x00, 0x00,
    0x00, 0x00, 0x00, 0x00, 0x00, 0x00, 0x00, 0x00, 0x00, 0x00, 0x00, 0x00,
    0x00, 0x00, 0x00, 0x00, 0x00, 0x00, 0x00, 0x00, 0x00, 0x00, 0x00, 0x00,
    0x00, 0x00, 0x00, 0x00, 0x00, 0x00, 0x00, 0x00, 0x00, 0x00, 0x00, 0x00,
    0x00, 0x00, 0x00, 0x00, 0x00, 0x00, 0x00, 0x00, 0x00, 0x00, 0x00, 0x00,
    0x00, 0x00, 0x00, 0x00, 0x00, 0x00, 0x00, 0x00, 0x00, 0x00, 0x00, 0x00,
    0x00, 0x00, 0x00, 0x00, 0x00, 0x00, 0x00, 0x00, 0x00, 0x00, 0x00, 0x00,
    0x00, 0x00, 0x00, 0x00, 0x00, 0x00, 0x00, 0x00, 0x00, 0x00, 0x00, 0x00,
    0x00, 0x00, 0x00, 0x00, 0x00, 0x00, 0x00, 0x00, 0x00, 0x00, 0x00, 0x00,
    0x00, 0x00, 0x00, 0x00, 0x00, 0x00, 0x00, 0x00, 0x00, 0x00, 0x00, 0x00,
    0x00, 0x00, 0x00, 0x00, 0x00, 0x00, 0x00, 0x00, 0x00, 0x00, 0x00, 0x00,
    0x00, 0x00, 0x00, 0x00, 0x00, 0x00, 0x00, 0x00, 0x00, 0x00, 0x00, 0x00,
    0x00, 0x00, 0x00, 0x00, 0x00, 0x00, 0x00, 0x00, 0x00, 0x00, 0x00, 0x00,
    0x00, 0x00, 0x00, 0x00, 0x00, 0x00, 0x00, 0x00, 0x00, 0x00, 0x00, 0x00,
    0x00, 0x00, 0x00, 0x00, 0x00, 0x00, 0x00, 0x00, 0x00, 0x00, 0x00, 0x00,
    0x00, 0x00, 0x00, 0x00, 0x00, 0x00, 0x00, 0x00, 0x00, 0x00, 0x00, 0x00,
    0x00, 0x00, 0x00, 0x00, 0x00, 0x00, 0x00, 0x00, 0x00, 0x00, 0x00, 0x00,
    0x00, 0x00, 0x00, 0x00, 0x00, 0x00, 0x00, 0x00, 0x00, 0x00, 0x00, 0x00,
    0x00, 0x00, 0x00, 0x00, 0x00, 0x00, 0x00, 0x00, 0x00, 0x00, 0x00, 0x00,
    0x00, 0x00, 0x00, 0x00, 0x00, 0x00, 0x00, 0x00, 0x00, 0x00, 0x00, 0x00,
    0x00, 0x00, 0x00, 0x00, 0x00, 0x00, 0x00, 0x00, 0x00, 0x00, 0x00, 0x00,
    0x00, 0x00, 0x00, 0x00, 0x00, 0x00, 0x00, 0x00, 0x00, 0x00, 0x00, 0x00,
    0x00, 0x00, 0x00, 0x00, 0x00, 0x00, 0x00, 0x00, 0x00, 0x00, 0x00, 0x00,
    0x00, 0x00, 0x00, 0x00, 0x00, 0x00, 0x00, 0x00, 0x00, 0x00, 0x00, 0x00,
    0x00, 0x00, 0x00, 0x00, 0x00, 0x00, 0x00, 0x00, 0x00, 0x00, 0x00, 0x00,
    0x00, 0x00, 0x00, 0x00, 0x00, 0x00, 0x00, 0x00, 0x00, 0x00, 0x00, 0x00,
    0x00, 0x00, 0x00, 0x00, 0x00, 0x00, 0x00, 0x00, 0x00, 0x00, 0x00, 0x00,
    0x00, 0x00, 0x00, 0x00, 0x00, 0x00, 0x00, 0x00, 0x00, 0x00, 0x00, 0x00,
    0x00, 0x00, 0x00, 0x00, 0x00, 0x00, 0x00, 0x00, 0x00, 0x00, 0x00, 0x00,
    0x00, 0x00, 0x00, 0x00, 0x00, 0x00, 0x00, 0x00, 0x00, 0x00, 0x00, 0x00,
    0x00, 0x00, 0x00, 0x00, 0x00, 0x00, 0x00, 0x00, 0x00, 0x00, 0x00, 0x00,
    0x00, 0x00, 0x00, 0x00, 0x00, 0x00, 0x00, 0x00, 0x00, 0x00, 0x00, 0x00,
    0x00, 0x00, 0x00, 0x00, 0x00, 0x00, 0x00, 0x00, 0x00, 0x00, 0x00, 0x00,
    0x00, 0x00, 0x00, 0x00, 0x00, 0x00, 0x00, 0x00, 0x00, 0x00, 0x00, 0x00,
    0x00, 0x00, 0x00, 0x00, 0x00, 0x00, 0x00, 0x00, 0x00, 0x00, 0x00, 0x00,
    0x00, 0x00, 0x00, 0x00, 0x00, 0x00, 0x00, 0x00, 0x00, 0x00, 0x00, 0x00,
    0x00, 0x00, 0x00, 0x00, 0x00, 0x00, 0x00, 0x00, 0x00, 0x00, 0x00, 0x00,
    0x00, 0x00, 0x00, 0x00, 0x00, 0x00, 0x00, 0x00, 0x00, 0x00, 0x00, 0x00,
    0x00, 0x00, 0x00, 0x00, 0x00, 0x00, 0x00, 0x00, 0x00, 0x00, 0x00, 0x00,
    0x00, 0x00, 0x00, 0x00, 0x00, 0x00, 0x00, 0x00, 0x00, 0x00, 0x00, 0x00,
    0x00, 0x00, 0x00, 0x00, 0x00, 0x00, 0x00, 0x00, 0x00, 0x00, 0x00, 0x00,
    0x00, 0x00, 0x00, 0x00, 0x00, 0x00, 0x00, 0x00, 0x00, 0x00, 0x00, 0x00,
    0x00, 0x00, 0x00, 0x00, 0x00, 0x00, 0x00, 0x00, 0x00, 0x00, 0x00, 0x00,
    0x00, 0x00, 0x00, 0x00, 0x00, 0x00, 0x00, 0x00, 0x00, 0x00, 0x00, 0x00,
    0x00, 0x00, 0x00, 0x00, 0x00, 0x00, 0x00, 0x00, 0x00, 0x00, 0x00, 0x00,
    0x00, 0x00, 0x00, 0x00, 0x00, 0x00, 0x00, 0x00, 0x00, 0x00, 0x00, 0x00,
    0x00, 0x00, 0x00, 0x00, 0x00, 0x00, 0x00, 0x00, 0x00, 0x00, 0x00, 0x00,
    0x00, 0x00, 0x00, 0x00, 0x00, 0x00, 0x00, 0x00, 0x00, 0x00, 0x00, 0x00,
    0x00, 0x00, 0x00, 0x00, 0x00, 0x00, 0x00, 0x00, 0x00, 0x00, 0x00, 0x00,
    0x00, 0x00, 0x00, 0x00, 0x00, 0x00, 0x00, 0x00, 0x00, 0x00, 0x00, 0x00,
    0x00, 0x00, 0x00, 0x00, 0x00, 0x00, 0x00, 0x00, 0x00, 0x00, 0x00, 0x00,
    0x00, 0x00, 0x00, 0x00, 0x00, 0x00, 0x00, 0x00, 0x00, 0x00, 0x00, 0x00,
    0x00, 0x00, 0x00, 0x00, 0x00, 0x00, 0x00, 0x00, 0x00, 0x00, 0x00, 0x00,
    0x00, 0x00, 0x00, 0x00, 0x00, 0x00, 0x00, 0x00, 0x00, 0x00, 0x00, 0x00,
    0x00, 0x00, 0x00, 0x00, 0x00, 0x00, 0x00, 0x00, 0x00, 0x00, 0x00, 0x00,
    0x00, 0x00, 0x00, 0x00, 0x00, 0x00, 0x00, 0x00, 0x00, 0x00, 0x00, 0x00,
    0x00, 0x00, 0x00, 0x00, 0x00, 0x00, 0x00, 0x00, 0x00, 0x00, 0x00, 0x00,
    0x00, 0x00, 0x00, 0x00, 0x00, 0x00, 0x00, 0x00, 0x00, 0x00, 0x00, 0x00,
    0x00, 0x00, 0x00, 0x00, 0x00, 0x00, 0x00, 0x00, 0x00, 0x00, 0x00, 0x00,
    0x00, 0x00, 0x00, 0x00, 0x00, 0x00, 0x00, 0x00, 0x00, 0x00, 0x00, 0x00,
    0x00, 0x00, 0x00, 0x00, 0x00, 0x00, 0x00, 0x00, 0x00, 0x00, 0x00, 0x00,
    0x00, 0x00, 0x00, 0x00, 0x00, 0x00, 0x00, 0x00, 0x00, 0x00, 0x00, 0x00,
    0x00, 0x00, 0x00, 0x00, 0x00, 0x00, 0x00, 0x00, 0x00, 0x00, 0x00, 0x00,
    0x00, 0x00, 0x00, 0x00, 0x00, 0x00, 0x00, 0x00, 0x00, 0x00, 0x00, 0x00,
    0x00, 0x00, 0x00, 0x00, 0x00, 0x00, 0x00, 0x00, 0x00, 0x00, 0x00, 0x00,
    0x00, 0x00, 0x00, 0x00, 0x00, 0x00, 0x00, 0x00, 0x00, 0x00, 0x00, 0x00,
    0x00, 0x00, 0x00, 0x00, 0x00, 0x00, 0x00, 0x00, 0x00, 0x00, 0x00, 0x00,
    0x00, 0x00, 0x00, 0x00, 0x00, 0x00, 0x00, 0x00, 0x00, 0x00, 0x00, 0x00,
    0x00, 0x00, 0x00, 0x00, 0x00, 0x00, 0x00, 0x00, 0x00, 0x00, 0x00, 0x00,
    0x00, 0x00, 0x00, 0x00, 0x00, 0x00, 0x00, 0x00, 0x00, 0x00, 0x00, 0x00,
    0x00, 0x00, 0x00, 0x00, 0x00, 0x00, 0x00, 0x00, 0x00, 0x00, 0x00, 0x00,
    0x00, 0x00, 0x00, 0x00, 0x00, 0x00, 0x00, 0x00, 0x00, 0x00, 0x00, 0x00,
    0x00, 0x00, 0x00, 0x00, 0x00, 0x00, 0x00, 0x00, 0x00, 0x00, 0x00, 0x00,
    0x00, 0x00, 0x00, 0x00, 0x00, 0x00, 0x00, 0x00, 0x00, 0x00, 0x00, 0x00,
    0x00, 0x00, 0x00, 0x00, 0x00, 0x00, 0x00, 0x00, 0x00, 0x00, 0x00, 0x00,
    0x00, 0x00, 0x00, 0x00, 0x00, 0x00, 0x00, 0x00, 0x00, 0x00, 0x00, 0x00,
    0x00, 0x00, 0x00, 0x00, 0x00, 0x00, 0x00, 0x00, 0x00, 0x00, 0x00, 0x00,
    0x00, 0x00, 0x00, 0x00, 0x00, 0x00, 0x00, 0x00, 0x00, 0x00, 0x00, 0x00,
    0x00, 0x00, 0x00, 0x00, 0x00, 0x00, 0x00, 0x00, 0x00, 0x00, 0x00, 0x00,
    0x00, 0x00, 0x00, 0x00, 0x00, 0x00, 0x00, 0x00, 0x00, 0x00, 0x00, 0x00,
    0x00, 0x00, 0x00, 0x00, 0x00, 0x00, 0x00, 0x00, 0x00, 0x00, 0x00, 0x00,
    0x00, 0x00, 0x00, 0x00, 0x00, 0x00, 0x00, 0x00, 0x00, 0x00, 0x00, 0x00,
    0x00, 0x00, 0x00, 0x00, 0x00, 0x00, 0x00, 0x00, 0x00, 0x00, 0x00, 0x00,
    0x00, 0x00, 0x00, 0x00, 0x00, 0x00, 0x00, 0x00, 0x00, 0x00, 0x00, 0x00,
    0x00, 0x00, 0x00, 0x00, 0x00, 0x00, 0x00, 0x00, 0x00, 0x00, 0x00, 0x00,
    0x00, 0x00, 0x00, 0x00, 0x00, 0x00, 0x00, 0x00, 0x00, 0x00, 0x00, 0x00,
    0x00, 0x00, 0x00, 0x00, 0x00, 0x00, 0x00, 0x00, 0x00, 0x00, 0x00, 0x00,
    0x00, 0x00, 0x00, 0x00, 0x00, 0x00, 0x00, 0x00, 0x00, 0x00, 0x00, 0x00,
    0x00, 0x00, 0x00, 0x00, 0x00, 0x00, 0x00, 0x00, 0x00, 0x00, 0x00, 0x00,
    0x00, 0x00, 0x00, 0x00, 0x00, 0x00, 0x00, 0x00, 0x00, 0x00, 0x00, 0x00,
    0x00, 0x00, 0x00, 0x00, 0x00, 0x00, 0x00, 0x00, 0x00, 0x00, 0x00, 0x00,
    0x00, 0x00, 0x00, 0x00, 0x00, 0x00, 0x00, 0x00, 0x00, 0x00, 0x00, 0x00,
    0x00, 0x00, 0x00, 0x00, 0x00, 0x00, 0x00, 0x00, 0x00, 0x00, 0x00, 0x00,
    0x00, 0x00, 0x00, 0x00, 0x00, 0x00, 0x00, 0x00, 0x00, 0x00, 0x00, 0x00,
    0x00, 0x00, 0x00, 0x00, 0x00, 0x00, 0x00, 0x00, 0x00, 0x00, 0x00, 0x00,
    0x00, 0x00, 0x00, 0x00, 0x00, 0x00, 0x00, 0x00, 0x00, 0x00, 0x00, 0x00,
    0x00, 0x00, 0x00, 0x00, 0x00, 0x00, 0x00, 0x00, 0x00, 0x00, 0x00, 0x00,
    0x00, 0x00, 0x00, 0x00, 0x00, 0x00, 0x00, 0x00, 0x00, 0x00, 0x00, 0x00,
    0x00, 0x00, 0x00, 0x00, 0x00, 0x00, 0x00, 0x00, 0x00, 0x00, 0x00, 0x00,
    0x00, 0x00, 0x00, 0x00, 0x00, 0x00, 0x00, 0x00, 0x00, 0x00, 0x00, 0x00,
    0x00, 0x00, 0x00, 0x00, 0x00, 0x00, 0x00, 0x00, 0x00, 0x00, 0x00, 0x00,
    0x00, 0x00, 0x00, 0x00, 0x00, 0x00, 0x00, 0x00, 0x00, 0x00, 0x00, 0x00,
    0x00, 0x00, 0x00, 0x00, 0x00, 0x00, 0x00, 0x00, 0x00, 0x00, 0x00, 0x00,
    0x00, 0x00, 0x00, 0x00, 0x00, 0x00, 0x00, 0x00, 0x00, 0x00, 0x00, 0x00,
    0x00, 0x00, 0x00, 0x00, 0x00, 0x00, 0x00, 0x00, 0x00, 0x00, 0x00, 0x00,
    0x00, 0x00, 0x00, 0x00, 0x00, 0x00, 0x00, 0x00, 0x00, 0x00, 0x00, 0x00,
    0x00, 0x00, 0x00, 0x00, 0x00, 0x00, 0x00, 0x00, 0x00, 0x00, 0x00, 0x00,
    0x00, 0x00, 0x00, 0x00, 0x00, 0x00, 0x00, 0x00, 0x00, 0x00, 0x00, 0x00,
    0x00, 0x00, 0x00, 0x00, 0x00, 0x00, 0x00, 0x00, 0x00, 0x00, 0x00, 0x00,
    0x00, 0x00, 0x00, 0x00, 0x00, 0x00, 0x00, 0x00, 0x00, 0x00, 0x00, 0x00,
    0x00, 0x00, 0x00, 0x00, 0x00, 0x00, 0x00, 0x00, 0x00, 0x00, 0x00, 0x00,
    0x00, 0x00, 0x00, 0x00, 0x00, 0x00, 0x00, 0x00, 0x00, 0x00, 0x00, 0x00,
    0x00, 0x00, 0x00, 0x00, 0x00, 0x00, 0x00, 0x00, 0x00, 0x00, 0x00, 0x00,
    0x00, 0x00, 0x00, 0x00, 0x00, 0x00, 0x00, 0x00, 0x00, 0x00, 0x00, 0x00,
    0x00, 0x00, 0x00, 0x00, 0x00, 0x00, 0x00, 0x00, 0x00, 0x00, 0x00, 0x00,
    0x00, 0x00, 0x00, 0x00, 0x00, 0x00, 0x00, 0x00, 0x00, 0x00, 0x00, 0x00,
    0x00, 0x00, 0x00, 0x00, 0x00, 0x00, 0x00, 0x00, 0x00, 0x00, 0x00, 0x00,
    0x00, 0x00, 0x00, 0x00, 0x00, 0x00, 0x00, 0x00, 0x00, 0x00, 0x00, 0x00,
    0x00, 0x00, 0x00, 0x00, 0x00, 0x00, 0x00, 0x00, 0x00, 0x00, 0x00, 0x00,
    0x00, 0x00, 0x00, 0x00, 0x00, 0x00, 0x00, 0x00, 0x00, 0x00, 0x00, 0x00,
    0x00, 0x00, 0x00, 0x00, 0x00, 0x00, 0x00, 0x00, 0x00, 0x00, 0x00, 0x00,
    0x00, 0x00, 0x00, 0x00, 0x00, 0x00, 0x00, 0x00, 0x00, 0x00, 0x00, 0x00,
    0x00, 0x00, 0x00, 0x00, 0x00, 0x00, 0x00, 0x00, 0x00, 0x00, 0x00, 0x00,
    0x00, 0x00, 0x00, 0x00, 0x00, 0x00, 0x00, 0x00, 0x00, 0x00, 0x00, 0x00,
    0x00, 0x00, 0x00, 0x00, 0x00, 0x00, 0x00, 0x00, 0x00, 0x00, 0x00, 0x00,
    0x00, 0x00, 0x00, 0x00, 0x00, 0x00, 0x00, 0x00, 0x00, 0x00, 0x00, 0x00,
    0x00, 0x00, 0x00, 0x00, 0x00, 0x00, 0x00, 0x00, 0x00, 0x00, 0x00, 0x00,
    0x00, 0x00, 0x00, 0x00, 0x00, 0x00, 0x00, 0x00, 0x00, 0x00, 0x00, 0x00,
    0x00, 0x00, 0x00, 0x00, 0x00, 0x00, 0x00, 0x00, 0x00, 0x00, 0x00, 0x00,
    0x00, 0x00, 0x00, 0x00, 0x00, 0x00, 0x00, 0x00, 0x00, 0x00, 0x00, 0x00,
    0x00, 0x00, 0x00, 0x00, 0x00, 0x00, 0x00, 0x00, 0x00, 0x00, 0x00, 0x00,
    0x00, 0x00, 0x00, 0x00, 0x00, 0x00, 0x00, 0x00, 0x00, 0x00, 0x00, 0x00,
    0x00, 0x00, 0x00, 0x00, 0x00, 0x00, 0x00, 0x00, 0x00, 0x00, 0x00, 0x00,
    0x00, 0x00, 0x00, 0x00, 0x00, 0x00, 0x00, 0x00, 0x00, 0x00, 0x00, 0x00,
    0x00, 0x00, 0x00, 0x00, 0x00, 0x00, 0x00, 0x00, 0x00, 0x00, 0x00, 0x00,
    0x00, 0x00, 0x00, 0x00, 0x00, 0x00, 0x00, 0x00, 0x00, 0x00, 0x00, 0x00,
    0x00, 0x00, 0x00, 0x00, 0x00, 0x00, 0x00, 0x00, 0x00, 0x00, 0x00, 0x00,
    0x00, 0x00, 0x00, 0x00, 0x00, 0x00, 0x00, 0x00, 0x00, 0x00, 0x00, 0x00,
    0x00, 0x00, 0x00, 0x00, 0x00, 0x00, 0x00, 0x00, 0x00, 0x00, 0x00, 0x00,
    0x00, 0x00, 0x00, 0x00, 0x00, 0x00, 0x00, 0x00, 0x00, 0x00, 0x00, 0x00,
    0x00, 0x00, 0x00, 0x00, 0x00, 0x00, 0x00, 0x00, 0x00, 0x00, 0x00, 0x00,
    0x00, 0x00, 0x00, 0x00, 0x00, 0x00, 0x00, 0x00, 0x00, 0x00, 0x00, 0x00,
    0x00, 0x00, 0x00, 0x00, 0x00, 0x00, 0x00, 0x00, 0x00, 0x00, 0x00, 0x00,
    0x00, 0x00, 0x00, 0x00, 0x00, 0x00, 0x00, 0x00, 0x00, 0x00, 0x00, 0x00,
    0x00, 0x00, 0x00, 0x00, 0x00, 0x00, 0x00, 0x00, 0x00, 0x00, 0x00, 0x00,
    0x00, 0x00, 0x00, 0x00, 0x00, 0x00, 0x00, 0x00, 0x00, 0x00, 0x00, 0x00,
    0x00, 0x00, 0x00, 0x00, 0x00, 0x00, 0x00, 0x00, 0x00, 0x00, 0x00, 0x00,
    0x00, 0x00, 0x00, 0x00, 0x00, 0x00, 0x00, 0x00, 0x00, 0x00, 0x00, 0x00,
    0x00, 0x00, 0x00, 0x00, 0x00, 0x00, 0x00, 0x00, 0x00, 0x00, 0x00, 0x00,
    0x00, 0x00, 0x00, 0x00, 0x00, 0x00, 0x00, 0x00, 0x00, 0x00, 0x00, 0x00,
    0x00, 0x00, 0x00, 0x00, 0x00, 0x00, 0x00, 0x00, 0x00, 0x00, 0x00, 0x00,
    0x00, 0x00, 0x00, 0x00, 0x00, 0x00, 0x00, 0x00, 0x00, 0x00, 0x00, 0x00,
    0x00, 0x00, 0x00, 0x00, 0x00, 0x00, 0x00, 0x00, 0x00, 0x00, 0x00, 0x00,
    0x00, 0x00, 0x00, 0x00, 0x00, 0x00, 0x00, 0x00, 0x00, 0x00, 0x00, 0x00,
    0x00, 0x00, 0x00, 0x00, 0x00, 0x00, 0x00, 0x00, 0x00, 0x00, 0x00, 0x00,
    0x00, 0x00, 0x00, 0x00, 0x00, 0x00, 0x00, 0x00, 0x00, 0x00, 0x00, 0x00,
    0x00, 0x00, 0x00, 0x00, 0x00, 0x00, 0x00, 0x00, 0x00, 0x00, 0x00, 0x00,
    0x00, 0x00, 0x00, 0x00, 0x00, 0x00, 0x00, 0x00, 0x00, 0x00, 0x00, 0x00,
    0x00, 0x00, 0x00, 0x00, 0x00, 0x00, 0x00, 0x00, 0x00, 0x00, 0x00, 0x00,
    0x00, 0x00, 0x00, 0x00, 0x00, 0x00, 0x00, 0x00, 0x00, 0x00, 0x00, 0x00,
    0x00, 0x00, 0x00, 0x00, 0x00, 0x00, 0x00, 0x00, 0x00, 0x00, 0x00, 0x00,
    0x00, 0x00, 0x00, 0x00, 0x00, 0x00, 0x00, 0x00, 0x00, 0x00, 0x00, 0x00,
    0x00, 0x00, 0x00, 0x00, 0x00, 0x00, 0x00, 0x00, 0x00, 0x00, 0x00, 0x00,
    0x00, 0x00, 0x00, 0x00, 0x00, 0x00, 0x00, 0x00, 0x00, 0x00, 0x00, 0x00,
    0x00, 0x00, 0x00, 0x00, 0x00, 0x00, 0x00, 0x00, 0x00, 0x00, 0x00, 0x00,
    0x00, 0x00, 0x00, 0x00, 0x00, 0x00, 0x00, 0x00, 0x00, 0x00, 0x00, 0x00,
    0x00, 0x00, 0x00, 0x00, 0x00, 0x00, 0x00, 0x00, 0x00, 0x00, 0x00, 0x00,
    0x00, 0x00, 0x00, 0x00, 0x00, 0x00, 0x00, 0x00, 0x00, 0x00, 0x00, 0x00,
    0x00, 0x00, 0x00, 0x00, 0x00, 0x00, 0x00, 0x00, 0x00, 0x00, 0x00, 0x00,
    0x00, 0x00, 0x00, 0x00, 0x00, 0x00, 0x00, 0x00, 0x00, 0x00, 0x00, 0x00,
    0x00, 0x00, 0x00, 0x00, 0x00, 0x00, 0x00, 0x00, 0x00, 0x00, 0x00, 0x00,
    0x00, 0x00, 0x00, 0x00, 0x00, 0x00, 0x00, 0x00, 0x00, 0x00, 0x00, 0x00,
    0x00, 0x00, 0x00, 0x00, 0x00, 0x00, 0x00, 0x00, 0x00, 0x00, 0x00, 0x00,
    0x00, 0x00, 0x00, 0x00, 0x00, 0x00, 0x00, 0x00, 0x00, 0x00, 0x00, 0x00,
    0x00, 0x00, 0x00, 0x00, 0x00, 0x00, 0x00, 0x00, 0x00, 0x00, 0x00, 0x00,
    0x00, 0x00, 0x00, 0x00, 0x00, 0x00, 0x00, 0x00, 0x00, 0x00, 0x00, 0x00,
    0x00, 0x00, 0x00, 0x00, 0x00, 0x00, 0x00, 0x00, 0x00, 0x00, 0x00, 0x00,
    0x00, 0x00, 0x00, 0x00, 0x00, 0x00, 0x00, 0x00, 0x00, 0x00, 0x00, 0x00,
    0x00, 0x00, 0x00, 0x00, 0x00, 0x00, 0x00, 0x00, 0x00, 0x00, 0x00, 0x00,
    0x00, 0x00, 0x00, 0x00, 0x00, 0x00, 0x00, 0x00, 0x00, 0x00, 0x00, 0x00,
    0x00, 0x00, 0x00, 0x00, 0x00, 0x00, 0x00, 0x00, 0x00, 0x00, 0x00, 0x00,
    0x00, 0x00, 0x00, 0x00, 0x00, 0x00, 0x00, 0x00, 0x00, 0x00, 0x00, 0x00,
    0x00, 0x00, 0x00, 0x00, 0x00, 0x00, 0x00, 0x00, 0x00, 0x00, 0x00, 0x00,
    0x00, 0x00, 0x00, 0x00, 0x00, 0x00, 0x00, 0x00, 0x00, 0x00, 0x00, 0x00,
    0x00, 0x00, 0x00, 0x00, 0x00, 0x00, 0x00, 0x00, 0x00, 0x00, 0x00, 0x00,
    0x00, 0x00, 0x00, 0x00, 0x00, 0x00, 0x00, 0x00, 0x00, 0x00, 0x00, 0x00,
    0x00, 0x00, 0x00, 0x00, 0x00, 0x00, 0x00, 0x00, 0x00, 0x00, 0x00, 0x00,
    0x00, 0x00, 0x00, 0x00, 0x00, 0x00, 0x00, 0x00, 0x00, 0x00, 0x00, 0x00,
    0x00, 0x00, 0x00, 0x00, 0x00, 0x00, 0x00, 0x00, 0x00, 0x00, 0x00, 0x00,
    0x00, 0x00, 0x00, 0x00, 0x00, 0x00, 0x00, 0x00, 0x00, 0x00, 0x00, 0x00,
    0x00, 0x00, 0x00, 0x00, 0x00, 0x00, 0x00, 0x00, 0x00, 0x00, 0x00, 0x00,
    0x00, 0x00, 0x00, 0x00, 0x00, 0x00, 0x00, 0x00, 0x00, 0x00, 0x00, 0x00,
    0x00, 0x00, 0x00, 0x00, 0x00, 0x00, 0x00, 0x00, 0x00, 0x00, 0x00, 0x00,
    0x00, 0x00, 0x00, 0x00, 0x00, 0x00, 0x00, 0x00, 0x00, 0x00, 0x00, 0x00,
    0x00, 0x00, 0x00, 0x00, 0x00, 0x00, 0x00, 0x00, 0x00, 0x00, 0x00, 0x00,
    0x00, 0x00, 0x00, 0x00, 0x00, 0x00, 0x00, 0x00, 0x00, 0x00, 0x00, 0x00,
    0x00, 0x00, 0x00, 0x00, 0x00, 0x00, 0x00, 0x00, 0x00, 0x00, 0x00, 0x00,
    0x00, 0x00, 0x00, 0x00, 0x00, 0x00, 0x00, 0x00, 0x00, 0x00, 0x00, 0x00,
    0x00, 0x00, 0x00, 0x00, 0x00, 0x00, 0x00, 0x00, 0x00, 0x00, 0x00, 0x00,
    0x00, 0x00, 0x00, 0x00, 0x00, 0x00, 0x00, 0x00, 0x00, 0x00, 0x00, 0x00,
    0x00, 0x00, 0x00, 0x00, 0x00, 0x00, 0x00, 0x00, 0x00, 0x00, 0x00, 0x00,
    0x00, 0x00, 0x00, 0x00, 0x00, 0x00, 0x00, 0x00, 0x00, 0x00, 0x00, 0x00,
    0x00, 0x00, 0x00, 0x00, 0x00, 0x00, 0x00, 0x00, 0x00, 0x00, 0x00, 0x00,
    0x00, 0x00, 0x00, 0x00, 0x00, 0x00, 0x00, 0x00, 0x00, 0x00, 0x00, 0x00,
    0x00, 0x00, 0x00, 0x00, 0x00, 0x00, 0x00, 0x00, 0x00, 0x00, 0x00, 0x00,
    0x00, 0x00, 0x00, 0x00, 0x00, 0x00, 0x00, 0x00, 0x00, 0x00, 0x00, 0x00,
    0x00, 0x00, 0x00, 0x00, 0x00, 0x00, 0x00, 0x00, 0x00, 0x00, 0x00, 0x00,
    0x00, 0x00, 0x00, 0x00, 0x00, 0x00, 0x00, 0x00, 0x00, 0x00, 0x00, 0x00,
    0x00, 0x00, 0x00, 0x00, 0x00, 0x00, 0x00, 0x00, 0x00, 0x00, 0x00, 0x00,
    0x00, 0x00, 0x00, 0x00, 0x00, 0x00, 0x00, 0x00, 0x00, 0x00, 0x00, 0x00,
    0x00, 0x00, 0x00, 0x00, 0x00, 0x00, 0x00, 0x00, 0x00, 0x00, 0x00, 0x00,
    0x00, 0x00, 0x00, 0x00, 0x00, 0x00, 0x00, 0x00, 0x00, 0x00, 0x00, 0x00,
    0x00, 0x00, 0x00, 0x00, 0x00, 0x00, 0x00, 0x00, 0x00, 0x00, 0x00, 0x00,
    0x00, 0x00, 0x00, 0x00, 0x00, 0x00, 0x00, 0x00, 0x00, 0x00, 0x00, 0x00,
    0x00, 0x00, 0x00, 0x00, 0x00, 0x00, 0x00, 0x00, 0x00, 0x00, 0x00, 0x00,
    0x00, 0x00, 0x00, 0x00, 0x00, 0x00, 0x00, 0x00, 0x00, 0x00, 0x00, 0x00,
    0x00, 0x00, 0x00, 0x00, 0x00, 0x00, 0x00, 0x00, 0x00, 0x00, 0x00, 0x00,
    0x00, 0x00, 0x00, 0x00, 0x00, 0x00, 0x00, 0x00, 0x00, 0x00, 0x00, 0x00,
    0x00, 0x00, 0x00, 0x00, 0x00, 0x00, 0x00, 0x00, 0x00, 0x00, 0x00, 0x00,
    0x00, 0x00, 0x00, 0x00, 0x00, 0x00, 0x00, 0x00, 0x00, 0x00, 0x00, 0x00,
    0x00, 0x00, 0x00, 0x00, 0x00, 0x00, 0x00, 0x00, 0x00, 0x00, 0x00, 0x00,
    0x00, 0x00, 0x00, 0x00, 0x00, 0x00, 0x00, 0x00, 0x00, 0x00, 0x00, 0x00,
    0x00, 0x00, 0x00, 0x00, 0x00, 0x00, 0x00, 0x00, 0x00, 0x00, 0x00, 0x00,
    0x00, 0x00, 0x00, 0x00, 0x00, 0x00, 0x00, 0x00, 0x00, 0x00, 0x00, 0x00,
    0x00, 0x00, 0x00, 0x00, 0x00, 0x00, 0x00, 0x00, 0x00, 0x00, 0x00, 0x00,
    0x00, 0x00, 0x00, 0x00, 0x00, 0x00, 0x00, 0x00, 0x00, 0x00, 0x00, 0x00,
    0x00, 0x00, 0x00, 0x00, 0x00, 0x00, 0x00, 0x00, 0x00, 0x00, 0x00, 0x00,
    0x00, 0x00, 0x00, 0x00, 0x00, 0x00, 0x00, 0x00, 0x00, 0x00, 0x00, 0x00,
    0x00, 0x00, 0x00, 0x00, 0x00, 0x00, 0x00, 0x00, 0x00, 0x00, 0x00, 0x00,
    0x00, 0x00, 0x00, 0x00, 0x00, 0x00, 0x00, 0x00, 0x00, 0x00, 0x00, 0x00,
    0x00, 0x00, 0x00, 0x00, 0x00, 0x00, 0x00, 0x00, 0x00, 0x00, 0x00, 0x00,
    0x00, 0x00, 0x00, 0x00, 0x00, 0x00, 0x00, 0x00, 0x00, 0x00, 0x00, 0x00,
    0x00, 0x00, 0x00, 0x00, 0x00, 0x00, 0x00, 0x00, 0x00, 0x00, 0x00, 0x00,
    0x00, 0x00, 0x00, 0x00, 0x00, 0x00, 0x00, 0x00, 0x00, 0x00, 0x00, 0x00,
    0x00, 0x00, 0x00, 0x00, 0x00, 0x00, 0x00, 0x00, 0x00, 0x00, 0x00, 0x00,
    0x00, 0x00, 0x00, 0x00, 0x00, 0x00, 0x00, 0x00, 0x00, 0x00, 0x00, 0x00,
    0x00, 0x00, 0x00, 0x00, 0x00, 0x00, 0x00, 0x00, 0x00, 0x00, 0x00, 0x00,
    0x00, 0x00, 0x00, 0x00, 0x00, 0x00, 0x00, 0x00, 0x00, 0x00, 0x00, 0x00,
    0x00, 0x00, 0x00, 0x00, 0x00, 0x00, 0x00, 0x00, 0x00, 0x00, 0x00, 0x00,
    0x00, 0x00, 0x00, 0x00, 0x00, 0x00, 0x00, 0x00, 0x00, 0x00, 0x00, 0x00,
    0x00, 0x00, 0x00, 0x00, 0x00, 0x00, 0x00, 0x00, 0x00, 0x00, 0x00, 0x00,
    0x00, 0x00, 0x00, 0x00, 0x00, 0x00, 0x00, 0x00, 0x00, 0x00, 0x00, 0x00,
    0x00, 0x00, 0x00, 0x00, 0x00, 0x00, 0x00, 0x00, 0x00, 0x00, 0x00, 0x00,
    0x00, 0x00, 0x00, 0x00, 0x00, 0x00, 0x00, 0x00, 0x00, 0x00, 0x00, 0x00,
    0x00, 0x00, 0x00, 0x00, 0x00, 0x00, 0x00, 0x00, 0x00, 0x00, 0x00, 0x00,
    0x00, 0x00, 0x00, 0x00, 0x00, 0x00, 0x00, 0x00, 0x00, 0x00, 0x00, 0x00,
    0x00, 0x00, 0x00, 0x00, 0x00, 0x00, 0x00, 0x00, 0x00, 0x00, 0x00, 0x00,
    0x00, 0x00, 0x00, 0x00, 0x00, 0x00, 0x00, 0x00, 0x00, 0x00, 0x00, 0x00,
    0x00, 0x00, 0x00, 0x00, 0x00, 0x00, 0x00, 0x00, 0x00, 0x00, 0x00, 0x00,
    0x00, 0x00, 0x00, 0x00, 0x00, 0x00, 0x00, 0x00, 0x00, 0x00, 0x00, 0x00,
    0x00, 0x00, 0x00, 0x00, 0x00, 0x00, 0x00, 0x00, 0x00, 0x00, 0x00, 0x00,
    0x00, 0x00, 0x00, 0x00, 0x00, 0x00, 0x00, 0x00, 0x00, 0x00, 0x00, 0x00,
    0x00, 0x00, 0x00, 0x00, 0x00, 0x00, 0x00, 0x00, 0x00, 0x00, 0x00, 0x00,
    0x00, 0x00, 0x00, 0x00, 0x00, 0x00, 0x00, 0x00, 0x00, 0x00, 0x00, 0x00,
    0x00, 0x00, 0x00, 0x00, 0x00, 0x00, 0x00, 0x00, 0x00, 0x00, 0x00, 0x00,
    0x00, 0x00, 0x00, 0x00, 0x00, 0x00, 0x00, 0x00, 0x00, 0x00, 0x00, 0x00,
    0x00, 0x00, 0x00, 0x00, 0x00, 0x00, 0x00, 0x00, 0x00, 0x00, 0x00, 0x00,
    0x00, 0x00, 0x00, 0x00, 0x00, 0x00, 0x00, 0x00, 0x00, 0x00, 0x00, 0x00,
    0x00, 0x00, 0x00, 0x00, 0x00, 0x00, 0x00, 0x00, 0x00, 0x00, 0x00, 0x00,
    0x00, 0x00, 0x00, 0x00, 0x00, 0x00, 0x00, 0x00, 0x00, 0x00, 0x00, 0x00,
    0x00, 0x00, 0x00, 0x00, 0x31, 0xed, 0x89, 0xe0, 0x83, 0xe4, 0xf0, 0x83,
    0xec, 0x0c, 0x50, 0xe8, 0x03, 0x00, 0x00, 0x00, 0xf4, 0xeb, 0xfd, 0x55,
    0x89, 0xe5, 0x83, 0xec, 0x28, 0xc7, 0x45, 0xf4, 0x00, 0x00, 0x00, 0x00,
    0xc7, 0x45, 0xf0, 0x00, 0x00, 0x00, 0x00, 0xc7, 0x45, 0xec, 0x00, 0x00,
    0x00, 0x00, 0x83, 0x7d, 0x08, 0x00, 0x74, 0x38, 0x8b, 0x45, 0x08, 0x8b,
    0x00, 0x89, 0x45, 0xe8, 0x83, 0x7d, 0xe8, 0x00, 0x78, 0x2a, 0x83, 0x7d,
    0xe8, 0x40, 0x7f, 0x24, 0x8b, 0x45, 0xe8, 0x89, 0x45, 0xf4, 0x8b, 0x45,
    0x08, 0x83, 0xc0, 0x04, 0x89, 0x45, 0xf0, 0x8b, 0x45, 0xf4, 0x83, 0xc0,
    0x01, 0x8d, 0x14, 0x85, 0x00, 0x00, 0x00, 0x00, 0x8b, 0x45, 0xf0, 0x01,
    0xd0, 0x89, 0x45, 0xec, 0x83, 0xec, 0x04, 0xff, 0x75, 0xec, 0xff, 0x75,
    0xf0, 0xff, 0x75, 0xf4, 0xe8, 0xad, 0x0f, 0x00, 0x00, 0x83, 0xc4, 0x10,
    0x89, 0x45, 0xe4, 0x83, 0xec, 0x0c, 0xff, 0x75, 0xe4, 0xe8, 0x8c, 0x10,
    0x00, 0x00, 0x83, 0xc4, 0x10, 0xf4, 0xeb, 0xfd, 0x55, 0x89, 0xe5, 0x83,
    0xec, 0x28, 0xc7, 0x45, 0xfc, 0x00, 0x00, 0x00, 0x00, 0x8b, 0x45, 0x08,
    0x0f, 0xb6, 0x00, 0x3c, 0x2d, 0x75, 0x0d, 0xc7, 0x45, 0xfc, 0x01, 0x00,
    0x00, 0x00, 0x83, 0x45, 0x08, 0x01, 0xeb, 0x0e, 0x8b, 0x45, 0x08, 0x0f,
    0xb6, 0x00, 0x3c, 0x2b, 0x75, 0x04, 0x83, 0x45, 0x08, 0x01, 0xd9, 0xee,
    0xdd, 0x5d, 0xf0, 0xeb, 0x28, 0xdd, 0x45, 0xf0, 0xdb, 0x2d, 0x00, 0x19,
    0x40, 0x00, 0xde, 0xc9, 0x8b, 0x45, 0x08, 0x8d, 0x50, 0x01, 0x89, 0x55,
    0x08, 0x0f, 0xb6, 0x00, 0x0f, 0xbe, 0xc0, 0x83, 0xe8, 0x30, 0x89, 0x45,
    0xdc, 0xdb, 0x45, 0xdc, 0xde, 0xc1, 0xdd, 0x5d, 0xf0, 0x8b, 0x45, 0x08,
    0x0f, 0xb6, 0x00, 0x3c, 0x2f, 0x7e, 0x0a, 0x8b, 0x45, 0x08, 0x0f, 0xb6,
    0x00, 0x3c, 0x39, 0x7e, 0xc4, 0x8b, 0x45, 0x08, 0x0f, 0xb6, 0x00, 0x3c,
    0x2e, 0x75, 0x56, 0x83, 0x45, 0x08, 0x01, 0xdd, 0x05, 0x10, 0x19, 0x40,
    0x00, 0xdd, 0x5d, 0xe8, 0xeb, 0x33, 0xdd, 0x45, 0xe8, 0x8b, 0x45, 0x08,
    0x8d, 0x50, 0x01, 0x89, 0x55, 0x08, 0x0f, 0xb6, 0x00, 0x0f, 0xbe, 0xc0,
    0x83, 0xe8, 0x30, 0x89, 0x45, 0xdc, 0xdb, 0x45, 0xdc, 0xde, 0xc9, 0xdd,
    0x45, 0xf0, 0xde, 0xc1, 0xdd, 0x5d, 0xf0, 0xdd, 0x45, 0xe8, 0xdb, 0x2d,
    0x20, 0x19, 0x40, 0x00, 0xde, 0xc9, 0xdd, 0x5d, 0xe8, 0x8b, 0x45, 0x08,
    0x0f, 0xb6, 0x00, 0x3c, 0x2f, 0x7e, 0x0a, 0x8b, 0x45, 0x08, 0x0f, 0xb6,
    0x00, 0x3c, 0x39, 0x7e, 0xb9, 0x83, 0x7d, 0xfc, 0x00, 0x74, 0x07, 0xdd,
    0x45, 0xf0, 0xd9, 0xe0, 0xeb, 0x03, 0xdd, 0x45, 0xf0, 0xc9, 0xc3, 0x55,
    0x89, 0xe5, 0x83, 0xec, 0x40, 0x8b, 0x45, 0x08, 0x89, 0x45, 0xc8, 0x8b,
    0x45, 0x0c, 0x89, 0x45, 0xcc, 0xdd, 0x45, 0xc8, 0xd9, 0xee, 0xdf, 0xf1,
    0xdd, 0xd8, 0x76, 0x14, 0x8b, 0x45, 0x14, 0x8d, 0x50, 0x01, 0x89, 0x55,
    0x14, 0xc6, 0x00, 0x2d, 0xdd, 0x45, 0xc8, 0xd9, 0xe0, 0xdd, 0x5d, 0xc8,
    0x8b, 0x45, 0x10, 0xdd, 0x04, 0xc5, 0xa0, 0x18, 0x40, 0x00, 0xdd, 0x5d,
    0xe0, 0xdd, 0x45, 0xc8, 0xdd, 0x45, 0xe0, 0xdb, 0x2d, 0x30, 0x19, 0x40,
    0x00, 0xde, 0xf1, 0xde, 0xc1, 0xdd, 0x5d, 0xc8, 0xdd, 0x45, 0xc8, 0xdd,
    0x45, 0xe0, 0xde, 0xf9, 0xdd, 0x5d, 0xf8, 0xc7, 0x45, 0xf4, 0x01, 0x00,
    0x00, 0x00, 0xeb, 0x04, 0x83, 0x45, 0xf4, 0x01, 0x8b, 0x45, 0xf4, 0xdd,
    0x04, 0xc5, 0xa0, 0x18, 0x40, 0x00, 0xdd, 0x45, 0xf8, 0xdf, 0xf1, 0xdd,
    0xd8, 0x73, 0xe9, 0x8b, 0x45, 0xf4, 0x83, 0xe8, 0x01, 0x89, 0x45, 0xf0,
    0xeb, 0x54, 0xdd, 0x45, 0xf8, 0x8b, 0x45, 0xf0, 0xdd, 0x04, 0xc5, 0xa0,
    0x18, 0x40, 0x00, 0xde, 0xf9, 0xd9, 0x7d, 0xc6, 0x0f, 0xb7, 0x45, 0xc6,
    0x80, 0xcc, 0x0c, 0x66, 0x89, 0x45, 0xc4, 0xd9, 0x6d, 0xc4, 0xdb, 0x5d,
    0xd4, 0xd9, 0x6d, 0xc6, 0x8b, 0x45, 0xd4, 0x8d, 0x48, 0x30, 0x8b, 0x45,
    0x14, 0x8d, 0x50, 0x01, 0x89, 0x55, 0x14, 0x89, 0xca, 0x88, 0x10, 0xdd,
    0x45, 0xf8, 0xdb, 0x45, 0xd4, 0x8b, 0x45, 0xf0, 0xdd, 0x04, 0xc5, 0xa0,
    0x18, 0x40, 0x00, 0xde, 0xc9, 0xde, 0xe9, 0xdd, 0x5d, 0xf8, 0x83, 0x6d,
    0xf0, 0x01, 0x83, 0x7d, 0xf0, 0x00, 0x79, 0xa6, 0x83, 0x7d, 0x10, 0x00,
    0x0f, 0x8e, 0xad, 0x00, 0x00, 0x00, 0x8b, 0x45, 0x14, 0x8d, 0x50, 0x01,
    0x89, 0x55, 0x14, 0xc6, 0x00, 0x2e, 0xdd, 0x45, 0xc8, 0xdd, 0x45, 0xe0,
    0xde, 0xf9, 0xd9, 0x7d, 0xc6, 0x0f, 0xb7, 0x45, 0xc6, 0x80, 0xcc, 0x0c,
    0x66, 0x89, 0x45, 0xc4, 0xd9, 0x6d, 0xc4, 0xdb, 0x5d, 0xdc, 0xd9, 0x6d,
    0xc6, 0xdd, 0x45, 0xc8, 0xdb, 0x45, 0xdc, 0xdd, 0x45, 0xe0, 0xde, 0xc9,
    0xde, 0xe9, 0xdb, 0x2d, 0x30, 0x19, 0x40, 0x00, 0xde, 0xc1, 0xd9, 0x6d,
    0xc4, 0xdb, 0x5d, 0xec, 0xd9, 0x6d, 0xc6, 0x8b, 0x45, 0x10, 0x83, 0xe8,
    0x01, 0x89, 0x45, 0xe8, 0xeb, 0x53, 0x8b, 0x45, 0xe8, 0xdd, 0x04, 0xc5,
    0xa0, 0x18, 0x40, 0x00, 0xd9, 0x6d, 0xc4, 0xdb, 0x5d, 0xc0, 0xd9, 0x6d,
    0xc6, 0x8b, 0x4d, 0xc0, 0x8b, 0x45, 0xec, 0x99, 0xf7, 0xf9, 0x89, 0x45,
    0xd8, 0x8b, 0x45, 0xd8, 0x8d, 0x48, 0x30, 0x8b, 0x45, 0x14, 0x8d, 0x50,
    0x01, 0x89, 0x55, 0x14, 0x89, 0xca, 0x88, 0x10, 0x8b, 0x45, 0xe8, 0xdd,
    0x04, 0xc5, 0xa0, 0x18, 0x40, 0x00, 0xd9, 0x6d, 0xc4, 0xdb, 0x5d, 0xc0,
    0xd9, 0x6d, 0xc6, 0x8b, 0x45, 0xc0, 0x0f, 0xaf, 0x45, 0xd8, 0x29, 0x45,
    0xec, 0x83, 0x6d, 0xe8, 0x01, 0x83, 0x7d, 0xe8, 0x00, 0x79, 0xa7, 0x8b,
    0x45, 0x14, 0xc6, 0x00, 0x00, 0x90, 0xc9, 0xc3, 0x55, 0x89, 0xe5, 0x81,
    0xec, 0x88, 0x00, 0x00, 0x00, 0x8b, 0x45, 0x08, 0x89, 0x45, 0x80, 0x8b,
    0x45, 0x0c, 0x89, 0x45, 0x84, 0xdd, 0x45, 0x80, 0xdd, 0x45, 0x80, 0xdf,
    0xe9, 0xdd, 0xd8, 0x7a, 0x1e, 0xdd, 0x05, 0x40, 0x19, 0x40, 0x00, 0xdd,
    0x45, 0x80, 0xdf, 0xf1, 0xdd, 0xd8, 0x77, 0x0f, 0xdd, 0x45, 0x80, 0xdd,
    0x05, 0x48, 0x19, 0x40, 0x00, 0xdf, 0xf1, 0xdd, 0xd8, 0x76, 0x18, 0x83,
    0xec, 0x08, 0x68, 0xf8, 0x18, 0x40, 0x00, 0xff, 0x75, 0x10, 0xe8, 0xf1,
    0x13, 0x00, 0x00, 0x83, 0xc4, 0x10, 0xe9, 0x40, 0x01, 0x00, 0x00, 0xdd,
    0x45, 0x80, 0xd9, 0xee, 0xdf, 0xe9, 0xdd, 0xd8, 0x7a, 0x23, 0xdd, 0x45,
    0x80, 0xd9, 0xee, 0xdf, 0xe9, 0xdd, 0xd8, 0x75, 0x18, 0x83, 0xec, 0x08,
    0x68, 0x96, 0x18, 0x40, 0x00, 0xff, 0x75, 0x10, 0xe8, 0xc3, 0x13, 0x00,
    0x00, 0x83, 0xc4, 0x10, 0xe9, 0x12, 0x01, 0x00, 0x00, 0xc7, 0x45, 0xb0,
    0x00, 0x00, 0x00, 0x00, 0xc7, 0x45, 0xb4, 0x00, 0x00, 0x00, 0x00, 0xc7,
    0x45, 0xb8, 0x00, 0x00, 0x00, 0x00, 0xc7, 0x45, 0xbc, 0x00, 0x00, 0x00,
    0x00, 0xc7, 0x45, 0xc0, 0x00, 0x00, 0x00, 0x00, 0xc7, 0x45, 0xc4, 0x00,
    0x00, 0x00, 0x00, 0xc7, 0x45, 0xc8, 0x00, 0x00, 0x00, 0x00, 0xc7, 0x45,
    0xcc, 0x00, 0x00, 0x00, 0x00, 0xc7, 0x45, 0xd0, 0x00, 0x00, 0x00, 0x00,
    0xc7, 0x45, 0xd4, 0x00, 0x00, 0x00, 0x00, 0xc7, 0x45, 0xf4, 0x00, 0x00,
    0x00, 0x00, 0xe9, 0xa4, 0x00, 0x00, 0x00, 0x8d, 0x45, 0x88, 0x50, 0xff,
    0x75, 0xf4, 0xff, 0x75, 0x84, 0xff, 0x75, 0x80, 0xe8, 0x76, 0xfd, 0xff,
    0xff, 0x83, 0xc4, 0x10, 0x83, 0xec, 0x0c, 0x8d, 0x45, 0x88, 0x50, 0xe8,
    0x80, 0xfc, 0xff, 0xff, 0x83, 0xc4, 0x10, 0xdd, 0x5d, 0xe0, 0xdd, 0x45,
    0xe0, 0xdd, 0x45, 0x80, 0xde, 0xe9, 0xdd, 0x5d, 0xe8, 0xdd, 0x45, 0xe8,
    0xd9, 0xee, 0xdf, 0xf1, 0xdd, 0xd8, 0x76, 0x08, 0xdd, 0x45, 0xe8, 0xd9,
    0xe0, 0xdd, 0x5d, 0xe8, 0xdd, 0x45, 0x80, 0xd9, 0xee, 0xdf, 0xf1, 0xdd,
    0xd8, 0x76, 0x07, 0xdd, 0x45, 0x80, 0xd9, 0xe0, 0xeb, 0x03, 0xdd, 0x45,
    0x80, 0xdb, 0x2d, 0x50, 0x19, 0x40, 0x00, 0xde, 0xc9, 0xdb, 0x2d, 0x60,
    0x19, 0x40, 0x00, 0xde, 0xc1, 0xdd, 0x5d, 0xd8, 0xdd, 0x45, 0xe8, 0xdd,
    0x45, 0xd8, 0xdf, 0xf1, 0xdd, 0xd8, 0x72, 0x14, 0x83, 0xec, 0x08, 0x8d,
    0x45, 0x88, 0x50, 0xff, 0x75, 0x10, 0xe8, 0xe1, 0x12, 0x00, 0x00, 0x83,
    0xc4, 0x10, 0xeb, 0x33, 0x83, 0xec, 0x08, 0x8d, 0x45, 0x88, 0x50, 0x8d,
    0x45, 0xb0, 0x50, 0xe8, 0xcc, 0x12, 0x00, 0x00, 0x83, 0xc4, 0x10, 0x83,
    0x45, 0xf4, 0x01, 0x83, 0x7d, 0xf4, 0x08, 0x0f, 0x8e, 0x52, 0xff, 0xff,
    0xff, 0x83, 0xec, 0x08, 0x8d, 0x45, 0xb0, 0x50, 0xff, 0x75, 0x10, 0xe8,
    0xac, 0x12, 0x00, 0x00, 0x83, 0xc4, 0x10, 0xc9, 0xc3, 0x55, 0x89, 0xe5,
    0x83, 0xec, 0x10, 0xc7, 0x45, 0xfc, 0x00, 0x00, 0x00, 0x00, 0xeb, 0x1a,
    0x8b, 0x55, 0xfc, 0x8b, 0x45, 0x08, 0x01, 0xd0, 0x0f, 0xb6, 0x00, 0x8b,
    0x55, 0xfc, 0x81, 0xc2, 0x24, 0x2a, 0x40, 0x00, 0x88, 0x02, 0x83, 0x45,
    0xfc, 0x01, 0x8b, 0x55, 0xfc, 0x8b, 0x45, 0x08, 0x01, 0xd0, 0x0f, 0xb6,
    0x00, 0x84, 0xc0, 0x74, 0x06, 0x83, 0x7d, 0xfc, 0x16, 0x7e, 0xd1, 0x8b,
    0x45, 0xfc, 0x05, 0x24, 0x2a, 0x40, 0x00, 0xc6, 0x00, 0x00, 0x90, 0xc9,
    0xc3, 0x55, 0x89, 0xe5, 0xc6, 0x05, 0x0c, 0x2a, 0x40, 0x00, 0x30, 0xc6,
    0x05, 0x0d, 0x2a, 0x40, 0x00, 0x00, 0x90, 0x5d, 0xc3, 0x55, 0x89, 0xe5,
    0xd9, 0xee, 0xdd, 0x1d, 0x00, 0x2a, 0x40, 0x00, 0xc6, 0x05, 0x08, 0x2a,
    0x40, 0x00, 0x00, 0xe8, 0xd5, 0xff, 0xff, 0xff, 0x68, 0x0c, 0x2a, 0x40,
    0x00, 0xe8, 0x7f, 0xff, 0xff, 0xff, 0x83, 0xc4, 0x04, 0xc7, 0x05, 0xf0,
    0x29, 0x40, 0x00, 0x01, 0x00, 0x00, 0x00, 0xc7, 0x05, 0x3c, 0x2a, 0x40,
    0x00, 0x00, 0x00, 0x00, 0x00, 0x90, 0xc9, 0xc3, 0x55, 0x89, 0xe5, 0x83,
    0xec, 0x18, 0x8b, 0x45, 0x08, 0x89, 0x45, 0xf0, 0x8b, 0x45, 0x0c, 0x89,
    0x45, 0xf4, 0x83, 0xec, 0x04, 0x68, 0x0c, 0x2a, 0x40, 0x00, 0xff, 0x75,
    0xf4, 0xff, 0x75, 0xf0, 0xe8, 0xa7, 0xfd, 0xff, 0xff, 0x83, 0xc4, 0x10,
    0xc7, 0x05, 0xf0, 0x29, 0x40, 0x00, 0x01, 0x00, 0x00, 0x00, 0x83, 0xec,
    0x0c, 0x68, 0x0c, 0x2a, 0x40, 0x00, 0xe8, 0xa6, 0x11, 0x00, 0x00, 0x83,
    0xc4, 0x10, 0x83, 0xf8, 0x15, 0x76, 0x12, 0x83, 0xec, 0x0c, 0x68, 0xf8,
    0x18, 0x40, 0x00, 0xe8, 0x11, 0xff, 0xff, 0xff, 0x83, 0xc4, 0x10, 0xeb,
    0x10, 0x83, 0xec, 0x0c, 0x68, 0x0c, 0x2a, 0x40, 0x00, 0xe8, 0xff, 0xfe,
    0xff, 0xff, 0x83, 0xc4, 0x10, 0x0f, 0xb6, 0x05, 0x0c, 0x2a, 0x40, 0x00,
    0x3c, 0x45, 0x0f, 0x94, 0xc0, 0x0f, 0xb6, 0xc0, 0xa3, 0x3c, 0x2a, 0x40,
    0x00, 0x90, 0xc9, 0xc3, 0x55, 0x89, 0xe5, 0x83, 0xec, 0x18, 0x8b, 0x45,
    0x08, 0x89, 0x45, 0xf8, 0x8b, 0x45, 0x0c, 0x89, 0x45, 0xfc, 0x8b, 0x45,
    0x10, 0x89, 0x45, 0xf0, 0x8b, 0x45, 0x14, 0x89, 0x45, 0xf4, 0x0f, 0xbe,
    0x45, 0x18, 0x83, 0xf8, 0x2f, 0x74, 0x54, 0x83, 0xf8, 0x2f, 0x0f, 0x8f,
    0x8e, 0x00, 0x00, 0x00, 0x83, 0xf8, 0x2d, 0x74, 0x2c, 0x83, 0xf8, 0x2d,
    0x0f, 0x8f, 0x80, 0x00, 0x00, 0x00, 0x83, 0xf8, 0x2b, 0x74, 0x11, 0x83,
    0xf8, 0x2b, 0x7f, 0x76, 0x83, 0xf8, 0x25, 0x74, 0x5c, 0x83, 0xf8, 0x2a,
    0x74, 0x1c, 0xeb, 0x6a, 0xdd, 0x45, 0xf8, 0xdd, 0x45, 0xf0, 0xde, 0xc1,
    0xdd, 0x5d, 0xe8, 0xeb, 0x68, 0xdd, 0x45, 0xf8, 0xdd, 0x45, 0xf0, 0xde,
    0xe9, 0xdd, 0x5d, 0xe8, 0xeb, 0x5b, 0xdd, 0x45, 0xf8, 0xdd, 0x45, 0xf0,
    0xde, 0xc9, 0xdd, 0x5d, 0xe8, 0xeb, 0x4e, 0xdd, 0x45, 0xf0, 0xd9, 0xee,
    0xdf, 0xe9, 0xdd, 0xd8, 0x7a, 0x16, 0xdd, 0x45, 0xf0, 0xd9, 0xee, 0xdf,
    0xe9, 0xdd, 0xd8, 0x75, 0x0b, 0xdd, 0x05, 0x70, 0x19, 0x40, 0x00, 0xdd,
    0x5d, 0xe8, 0xeb, 0x2d, 0xdd, 0x45, 0xf8, 0xdd, 0x45, 0xf0, 0xde, 0xf9,
    0xdd, 0x5d, 0xe8, 0xeb, 0x20, 0xdd, 0x45, 0xf8, 0xdd, 0x45, 0xf0, 0xde,
    0xc9, 0xdb, 0x2d, 0x80, 0x19, 0x40, 0x00, 0xde, 0xf9, 0xdd, 0x5d, 0xe8,
    0xeb, 0x0b, 0xdd, 0x45, 0xf8, 0xdd, 0x45, 0xf0, 0xde, 0xc1, 0xdd, 0x5d,
    0xe8, 0xdd, 0x45, 0xe8, 0xc9, 0xc3, 0x55, 0x89, 0xe5, 0x83, 0xec, 0x18,
    0xa1, 0x3c, 0x2a, 0x40, 0x00, 0x85, 0xc0, 0x74, 0x05, 0xe8, 0x63, 0xfe,
    0xff, 0xff, 0xa1, 0xf0, 0x29, 0x40, 0x00, 0x85, 0xc0, 0x74, 0x46, 0xe8,
    0x41, 0xfe, 0xff, 0xff, 0x80, 0x7d, 0x08, 0x30, 0x75, 0x12, 0x68, 0x0c,
    0x2a, 0x40, 0x00, 0xe8, 0xe5, 0xfd, 0xff, 0xff, 0x83, 0xc4, 0x04, 0xe9,
    0x80, 0x00, 0x00, 0x00, 0xc7, 0x05, 0xf0, 0x29, 0x40, 0x00, 0x00, 0x00,
    0x00, 0x00, 0x0f, 0xb6, 0x45, 0x08, 0xa2, 0x0c, 0x2a, 0x40, 0x00, 0xc6,
    0x05, 0x0d, 0x2a, 0x40, 0x00, 0x00, 0x68, 0x0c, 0x2a, 0x40, 0x00, 0xe8,
    0xb9, 0xfd, 0xff, 0xff, 0x83, 0xc4, 0x04, 0xeb, 0x57, 0x83, 0xec, 0x0c,
    0x68, 0x0c, 0x2a, 0x40, 0x00, 0xe8, 0x27, 0x10, 0x00, 0x00, 0x83, 0xc4,
    0x10, 0x83, 0xf8, 0x13, 0x77, 0x41, 0x83, 0xec, 0x0c, 0x68, 0x0c, 0x2a,
    0x40, 0x00, 0xe8, 0x12, 0x10, 0x00, 0x00, 0x83, 0xc4, 0x10, 0x89, 0x45,
    0xf4, 0x8b, 0x45, 0xf4, 0x8d, 0x90, 0x0c, 0x2a, 0x40, 0x00, 0x0f, 0xb6,
    0x45, 0x08, 0x88, 0x02, 0x8b, 0x45, 0xf4, 0x83, 0xc0, 0x01, 0xc6, 0x80,
    0x0c, 0x2a, 0x40, 0x00, 0x00, 0x83, 0xec, 0x0c, 0x68, 0x0c, 0x2a, 0x40,
    0x00, 0xe8, 0x63, 0xfd, 0xff, 0xff, 0x83, 0xc4, 0x10, 0xeb, 0x01, 0x90,
    0xc9, 0xc3, 0x55, 0x89, 0xe5, 0x83, 0xec, 0x18, 0xa1, 0x3c, 0x2a, 0x40,
    0x00, 0x85, 0xc0, 0x74, 0x05, 0xe8, 0xa7, 0xfd, 0xff, 0xff, 0xa1, 0xf0,
    0x29, 0x40, 0x00, 0x85, 0xc0, 0x74, 0x2e, 0xc6, 0x05, 0x0c, 0x2a, 0x40,
    0x00, 0x30, 0xc6, 0x05, 0x0d, 0x2a, 0x40, 0x00, 0x2e, 0xc6, 0x05, 0x0e,
    0x2a, 0x40, 0x00, 0x00, 0xc7, 0x05, 0xf0, 0x29, 0x40, 0x00, 0x00, 0x00,
    0x00, 0x00, 0x68, 0x0c, 0x2a, 0x40, 0x00, 0xe8, 0x15, 0xfd, 0xff, 0xff,
    0x83, 0xc4, 0x04, 0xeb, 0x72, 0xc7, 0x45, 0xf4, 0x00, 0x00, 0x00, 0x00,
    0xeb, 0x13, 0x8b, 0x45, 0xf4, 0x05, 0x0c, 0x2a, 0x40, 0x00, 0x0f, 0xb6,
    0x00, 0x3c, 0x2e, 0x74, 0x56, 0x83, 0x45, 0xf4, 0x01, 0x8b, 0x45, 0xf4,
    0x05, 0x0c, 0x2a, 0x40, 0x00, 0x0f, 0xb6, 0x00, 0x84, 0xc0, 0x75, 0xde,
    0x83, 0xec, 0x0c, 0x68, 0x0c, 0x2a, 0x40, 0x00, 0xe8, 0x58, 0x0f, 0x00,
    0x00, 0x83, 0xc4, 0x10, 0x89, 0x45, 0xf0, 0x83, 0x7d, 0xf0, 0x13, 0x7f,
    0x2d, 0x8b, 0x45, 0xf0, 0x05, 0x0c, 0x2a, 0x40, 0x00, 0xc6, 0x00, 0x2e,
    0x8b, 0x45, 0xf0, 0x83, 0xc0, 0x01, 0xc6, 0x80, 0x0c, 0x2a, 0x40, 0x00,
    0x00, 0x83, 0xec, 0x0c, 0x68, 0x0c, 0x2a, 0x40, 0x00, 0xe8, 0xa7, 0xfc,
    0xff, 0xff, 0x83, 0xc4, 0x10, 0xeb, 0x04, 0x90, 0xeb, 0x01, 0x90, 0xc9,
    0xc3, 0x55, 0x89, 0xe5, 0x83, 0xec, 0x18, 0xa1, 0x3c, 0x2a, 0x40, 0x00,
    0x85, 0xc0, 0x74, 0x05, 0xe8, 0xe8, 0xfc, 0xff, 0xff, 0x83, 0xec, 0x04,
    0x68, 0x0c, 0x2a, 0x40, 0x00, 0xe8, 0x5a, 0xf8, 0xff, 0xff, 0x83, 0xc4,
    0x08, 0xdd, 0x5d, 0xf0, 0x0f, 0xb6, 0x05, 0x08, 0x2a, 0x40, 0x00, 0x84,
    0xc0, 0x0f, 0x84, 0x97, 0x00, 0x00, 0x00, 0xa1, 0xf0, 0x29, 0x40, 0x00,
    0x85, 0xc0, 0x0f, 0x85, 0x8a, 0x00, 0x00, 0x00, 0x0f, 0xb6, 0x05, 0x08,
    0x2a, 0x40, 0x00, 0xdd, 0x05, 0x00, 0x2a, 0x40, 0x00, 0x83, 0xec, 0x04,
    0x0f, 0xbe, 0xc0, 0x50, 0xff, 0x75, 0xf4, 0xff, 0x75, 0xf0, 0x8d, 0x64,
    0x24, 0xf8, 0xdd, 0x1c, 0x24, 0xe8, 0x4e, 0xfd, 0xff, 0xff, 0x83, 0xc4,
    0x18, 0xdd, 0x1d, 0x00, 0x2a, 0x40, 0x00, 0xdd, 0x05, 0x40, 0x19, 0x40,
    0x00, 0xdd, 0x05, 0x00, 0x2a, 0x40, 0x00, 0xdf, 0xf1, 0xdd, 0xd8, 0x77,
    0x14, 0xdd, 0x05, 0x00, 0x2a, 0x40, 0x00, 0xdd, 0x05, 0x48, 0x19, 0x40,
    0x00, 0xdf, 0xf1, 0xdd, 0xd8, 0x77, 0x02, 0xeb, 0x3e, 0xc7, 0x05, 0x3c,
    0x2a, 0x40, 0x00, 0x01, 0x00, 0x00, 0x00, 0xd9, 0xee, 0xdd, 0x1d, 0x00,
    0x2a, 0x40, 0x00, 0xc6, 0x05, 0x08, 0x2a, 0x40, 0x00, 0x00, 0x83, 0xec,
    0x04, 0x68, 0xf8, 0x18, 0x40, 0x00, 0xe8, 0xde, 0xfb, 0xff, 0xff, 0x83,
    0xc4, 0x08, 0xc7, 0x05, 0xf0, 0x29, 0x40, 0x00, 0x01, 0x00, 0x00, 0x00,
    0xeb, 0x49, 0xdd, 0x45, 0xf0, 0xdd, 0x1d, 0x00, 0x2a, 0x40, 0x00, 0x0f,
    0xb6, 0x45, 0x08, 0xa2, 0x08, 0x2a, 0x40, 0x00, 0xc7, 0x05, 0xf0, 0x29,
    0x40, 0x00, 0x01, 0x00, 0x00, 0x00, 0xdd, 0x05, 0x00, 0x2a, 0x40, 0x00,
    0x83, 0xec, 0x04, 0x68, 0x0c, 0x2a, 0x40, 0x00, 0x8d, 0x64, 0x24, 0xf8,
    0xdd, 0x1c, 0x24, 0xe8, 0x00, 0xfa, 0xff, 0xff, 0x83, 0xc4, 0x10, 0x83,
    0xec, 0x0c, 0x68, 0x0c, 0x2a, 0x40, 0x00, 0xe8, 0x89, 0xfb, 0xff, 0xff,
    0x83, 0xc4, 0x10, 0xc9, 0xc3, 0x55, 0x89, 0xe5, 0x83, 0xec, 0x18, 0xa1,
    0x3c, 0x2a, 0x40, 0x00, 0x85, 0xc0, 0x75, 0x6e, 0x0f, 0xb6, 0x05, 0x08,
    0x2a, 0x40, 0x00, 0x84, 0xc0, 0x74, 0x63, 0x83, 0xec, 0x04, 0x68, 0x0c,
    0x2a, 0x40, 0x00, 0xe8, 0x3c, 0xf7, 0xff, 0xff, 0x83, 0xc4, 0x08, 0xdd,
    0x5d, 0xf0, 0x0f, 0xb6, 0x05, 0x08, 0x2a, 0x40, 0x00, 0xdd, 0x05, 0x00,
    0x2a, 0x40, 0x00, 0x83, 0xec, 0x04, 0x0f, 0xbe, 0xc0, 0x50, 0xff, 0x75,
    0xf4, 0xff, 0x75, 0xf0, 0x8d, 0x64, 0x24, 0xf8, 0xdd, 0x1c, 0x24, 0xe8,
    0x4c, 0xfc, 0xff, 0xff, 0x83, 0xc4, 0x18, 0xdd, 0x1d, 0x00, 0x2a, 0x40,
    0x00, 0xc6, 0x05, 0x08, 0x2a, 0x40, 0x00, 0x00, 0xdd, 0x05, 0x00, 0x2a,
    0x40, 0x00, 0x83, 0xec, 0x08, 0x8d, 0x64, 0x24, 0xf8, 0xdd, 0x1c, 0x24,
    0xe8, 0xa7, 0xfb, 0xff, 0xff, 0x83, 0xc4, 0x10, 0xeb, 0x01, 0x90, 0xc9,
    0xc3, 0x55, 0x89, 0xe5, 0x83, 0xec, 0x28, 0xa1, 0x3c, 0x2a, 0x40, 0x00,
    0x85, 0xc0, 0x74, 0x05, 0xe8, 0x50, 0xfb, 0xff, 0xff, 0x83, 0xec, 0x04,
    0x68, 0x0c, 0x2a, 0x40, 0x00, 0xe8, 0xc2, 0xf6, 0xff, 0xff, 0x83, 0xc4,
    0x08, 0xdd, 0x5d, 0xf0, 0xdd, 0x45, 0xf0, 0xdb, 0x2d, 0x80, 0x19, 0x40,
    0x00, 0xde, 0xf9, 0xdd, 0x5d, 0xe0, 0x83, 0xec, 0x08, 0xff, 0x75, 0xe4,
    0xff, 0x75, 0xe0, 0xe8, 0x5c, 0xfb, 0xff, 0xff, 0x83, 0xc4, 0x10, 0x90,
    0xc9, 0xc3, 0x55, 0x89, 0xe5, 0x83, 0xec, 0x18, 0xa1, 0x3c, 0x2a, 0x40,
    0x00, 0x85, 0xc0, 0x74, 0x05, 0xe8, 0x07, 0xfb, 0xff, 0xff, 0xa1, 0xf0,
    0x29, 0x40, 0x00, 0x85, 0xc0, 0x74, 0x49, 0x83, 0xec, 0x04, 0x68, 0x0c,
    0x2a, 0x40, 0x00, 0xe8, 0x70, 0xf6, 0xff, 0xff, 0x83, 0xc4, 0x08, 0xdd,
    0x5d, 0xe8, 0xdd, 0x45, 0xe8, 0xd9, 0xee, 0xdf, 0xe9, 0xdd, 0xd8, 0x7a,
    0x0b, 0xdd, 0x45, 0xe8, 0xd9, 0xee, 0xdf, 0xe9, 0xdd, 0xd8, 0x74, 0x07,
    0xdd, 0x45, 0xe8, 0xd9, 0xe0, 0xeb, 0x02, 0xd9, 0xee, 0x83, 0xec, 0x08,
    0x8d, 0x64, 0x24, 0xf8, 0xdd, 0x1c, 0x24, 0xe8, 0xf8, 0xfa, 0xff, 0xff,
    0x83, 0xc4, 0x10, 0xe9, 0xa7, 0x00, 0x00, 0x00, 0x0f, 0xb6, 0x05, 0x0c,
    0x2a, 0x40, 0x00, 0x3c, 0x2d, 0x75, 0x36, 0xc7, 0x45, 0xf4, 0x00, 0x00,
    0x00, 0x00, 0xeb, 0x1c, 0x8b, 0x45, 0xf4, 0x83, 0xc0, 0x01, 0x0f, 0xb6,
    0x80, 0x0c, 0x2a, 0x40, 0x00, 0x8b, 0x55, 0xf4, 0x81, 0xc2, 0x0c, 0x2a,
    0x40, 0x00, 0x88, 0x02, 0x83, 0x45, 0xf4, 0x01, 0x8b, 0x45, 0xf4, 0x05,
    0x0c, 0x2a, 0x40, 0x00, 0x0f, 0xb6, 0x00, 0x84, 0xc0, 0x75, 0xd5, 0xeb,
    0x56, 0x83, 0xec, 0x0c, 0x68, 0x0c, 0x2a, 0x40, 0x00, 0xe8, 0x87, 0x0c,
    0x00, 0x00, 0x83, 0xc4, 0x10, 0x83, 0xf8, 0x13, 0x77, 0x41, 0x83, 0xec,
    0x0c, 0x68, 0x0c, 0x2a, 0x40, 0x00, 0xe8, 0x72, 0x0c, 0x00, 0x00, 0x83,
    0xc4, 0x10, 0x83, 0xc0, 0x01, 0x89, 0x45, 0xf0, 0xeb, 0x1c, 0x8b, 0x45,
    0xf0, 0x83, 0xe8, 0x01, 0x0f, 0xb6, 0x80, 0x0c, 0x2a, 0x40, 0x00, 0x8b,
    0x55, 0xf0, 0x81, 0xc2, 0x0c, 0x2a, 0x40, 0x00, 0x88, 0x02, 0x83, 0x6d,
    0xf0, 0x01, 0x83, 0x7d, 0xf0, 0x00, 0x7f, 0xde, 0xc6, 0x05, 0x0c, 0x2a,
    0x40, 0x00, 0x2d, 0x83, 0xec, 0x0c, 0x68, 0x0c, 0x2a, 0x40, 0x00, 0xe8,
    0xb1, 0xf9, 0xff, 0xff, 0x83, 0xc4, 0x10, 0xc9, 0xc3, 0x55, 0x89, 0xe5,
    0x83, 0xec, 0x18, 0xa1, 0x3c, 0x2a, 0x40, 0x00, 0x85, 0xc0, 0x75, 0x4a,
    0xa1, 0xf0, 0x29, 0x40, 0x00, 0x85, 0xc0, 0x75, 0x41, 0x83, 0xec, 0x0c,
    0x68, 0x0c, 0x2a, 0x40, 0x00, 0xe8, 0x07, 0x0c, 0x00, 0x00, 0x83, 0xc4,
    0x10, 0x89, 0x45, 0xf4, 0x83, 0x7d, 0xf4, 0x01, 0x7f, 0x07, 0xe8, 0xc2,
    0xf9, 0xff, 0xff, 0xeb, 0x0f, 0x83, 0x6d, 0xf4, 0x01, 0x8b, 0x45, 0xf4,
    0x05, 0x0c, 0x2a, 0x40, 0x00, 0xc6, 0x00, 0x00, 0x83, 0xec, 0x0c, 0x68,
    0x0c, 0x2a, 0x40, 0x00, 0xe8, 0x58, 0xf9, 0xff, 0xff, 0x83, 0xc4, 0x10,
    0xeb, 0x01, 0x90, 0xc9, 0xc3, 0x55, 0x89, 0xe5, 0x83, 0xec, 0x08, 0x80,
    0x7d, 0x08, 0x2f, 0x7e, 0x1b, 0x80, 0x7d, 0x08, 0x39, 0x7f, 0x15, 0x83,
    0xec, 0x0c, 0x0f, 0xbe, 0x45, 0x08, 0x50, 0xe8, 0x1a, 0xfb, 0xff, 0xff,
    0x83, 0xc4, 0x10, 0xe9, 0x85, 0x00, 0x00, 0x00, 0x80, 0x7d, 0x08, 0x2e,
    0x75, 0x07, 0xe8, 0xc3, 0xfb, 0xff, 0xff, 0xeb, 0x78, 0x80, 0x7d, 0x08,
    0x2b, 0x74, 0x12, 0x80, 0x7d, 0x08, 0x2d, 0x74, 0x0c, 0x80, 0x7d, 0x08,
    0x2a, 0x74, 0x06, 0x80, 0x7d, 0x08, 0x2f, 0x75, 0x12, 0x83, 0xec, 0x0c,
    0x0f, 0xbe, 0x45, 0x08, 0x50, 0xe8, 0x5b, 0xfc, 0xff, 0xff, 0x83, 0xc4,
    0x10, 0xeb, 0x4e, 0x80, 0x7d, 0x08, 0x3d, 0x75, 0x07, 0xe8, 0x63, 0xfd,
    0xff, 0xff, 0xeb, 0x41, 0x80, 0x7d, 0x08, 0x25, 0x75, 0x07, 0xe8, 0xd6,
    0xfd, 0xff, 0xff, 0xeb, 0x34, 0x80, 0x7d, 0x08, 0x4e, 0x75, 0x07, 0xe8,
    0x12, 0xfe, 0xff, 0xff, 0xeb, 0x27, 0x80, 0x7d, 0x08, 0x42, 0x75, 0x07,
    0xe8, 0x14, 0xff, 0xff, 0xff, 0xeb, 0x1a, 0x80, 0x7d, 0x08, 0x45, 0x75,
    0x07, 0xe8, 0x13, 0xf9, 0xff, 0xff, 0xeb, 0x0d, 0x80, 0x7d, 0x08, 0x52,
    0x75, 0x07, 0xe8, 0x06, 0xf9, 0xff, 0xff, 0xeb, 0x00, 0x90, 0xc9, 0xc3,
    0x55, 0x89, 0xe5, 0x53, 0x83, 0xec, 0x14, 0x83, 0x7d, 0x1c, 0x00, 0x74,
    0x07, 0xb8, 0x08, 0x00, 0x00, 0x00, 0xeb, 0x05, 0xb8, 0x07, 0x00, 0x00,
    0x00, 0x83, 0xec, 0x0c, 0x50, 0xff, 0x75, 0x14, 0xff, 0x75, 0x10, 0xff,
    0x75, 0x0c, 0xff, 0x75, 0x08, 0xe8, 0x5d, 0x05, 0x00, 0x00, 0x83, 0xc4,
    0x20, 0x83, 0x7d, 0x1c, 0x00, 0x75, 0x66, 0x6a, 0x0f, 0xff, 0x75, 0x10,
    0xff, 0x75, 0x0c, 0xff, 0x75, 0x08, 0xe8, 0x95, 0x05, 0x00, 0x00, 0x83,
    0xc4, 0x10, 0x6a, 0x0f, 0xff, 0x75, 0x14, 0xff, 0x75, 0x0c, 0xff, 0x75,
    0x08, 0xe8, 0xb8, 0x05, 0x00, 0x00, 0x83, 0xc4, 0x10, 0x8b, 0x55, 0x0c,
    0x8b, 0x45, 0x14, 0x01, 0xd0, 0x83, 0xe8, 0x01, 0x6a, 0x08, 0xff, 0x75,
    0x10, 0x50, 0xff, 0x75, 0x08, 0xe8, 0x66, 0x05, 0x00, 0x00, 0x83, 0xc4,
    0x10, 0x8b, 0x45, 0x14, 0x8d, 0x48, 0xff, 0x8b, 0x45, 0x0c, 0x8d, 0x50,
    0x01, 0x8b, 0x5d, 0x08, 0x8b, 0x45, 0x10, 0x01, 0xd8, 0x83, 0xe8, 0x01,
    0x6a, 0x08, 0x51, 0x52, 0x50, 0xe8, 0x78, 0x05, 0x00, 0x00, 0x83, 0xc4,
    0x10, 0x83, 0xec, 0x0c, 0x6a, 0x00, 0xff, 0x75, 0x14, 0xff, 0x75, 0x10,
    0xff, 0x75, 0x0c, 0xff, 0x75, 0x08, 0xe8, 0x95, 0x05, 0x00, 0x00, 0x83,
    0xc4, 0x20, 0x83, 0xec, 0x0c, 0xff, 0x75, 0x18, 0xe8, 0x32, 0x08, 0x00,
    0x00, 0x83, 0xc4, 0x10, 0x89, 0x45, 0xf4, 0x8b, 0x45, 0x10, 0x2b, 0x45,
    0xf4, 0x89, 0xc2, 0xc1, 0xea, 0x1f, 0x01, 0xd0, 0xd1, 0xf8, 0x89, 0xc2,
    0x8b, 0x45, 0x08, 0x01, 0xd0, 0x89, 0x45, 0xf0, 0x8b, 0x45, 0x14, 0x83,
    0xe8, 0x10, 0x89, 0xc2, 0xc1, 0xea, 0x1f, 0x01, 0xd0, 0xd1, 0xf8, 0x89,
    0xc2, 0x8b, 0x45, 0x0c, 0x01, 0xd0, 0x89, 0x45, 0xec, 0x83, 0x7d, 0x1c,
    0x00, 0x74, 0x07, 0xb8, 0x0f, 0x00, 0x00, 0x00, 0xeb, 0x05, 0xb8, 0x00,
    0x00, 0x00, 0x00, 0x50, 0xff, 0x75, 0x18, 0xff, 0x75, 0xec, 0xff, 0x75,
    0xf0, 0xe8, 0x9e, 0x07, 0x00, 0x00, 0x83, 0xc4, 0x10, 0x90, 0x8b, 0x5d,
    0xfc, 0xc9, 0xc3, 0x55, 0x89, 0xe5, 0x83, 0xec, 0x38, 0x83, 0xec, 0x0c,
    0x6a, 0x07, 0xe8, 0xec, 0x03, 0x00, 0x00, 0x83, 0xc4, 0x10, 0x83, 0xec,
    0x0c, 0x6a, 0x00, 0x6a, 0x18, 0x68, 0xe4, 0x00, 0x00, 0x00, 0x6a, 0x06,
    0x6a, 0x06, 0xe8, 0x40, 0x04, 0x00, 0x00, 0x83, 0xc4, 0x20, 0x83, 0xec,
    0x0c, 0x6a, 0x07, 0x6a, 0x18, 0x68, 0xe4, 0x00, 0x00, 0x00, 0x6a, 0x06,
    0x6a, 0x06, 0xe8, 0xe5, 0x04, 0x00, 0x00, 0x83, 0xc4, 0x20, 0x0f, 0xb6,
    0x05, 0x08, 0x2a, 0x40, 0x00, 0x84, 0xc0, 0x74, 0x20, 0x0f, 0xb6, 0x05,
    0x08, 0x2a, 0x40, 0x00, 0x88, 0x45, 0xd6, 0xc6, 0x45, 0xd7, 0x00, 0x6a,
    0x0f, 0x8d, 0x45, 0xd6, 0x50, 0x6a, 0x0a, 0x6a, 0x0a, 0xe8, 0x2a, 0x07,
    0x00, 0x00, 0x83, 0xc4, 0x10, 0x83, 0xec, 0x0c, 0x68, 0x24, 0x2a, 0x40,
    0x00, 0xe8, 0x55, 0x07, 0x00, 0x00, 0x83, 0xc4, 0x10, 0x89, 0x45, 0xe8,
    0xb8, 0xe6, 0x00, 0x00, 0x00, 0x2b, 0x45, 0xe8, 0x6a, 0x0f, 0x68, 0x24,
    0x2a, 0x40, 0x00, 0x6a, 0x0a, 0x50, 0xe8, 0xfd, 0x06, 0x00, 0x00, 0x83,
    0xc4, 0x10, 0xc7, 0x45, 0xf4, 0x00, 0x00, 0x00, 0x00, 0xc7, 0x45, 0xf0,
    0x00, 0x00, 0x00, 0x00, 0xeb, 0x6e, 0xc7, 0x45, 0xec, 0x00, 0x00, 0x00,
    0x00, 0xeb, 0x5b, 0x8b, 0x45, 0xec, 0x6b, 0xc0, 0x3a, 0x83, 0xc0, 0x06,
    0x89, 0x45, 0xdc, 0x8b, 0x45, 0xf0, 0x6b, 0xc0, 0x16, 0x83, 0xc0, 0x26,
    0x89, 0x45, 0xd8, 0xa1, 0xf4, 0x29, 0x40, 0x00, 0x39, 0x45, 0xf4, 0x0f,
    0x94, 0xc0, 0x0f, 0xb6, 0xd0, 0x8b, 0x45, 0xf0, 0x8d, 0x0c, 0x85, 0x00,
    0x00, 0x00, 0x00, 0x8b, 0x45, 0xec, 0x01, 0xc8, 0x8b, 0x04, 0x85, 0xa0,
    0x29, 0x40, 0x00, 0x83, 0xec, 0x08, 0x52, 0x50, 0x6a, 0x12, 0x6a, 0x36,
    0xff, 0x75, 0xd8, 0xff, 0x75, 0xdc, 0xe8, 0xd9, 0xfd, 0xff, 0xff, 0x83,
    0xc4, 0x20, 0x83, 0x45, 0xec, 0x01, 0x83, 0x45, 0xf4, 0x01, 0x83, 0x7d,
    0xec, 0x03, 0x7e, 0x9f, 0x83, 0x45, 0xf0, 0x01, 0x83, 0x7d, 0xf0, 0x04,
    0x7e, 0x8c, 0xc7, 0x45, 0xe4, 0x94, 0x00, 0x00, 0x00, 0xc7, 0x45, 0xe0,
    0xe4, 0x00, 0x00, 0x00, 0xa1, 0xf4, 0x29, 0x40, 0x00, 0x39, 0x45, 0xf4,
    0x0f, 0x94, 0xc0, 0x0f, 0xb6, 0xc0, 0x83, 0xec, 0x08, 0x50, 0x68, 0xfe,
    0x18, 0x40, 0x00, 0x6a, 0x12, 0xff, 0x75, 0xe0, 0xff, 0x75, 0xe4, 0x6a,
    0x06, 0xe8, 0x8a, 0xfd, 0xff, 0xff, 0x83, 0xc4, 0x20, 0x90, 0xc9, 0xc3,
    0x55, 0x89, 0xe5, 0x83, 0xec, 0x10, 0x83, 0x7d, 0x08, 0x05, 0x7e, 0x09,
    0x81, 0x7d, 0x08, 0xe9, 0x00, 0x00, 0x00, 0x7e, 0x0a, 0xb8, 0xff, 0xff,
    0xff, 0xff, 0xe9, 0x94, 0x00, 0x00, 0x00, 0xc7, 0x45, 0xfc, 0x94, 0x00,
    0x00, 0x00, 0x8b, 0x45, 0x0c, 0x3b, 0x45, 0xfc, 0x7c, 0x12, 0x8b, 0x45,
    0xfc, 0x83, 0xc0, 0x11, 0x39, 0x45, 0x0c, 0x7f, 0x07, 0xb8, 0x14, 0x00,
    0x00, 0x00, 0xeb, 0x73, 0x83, 0x7d, 0x0c, 0x25, 0x7f, 0x07, 0xb8, 0xff,
    0xff, 0xff, 0xff, 0xeb, 0x66, 0x8b, 0x45, 0x0c, 0x8d, 0x48, 0xda, 0xba,
    0xe9, 0xa2, 0x8b, 0x2e, 0x89, 0xc8, 0xf7, 0xea, 0x89, 0xd0, 0xc1, 0xf8,
    0x02, 0xc1, 0xf9, 0x1f, 0x89, 0xca, 0x29, 0xd0, 0x89, 0x45, 0xf8, 0x83,
    0x7d, 0xf8, 0x04, 0x7e, 0x07, 0xb8, 0xff, 0xff, 0xff, 0xff, 0xeb, 0x3b,
    0x8b, 0x45, 0x08, 0x8d, 0x48, 0xfa, 0xba, 0x09, 0xcb, 0x3d, 0x8d, 0x89,
    0xc8, 0xf7, 0xea, 0x8d, 0x04, 0x0a, 0xc1, 0xf8, 0x05, 0xc1, 0xf9, 0x1f,
    0x89, 0xca, 0x29, 0xd0, 0x89, 0x45, 0xf4, 0x83, 0x7d, 0xf4, 0x03, 0x7e,
    0x07, 0xb8, 0xff, 0xff, 0xff, 0xff, 0xeb, 0x0f, 0x8b, 0x45, 0xf8, 0x8d,
    0x14, 0x85, 0x00, 0x00, 0x00, 0x00, 0x8b, 0x45, 0xf4, 0x01, 0xd0, 0xc9,
    0xc3, 0x55, 0x89, 0xe5, 0x83, 0xec, 0x18, 0xff, 0x75, 0x0c, 0xff, 0x75,
    0x08, 0xe8, 0x3a, 0xff, 0xff, 0xff, 0x83, 0xc4, 0x08, 0x89, 0x45, 0xf4,
    0x8b, 0x45, 0xf4, 0xa3, 0xf4, 0x29, 0x40, 0x00, 0xe8, 0xce, 0xfd, 0xff,
    0xff, 0xe8, 0xc9, 0x05, 0x00, 0x00, 0x90, 0xc9, 0xc3, 0x55, 0x89, 0xe5,
    0x83, 0xec, 0x18, 0xff, 0x75, 0x0c, 0xff, 0x75, 0x08, 0xe8, 0x0e, 0xff,
    0xff, 0xff, 0x83, 0xc4, 0x08, 0x89, 0x45, 0xf0, 0x83, 0x7d, 0xf0, 0x00,
    0x78, 0x12, 0xa1, 0xf4, 0x29, 0x40, 0x00, 0x39, 0x45, 0xf0, 0x75, 0x08,
    0x8b, 0x45, 0xf0, 0x89, 0x45, 0xf4, 0xeb, 0x07, 0xc7, 0x45, 0xf4, 0xff,
    0xff, 0xff, 0xff, 0xc7, 0x05, 0xf4, 0x29, 0x40, 0x00, 0xff, 0xff, 0xff,
    0xff, 0xe8, 0x81, 0xfd, 0xff, 0xff, 0xe8, 0x7c, 0x05, 0x00, 0x00, 0x83,
    0x7d, 0xf4, 0x00, 0x78, 0x66, 0x83, 0x7d, 0xf4, 0x14, 0x75, 0x0f, 0x83,
    0xec, 0x0c, 0x6a, 0x3d, 0xe8, 0x94, 0xfb, 0xff, 0xff, 0x83, 0xc4, 0x10,
    0xeb, 0x45, 0x8b, 0x45, 0xf4, 0x8d, 0x50, 0x03, 0x85, 0xc0, 0x0f, 0x48,
    0xc2, 0xc1, 0xf8, 0x02, 0x89, 0xc1, 0x8b, 0x55, 0xf4, 0x89, 0xd0, 0xc1,
    0xf8, 0x1f, 0xc1, 0xe8, 0x1e, 0x01, 0xc2, 0x83, 0xe2, 0x03, 0x29, 0xc2,
    0x89, 0xd0, 0x0f, 0xb6, 0x84, 0x88, 0x60, 0x18, 0x40, 0x00, 0x88, 0x45,
    0xef, 0x80, 0x7d, 0xef, 0x00, 0x74, 0x10, 0x83, 0xec, 0x0c, 0x0f, 0xbe,
    0x45, 0xef, 0x50, 0xe8, 0x4d, 0xfb, 0xff, 0xff, 0x83, 0xc4, 0x10, 0xe8,
    0x17, 0xfd, 0xff, 0xff, 0xe8, 0x12, 0x05, 0x00, 0x00, 0xeb, 0x01, 0x90,
    0xc9, 0xc3, 0x8d, 0x4c, 0x24, 0x04, 0x83, 0xe4, 0xf0, 0xff, 0x71, 0xfc,
    0x55, 0x89, 0xe5, 0x51, 0x83, 0xec, 0x24, 0xe8, 0xd5, 0xf4, 0xff, 0xff,
    0xe8, 0xf2, 0xfc, 0xff, 0xff, 0xe8, 0xed, 0x04, 0x00, 0x00, 0x83, 0xec,
    0x0c, 0x8d, 0x45, 0xe4, 0x50, 0xe8, 0x1d, 0x05, 0x00, 0x00, 0x83, 0xc4,
    0x10, 0x8b, 0x45, 0xe4, 0x83, 0xf8, 0x01, 0x75, 0x75, 0x0f, 0xb6, 0x45,
    0xf4, 0x3c, 0x1b, 0x75, 0x0d, 0x83, 0xec, 0x0c, 0x6a, 0x00, 0xe8, 0xa7,
    0x00, 0x00, 0x00, 0x83, 0xc4, 0x10, 0x0f, 0xb6, 0x45, 0xf4, 0x3c, 0x0a,
    0x74, 0x08, 0x0f, 0xb6, 0x45, 0xf4, 0x3c, 0x0d, 0x75, 0x0f, 0x83, 0xec,
    0x0c, 0x6a, 0x3d, 0xe8, 0xd5, 0xfa, 0xff, 0xff, 0x83, 0xc4, 0x10, 0xeb,
    0x32, 0x0f, 0xb6, 0x45, 0xf4, 0x3c, 0x7f, 0x74, 0x08, 0x0f, 0xb6, 0x45,
    0xf4, 0x3c, 0x08, 0x75, 0x0f, 0x83, 0xec, 0x0c, 0x6a, 0x42, 0xe8, 0xb6,
    0xfa, 0xff, 0xff, 0x83, 0xc4, 0x10, 0xeb, 0x13, 0x0f, 0xb6, 0x45, 0xf4,
    0x83, 0xec, 0x0c, 0x0f, 0xbe, 0xc0, 0x50, 0xe8, 0xa1, 0xfa, 0xff, 0xff,
    0x83, 0xc4, 0x10, 0xe8, 0x6b, 0xfc, 0xff, 0xff, 0xe8, 0x66, 0x04, 0x00,
    0x00, 0xe9, 0x74, 0xff, 0xff, 0xff, 0x8b, 0x45, 0xe4, 0x83, 0xf8, 0x02,
    0x75, 0x18, 0x8b, 0x55, 0xec, 0x8b, 0x45, 0xe8, 0x83, 0xec, 0x08, 0x52,
    0x50, 0xe8, 0x57, 0xfe, 0xff, 0xff, 0x83, 0xc4, 0x10, 0xe9, 0x54, 0xff,
    0xff, 0xff, 0x8b, 0x45, 0xe4, 0x83, 0xf8, 0x03, 0x0f, 0x85, 0x48, 0xff,
    0xff, 0xff, 0x8b, 0x55, 0xec, 0x8b, 0x45, 0xe8, 0x83, 0xec, 0x08, 0x52,
    0x50, 0xe8, 0x5f, 0xfe, 0xff, 0xff, 0x83, 0xc4, 0x10, 0xe9, 0x30, 0xff,
    0xff, 0xff, 0x55, 0x89, 0xe5, 0x83, 0xec, 0x08, 0x83, 0xec, 0x08, 0xff,
    0x75, 0x08, 0x6a, 0x04, 0xe8, 0x5f, 0x06, 0x00, 0x00, 0x83, 0xc4, 0x10,
    0x90, 0xc9, 0xc3, 0x55, 0x89, 0xe5, 0x83, 0xec, 0x10, 0xc7, 0x45, 0xfc,
    0x00, 0x00, 0x00, 0x00, 0xeb, 0x13, 0x8b, 0x45, 0x08, 0x89, 0xc2, 0x8b,
    0x45, 0xfc, 0x05, 0x40, 0x2a, 0x40, 0x00, 0x88, 0x10, 0x83, 0x45, 0xfc,
    0x01, 0x81, 0x7d, 0xfc, 0x5f, 0x9f, 0x00, 0x00, 0x7e, 0xe4, 0x90, 0x90,
    0xc9, 0xc3, 0x55, 0x89, 0xe5, 0x83, 0x7d, 0x08, 0x00, 0x78, 0x31, 0x83,
    0x7d, 0x0c, 0x00, 0x78, 0x2b, 0x81, 0x7d, 0x08, 0xef, 0x00, 0x00, 0x00,
    0x7f, 0x22, 0x81, 0x7d, 0x0c, 0xa9, 0x00, 0x00, 0x00, 0x7f, 0x19, 0x8b,
    0x45, 0x0c, 0x69, 0xd0, 0xf0, 0x00, 0x00, 0x00, 0x8b, 0x45, 0x08, 0x01,
    0xd0, 0x8b, 0x55, 0x10, 0x88, 0x90, 0x40, 0x2a, 0x40, 0x00, 0xeb, 0x01,
    0x90, 0x5d, 0xc3, 0x55, 0x89, 0xe5, 0x83, 0xec, 0x10, 0xc7, 0x45, 0xfc,
    0x00, 0x00, 0x00, 0x00, 0xeb, 0x36, 0xc7, 0x45, 0xf8, 0x00, 0x00, 0x00,
    0x00, 0xeb, 0x21, 0x8b, 0x55, 0x0c, 0x8b, 0x45, 0xfc, 0x01, 0xc2, 0x8b,
    0x4d, 0x08, 0x8b, 0x45, 0xf8, 0x01, 0xc8, 0xff, 0x75, 0x18, 0x52, 0x50,
    0xe8, 0x91, 0xff, 0xff, 0xff, 0x83, 0xc4, 0x0c, 0x83, 0x45, 0xf8, 0x01,
    0x8b, 0x45, 0xf8, 0x3b, 0x45, 0x10, 0x7c, 0xd7, 0x83, 0x45, 0xfc, 0x01,
    0x8b, 0x45, 0xfc, 0x3b, 0x45, 0x14, 0x7c, 0xc2, 0x90, 0x90, 0xc9, 0xc3,
    0x55, 0x89, 0xe5, 0x83, 0xec, 0x10, 0xc7, 0x45, 0xfc, 0x00, 0x00, 0x00,
    0x00, 0xeb, 0x1b, 0x8b, 0x55, 0x08, 0x8b, 0x45, 0xfc, 0x01, 0xd0, 0xff,
    0x75, 0x14, 0xff, 0x75, 0x0c, 0x50, 0xe8, 0x4f, 0xff, 0xff, 0xff, 0x83,
    0xc4, 0x0c, 0x83, 0x45, 0xfc, 0x01, 0x8b, 0x45, 0xfc, 0x3b, 0x45, 0x10,
    0x7c, 0xdd, 0x90, 0x90, 0xc9, 0xc3, 0x55, 0x89, 0xe5, 0x83, 0xec, 0x10,
    0xc7, 0x45, 0xfc, 0x00, 0x00, 0x00, 0x00, 0xeb, 0x1b, 0x8b, 0x55, 0x0c,
    0x8b, 0x45, 0xfc, 0x01, 0xd0, 0xff, 0x75, 0x14, 0x50, 0xff, 0x75, 0x08,
    0xe8, 0x19, 0xff, 0xff, 0xff, 0x83, 0xc4, 0x0c, 0x83, 0x45, 0xfc, 0x01,
    0x8b, 0x45, 0xfc, 0x3b, 0x45, 0x10, 0x7c, 0xdd, 0x90, 0x90, 0xc9, 0xc3,
    0x55, 0x89, 0xe5, 0xff, 0x75, 0x18, 0xff, 0x75, 0x10, 0xff, 0x75, 0x0c,
    0xff, 0x75, 0x08, 0xe8, 0x80, 0xff, 0xff, 0xff, 0x83, 0xc4, 0x10, 0x8b,
    0x55, 0x0c, 0x8b, 0x45, 0x14, 0x01, 0xd0, 0x83, 0xe8, 0x01, 0xff, 0x75,
    0x18, 0xff, 0x75, 0x10, 0x50, 0xff, 0x75, 0x08, 0xe8, 0x63, 0xff, 0xff,
    0xff, 0x83, 0xc4, 0x10, 0xff, 0x75, 0x18, 0xff, 0x75, 0x14, 0xff, 0x75,
    0x0c, 0xff, 0x75, 0x08, 0xe8, 0x85, 0xff, 0xff, 0xff, 0x83, 0xc4, 0x10,
    0x8b, 0x55, 0x08, 0x8b, 0x45, 0x10, 0x01, 0xd0, 0x83, 0xe8, 0x01, 0xff,
    0x75, 0x18, 0xff, 0x75, 0x14, 0xff, 0x75, 0x0c, 0x50, 0xe8, 0x68, 0xff,
    0xff, 0xff, 0x83, 0xc4, 0x10, 0x90, 0xc9, 0xc3, 0x55, 0x89, 0xe5, 0x53,
    0x83, 0xec, 0x10, 0x0f, 0xb6, 0x45, 0x10, 0x0f, 0xb6, 0xc0, 0xc1, 0xe0,
    0x04, 0x05, 0xa0, 0x19, 0x40, 0x00, 0x89, 0x45, 0xf0, 0xc7, 0x45, 0xf8,
    0x00, 0x00, 0x00, 0x00, 0xeb, 0x56, 0xc7, 0x45, 0xf4, 0x00, 0x00, 0x00,
    0x00, 0xeb, 0x43, 0x8b, 0x55, 0xf8, 0x8b, 0x45, 0xf0, 0x01, 0xd0, 0x0f,
    0xb6, 0x00, 0x0f, 0xb6, 0xd0, 0x8b, 0x45, 0xf4, 0xbb, 0x80, 0x00, 0x00,
    0x00, 0x89, 0xc1, 0xd3, 0xfb, 0x89, 0xd8, 0x21, 0xd0, 0x85, 0xc0, 0x74,
    0x1d, 0x8b, 0x55, 0x0c, 0x8b, 0x45, 0xf8, 0x01, 0xc2, 0x8b, 0x4d, 0x08,
    0x8b, 0x45, 0xf4, 0x01, 0xc8, 0xff, 0x75, 0x14, 0x52, 0x50, 0xe8, 0x37,
    0xfe, 0xff, 0xff, 0x83, 0xc4, 0x0c, 0x83, 0x45, 0xf4, 0x01, 0x83, 0x7d,
    0xf4, 0x07, 0x7e, 0xb7, 0x83, 0x45, 0xf8, 0x01, 0x83, 0x7d, 0xf8, 0x0f,
    0x7e, 0xa4, 0x90, 0x90, 0x8b, 0x5d, 0xfc, 0xc9, 0xc3, 0x55, 0x89, 0xe5,
    0x83, 0xec, 0x10, 0xa1, 0xa0, 0xd1, 0x40, 0x00, 0x85, 0xc0, 0x75, 0x7c,
    0xc7, 0x45, 0xfc, 0x00, 0x00, 0x00, 0x00, 0xeb, 0x5e, 0x8b, 0x45, 0xfc,
    0xc1, 0xe0, 0x04, 0x05, 0xa0, 0x19, 0x40, 0x00, 0x89, 0x45, 0xf4, 0xc7,
    0x45, 0xf8, 0x00, 0x00, 0x00, 0x00, 0xeb, 0x3d, 0x8b, 0x45, 0xf8, 0x01,
    0xc0, 0x89, 0xc2, 0x8b, 0x45, 0xf4, 0x01, 0xd0, 0x0f, 0xb6, 0x08, 0x8b,
    0x45, 0xf8, 0x01, 0xc0, 0x8d, 0x50, 0x01, 0x8b, 0x45, 0xf4, 0x01, 0xd0,
    0x0f, 0xb6, 0x00, 0x09, 0xc1, 0x89, 0xca, 0x8b, 0x45, 0xfc, 0x8d, 0x0c,
    0xc5, 0x00, 0x00, 0x00, 0x00, 0x8b, 0x45, 0xf8, 0x01, 0xc8, 0x05, 0xa0,
    0xc9, 0x40, 0x00, 0x88, 0x10, 0x83, 0x45, 0xf8, 0x01, 0x83, 0x7d, 0xf8,
    0x07, 0x7e, 0xbd, 0x83, 0x45, 0xfc, 0x01, 0x81, 0x7d, 0xfc, 0xff, 0x00,
    0x00, 0x00, 0x7e, 0x99, 0xc7, 0x05, 0xa0, 0xd1, 0x40, 0x00, 0x01, 0x00,
    0x00, 0x00, 0xeb, 0x01, 0x90, 0xc9, 0xc3, 0x55, 0x89, 0xe5, 0x53, 0x83,
    0xec, 0x10, 0xe8, 0x66, 0xff, 0xff, 0xff, 0x0f, 0xb6, 0x45, 0x10, 0x0f,
    0xb6, 0xc0, 0xc1, 0xe0, 0x03, 0x05, 0xa0, 0xc9, 0x40, 0x00, 0x89, 0x45,
    0xf0, 0xc7, 0x45, 0xf8, 0x00, 0x00, 0x00, 0x00, 0xeb, 0x56, 0xc7, 0x45,
    0xf4, 0x00, 0x00, 0x00, 0x00, 0xeb, 0x43, 0x8b, 0x55, 0xf8, 0x8b, 0x45,
    0xf0, 0x01, 0xd0, 0x0f, 0xb6, 0x00, 0x0f, 0xb6, 0xd0, 0x8b, 0x45, 0xf4,
    0xbb, 0x80, 0x00, 0x00, 0x00, 0x89, 0xc1, 0xd3, 0xfb, 0x89, 0xd8, 0x21,
    0xd0, 0x85, 0xc0, 0x74, 0x1d, 0x8b, 0x55, 0x0c, 0x8b, 0x45, 0xf8, 0x01,
    0xc2, 0x8b, 0x4d, 0x08, 0x8b, 0x45, 0xf4, 0x01, 0xc8, 0xff, 0x75, 0x14,
    0x52, 0x50, 0xe8, 0x1f, 0xfd, 0xff, 0xff, 0x83, 0xc4, 0x0c, 0x83, 0x45,
    0xf4, 0x01, 0x83, 0x7d, 0xf4, 0x07, 0x7e, 0xb7, 0x83, 0x45, 0xf8, 0x01,
    0x83, 0x7d, 0xf8, 0x07, 0x7e, 0xa4, 0x90, 0x90, 0x8b, 0x5d, 0xfc, 0xc9,
    0xc3, 0x55, 0x89, 0xe5, 0xeb, 0x23, 0x8b, 0x45, 0x10, 0x0f, 0xb6, 0x00,
    0xff, 0x75, 0x14, 0x0f, 0xbe, 0xc0, 0x50, 0xff, 0x75, 0x0c, 0xff, 0x75,
    0x08, 0xe8, 0x59, 0xff, 0xff, 0xff, 0x83, 0xc4, 0x10, 0x83, 0x45, 0x08,
    0x08, 0x83, 0x45, 0x10, 0x01, 0x83, 0x7d, 0x10, 0x00, 0x74, 0x0a, 0x8b,
    0x45, 0x10, 0x0f, 0xb6, 0x00, 0x84, 0xc0, 0x75, 0xcd, 0x90, 0xc9, 0xc3,
    0x55, 0x89, 0xe5, 0x83, 0xec, 0x10, 0xc7, 0x45, 0xfc, 0x00, 0x00, 0x00,
    0x00, 0xeb, 0x04, 0x83, 0x45, 0xfc, 0x01, 0x83, 0x7d, 0x08, 0x00, 0x74,
    0x0f, 0x8b, 0x55, 0xfc, 0x8b, 0x45, 0x08, 0x01, 0xd0, 0x0f, 0xb6, 0x00,
    0x84, 0xc0, 0x75, 0xe7, 0x8b, 0x45, 0xfc, 0xc1, 0xe0, 0x03, 0xc9, 0xc3,
    0x55, 0x89, 0xe5, 0xeb, 0x23, 0x8b, 0x45, 0x10, 0x0f, 0xb6, 0x00, 0xff,
    0x75, 0x14, 0x0f, 0xbe, 0xc0, 0x50, 0xff, 0x75, 0x0c, 0xff, 0x75, 0x08,
    0xe8, 0xdb, 0xfd, 0xff, 0xff, 0x83, 0xc4, 0x10, 0x83, 0x45, 0x08, 0x08,
    0x83, 0x45, 0x10, 0x01, 0x83, 0x7d, 0x10, 0x00, 0x74, 0x0a, 0x8b, 0x45,
    0x10, 0x0f, 0xb6, 0x00, 0x84, 0xc0, 0x75, 0xcd, 0x90, 0xc9, 0xc3, 0x55,
    0x89, 0xe5, 0x83, 0xec, 0x10, 0xc7, 0x45, 0xfc, 0x00, 0x00, 0x00, 0x00,
    0xeb, 0x04, 0x83, 0x45, 0xfc, 0x01, 0x83, 0x7d, 0x08, 0x00, 0x74, 0x0f,
    0x8b, 0x55, 0xfc, 0x8b, 0x45, 0x08, 0x01, 0xd0, 0x0f, 0xb6, 0x00, 0x84,
    0xc0, 0x75, 0xe7, 0x8b, 0x45, 0xfc, 0xc1, 0xe0, 0x03, 0xc9, 0xc3, 0x55,
    0x89, 0xe5, 0x83, 0xec, 0x18, 0x83, 0xec, 0x04, 0x6a, 0x00, 0x6a, 0x00,
    0x6a, 0x03, 0xe8, 0xee, 0x02, 0x00, 0x00, 0x83, 0xc4, 0x10, 0x89, 0x45,
    0xf4, 0x83, 0x7d, 0xf4, 0x00, 0x78, 0x19, 0x83, 0xec, 0x04, 0x68, 0x60,
    0x9f, 0x00, 0x00, 0x68, 0x40, 0x2a, 0x40, 0x00, 0x6a, 0x03, 0xe8, 0x98,
    0x02, 0x00, 0x00, 0x83, 0xc4, 0x10, 0xeb, 0x01, 0x90, 0xc9, 0xc3, 0x55,
    0x89, 0xe5, 0x83, 0xec, 0x18, 0xc7, 0x45, 0xf4, 0x00, 0x00, 0x00, 0x00,
    0x8b, 0x45, 0x08, 0xc7, 0x00, 0x00, 0x00, 0x00, 0x00, 0x8b, 0x45, 0x08,
    0xc7, 0x40, 0x08, 0x00, 0x00, 0x00, 0x00, 0x8b, 0x45, 0x08, 0x8b, 0x50,
    0x08, 0x8b, 0x45, 0x08, 0x89, 0x50, 0x04, 0x8b, 0x45, 0x08, 0xc7, 0x40,
    0x0c, 0x00, 0x00, 0x00, 0x00, 0x8b, 0x45, 0x08, 0xc6, 0x40, 0x10, 0x00,
    0x83, 0xec, 0x04, 0x6a, 0x01, 0x8d, 0x45, 0xef, 0x50, 0x6a, 0x00, 0xe8,
    0x5e, 0x02, 0x00, 0x00, 0x83, 0xc4, 0x10, 0x89, 0x45, 0xf0, 0x83, 0x7d,
    0xf0, 0x01, 0x0f, 0x85, 0x5d, 0x01, 0x00, 0x00, 0x83, 0x7d, 0xf4, 0x05,
    0x0f, 0x84, 0xfc, 0x00, 0x00, 0x00, 0x83, 0x7d, 0xf4, 0x05, 0x77, 0xd0,
    0x83, 0x7d, 0xf4, 0x04, 0x0f, 0x84, 0xd6, 0x00, 0x00, 0x00, 0x83, 0x7d,
    0xf4, 0x04, 0x77, 0xc0, 0x83, 0x7d, 0xf4, 0x03, 0x0f, 0x84, 0xb0, 0x00,
    0x00, 0x00, 0x83, 0x7d, 0xf4, 0x03, 0x77, 0xb0, 0x83, 0x7d, 0xf4, 0x02,
    0x0f, 0x84, 0x80, 0x00, 0x00, 0x00, 0x83, 0x7d, 0xf4, 0x02, 0x77, 0xa0,
    0x83, 0x7d, 0xf4, 0x00, 0x74, 0x0b, 0x83, 0x7d, 0xf4, 0x01, 0x74, 0x36,
    0xe9, 0x0d, 0x01, 0x00, 0x00, 0x0f, 0xb6, 0x45, 0xef, 0x3c, 0x1b, 0x75,
    0x0c, 0xc7, 0x45, 0xf4, 0x01, 0x00, 0x00, 0x00, 0xe9, 0xf9, 0x00, 0x00,
    0x00, 0x8b, 0x45, 0x08, 0xc7, 0x00, 0x01, 0x00, 0x00, 0x00, 0x0f, 0xb6,
    0x55, 0xef, 0x8b, 0x45, 0x08, 0x88, 0x50, 0x10, 0xb8, 0x01, 0x00, 0x00,
    0x00, 0xe9, 0xe1, 0x00, 0x00, 0x00, 0x0f, 0xb6, 0x45, 0xef, 0x3c, 0x5b,
    0x75, 0x0c, 0xc7, 0x45, 0xf4, 0x02, 0x00, 0x00, 0x00, 0xe9, 0xc8, 0x00,
    0x00, 0x00, 0x8b, 0x45, 0x08, 0xc7, 0x00, 0x01, 0x00, 0x00, 0x00, 0x0f,
    0xb6, 0x55, 0xef, 0x8b, 0x45, 0x08, 0x88, 0x50, 0x10, 0xc7, 0x45, 0xf4,
    0x00, 0x00, 0x00, 0x00, 0xb8, 0x01, 0x00, 0x00, 0x00, 0xe9, 0xa9, 0x00,
    0x00, 0x00, 0x0f, 0xb6, 0x45, 0xef, 0x3c, 0x4d, 0x75, 0x0c, 0xc7, 0x45,
    0xf4, 0x03, 0x00, 0x00, 0x00, 0xe9, 0x90, 0x00, 0x00, 0x00, 0xc7, 0x45,
    0xf4, 0x00, 0x00, 0x00, 0x00, 0xe9, 0x84, 0x00, 0x00, 0x00, 0x0f, 0xb6,
    0x45, 0xef, 0x0f, 0xb6, 0xd0, 0x8b, 0x45, 0x08, 0x89, 0x50, 0x0c, 0xc7,
    0x45, 0xf4, 0x04, 0x00, 0x00, 0x00, 0xeb, 0x6e, 0x0f, 0xb6, 0x45, 0xef,
    0x0f, 0xb6, 0xd0, 0x8b, 0x45, 0x08, 0x89, 0x50, 0x04, 0xc7, 0x45, 0xf4,
    0x05, 0x00, 0x00, 0x00, 0xeb, 0x58, 0x0f, 0xb6, 0x45, 0xef, 0x0f, 0xb6,
    0xd0, 0x8b, 0x45, 0x08, 0x89, 0x50, 0x08, 0x8b, 0x45, 0x08, 0x8b, 0x40,
    0x0c, 0x83, 0xf8, 0x01, 0x75, 0x0b, 0x8b, 0x45, 0x08, 0xc7, 0x00, 0x02,
    0x00, 0x00, 0x00, 0xeb, 0x26, 0x8b, 0x45, 0x08, 0x8b, 0x40, 0x0c, 0x83,
    0xf8, 0x02, 0x75, 0x0b, 0x8b, 0x45, 0x08, 0xc7, 0x00, 0x03, 0x00, 0x00,
    0x00, 0xeb, 0x10, 0x8b, 0x45, 0x08, 0xc7, 0x00, 0x01, 0x00, 0x00, 0x00,
    0x8b, 0x45, 0x08, 0xc6, 0x40, 0x10, 0x1b, 0xc7, 0x45, 0xf4, 0x00, 0x00,
    0x00, 0x00, 0xb8, 0x01, 0x00, 0x00, 0x00, 0xeb, 0x06, 0x90, 0xe9, 0x7d,
    0xfe, 0xff, 0xff, 0xc9, 0xc3, 0x55, 0x89, 0xe5, 0x83, 0xec, 0x10, 0xc7,
    0x45, 0xfc, 0x00, 0x00, 0x00, 0x00, 0xeb, 0x04, 0x83, 0x45, 0xfc, 0x01,
    0x8b, 0x55, 0x08, 0x8b, 0x45, 0xfc, 0x01, 0xd0, 0x0f, 0xb6, 0x00, 0x84,
    0xc0, 0x75, 0xed, 0x8b, 0x45, 0xfc, 0xc9, 0xc3, 0x55, 0x89, 0xe5, 0x83,
    0xec, 0x10, 0x8b, 0x45, 0x08, 0x89, 0x45, 0xfc, 0x90, 0x8b, 0x55, 0x0c,
    0x8d, 0x42, 0x01, 0x89, 0x45, 0x0c, 0x8b, 0x45, 0xfc, 0x8d, 0x48, 0x01,
    0x89, 0x4d, 0xfc, 0x0f, 0xb6, 0x12, 0x88, 0x10, 0x0f, 0xb6, 0x00, 0x84,
    0xc0, 0x75, 0xe2, 0x8b, 0x45, 0x08, 0xc9, 0xc3, 0x55, 0x89, 0xe5, 0x57,
    0x56, 0x53, 0x83, 0xec, 0x20, 0x8d, 0x45, 0x0c, 0x89, 0x45, 0xd8, 0x8b,
    0x45, 0xd8, 0x8d, 0x50, 0x04, 0x89, 0x55, 0xd8, 0x8b, 0x00, 0x89, 0x45,
    0xf0, 0x8b, 0x45, 0xd8, 0x8d, 0x50, 0x04, 0x89, 0x55, 0xd8, 0x8b, 0x00,
    0x89, 0x45, 0xec, 0x8b, 0x45, 0xd8, 0x8d, 0x50, 0x04, 0x89, 0x55, 0xd8,
    0x8b, 0x00, 0x89, 0x45, 0xe8, 0x8b, 0x45, 0xd8, 0x8d, 0x50, 0x04, 0x89,
    0x55, 0xd8, 0x8b, 0x00, 0x89, 0x45, 0xe4, 0x8b, 0x45, 0xd8, 0x8d, 0x50,
    0x04, 0x89, 0x55, 0xd8, 0x8b, 0x00, 0x89, 0x45, 0xe0, 0x8b, 0x45, 0x08,
    0x8b, 0x5d, 0xf0, 0x8b, 0x4d, 0xec, 0x8b, 0x55, 0xe8, 0x8b, 0x75, 0xe4,
    0x8b, 0x7d, 0xe0, 0xcd, 0x80, 0x89, 0x45, 0xdc, 0x8b, 0x45, 0xdc, 0x83,
    0xc4, 0x20, 0x5b, 0x5e, 0x5f, 0x5d, 0xc3, 0x55, 0x89, 0xe5, 0x83, 0xec,
    0x08, 0xff, 0x75, 0x10, 0xff, 0x75, 0x0c, 0xff, 0x75, 0x08, 0x6a, 0x01,
    0xe8, 0x73, 0xff, 0xff, 0xff, 0x83, 0xc4, 0x10, 0xc9, 0xc3, 0x55, 0x89,
    0xe5, 0x83, 0xec, 0x08, 0xff, 0x75, 0x10, 0xff, 0x75, 0x0c, 0xff, 0x75,
    0x08, 0x6a, 0x00, 0xe8, 0x58, 0xff, 0xff, 0xff, 0x83, 0xc4, 0x10, 0xc9,
    0xc3, 0x55, 0x89, 0xe5, 0x83, 0xec, 0x08, 0xff, 0x75, 0x10, 0xff, 0x75,
    0x0c, 0xff, 0x75, 0x08, 0x6a, 0x05, 0xe8, 0x3d, 0xff, 0xff, 0xff, 0x83,
    0xc4, 0x10, 0xc9, 0xc3, 0x00, 0x00, 0x00, 0x00, 0x00, 0x00, 0x00, 0x00,
    0x00, 0x00, 0x00, 0x00, 0x42, 0x45, 0x52, 0x25, 0x37, 0x38, 0x39, 0x2f,
    0x34, 0x35, 0x36, 0x2a, 0x31, 0x32, 0x33, 0x2d, 0x30, 0x4e, 0x2e, 0x2b,
    0x42, 0x53, 0x00, 0x43, 0x45, 0x00, 0x43, 0x00, 0x25, 0x00, 0x37, 0x00,
    0x38, 0x00, 0x39, 0x00, 0x2f, 0x00, 0x34, 0x00, 0x35, 0x00, 0x36, 0x00,
    0x2a, 0x00, 0x31, 0x00, 0x32, 0x00, 0x33, 0x00, 0x2d, 0x00, 0x30, 0x00,
    0xf1, 0x00, 0x2e, 0x00, 0x2b, 0x00, 0x00, 0x00, 0x00, 0x00, 0x00, 0x00,
    0x00, 0x00, 0xf0, 0x3f, 0x00, 0x00, 0x00, 0x00, 0x00, 0x00, 0x24, 0x40,
    0x00, 0x00, 0x00, 0x00, 0x00, 0x00, 0x59, 0x40, 0x00, 0x00, 0x00, 0x00,
    0x00, 0x40, 0x8f, 0x40, 0x00, 0x00, 0x00, 0x00, 0x00, 0x88, 0xc3, 0x40,
    0x00, 0x00, 0x00, 0x00, 0x00, 0x6a, 0xf8, 0x40, 0x00, 0x00, 0x00, 0x00,
    0x80, 0x84, 0x2e, 0x41, 0x00, 0x00, 0x00, 0x00, 0xd0, 0x12, 0x63, 0x41,
    0x00, 0x00, 0x00, 0x00, 0x84, 0xd7, 0x97, 0x41, 0x00, 0x00, 0x00, 0x00,
    0x65, 0xcd, 0xcd, 0x41, 0x00, 0x00, 0x00, 0x20, 0x5f, 0xa0, 0x02, 0x42,
    0x45, 0x72, 0x72, 0x6f, 0x72, 0x00, 0x3d, 0x00, 0x00, 0x00, 0x00, 0x00,
    0x00, 0x00, 0x00, 0xa0, 0x02, 0x40, 0x00, 0x00, 0x00, 0x00, 0x00, 0x00,
    0x9a, 0x99, 0x99, 0x99, 0x99, 0x99, 0xb9, 0x3f, 0x00, 0x00, 0x00, 0x00,
    0x00, 0x00, 0x00, 0x00, 0xcd, 0xcc, 0xcc, 0xcc, 0xcc, 0xcc, 0xcc, 0xcc,
    0xfb, 0x3f, 0x00, 0x00, 0x00, 0x00, 0x00, 0x00, 0x00, 0x00, 0x00, 0x00,
    0x00, 0x00, 0x00, 0x80, 0xfe, 0x3f, 0x00, 0x00, 0x00, 0x00, 0x00, 0x00,
    0x00, 0x00, 0x00, 0xd0, 0x88, 0xc3, 0x00, 0x42, 0x00, 0x00, 0x00, 0xd0,
    0x88, 0xc3, 0x00, 0xc2, 0x97, 0xa5, 0xb4, 0x36, 0x41, 0x5f, 0x70, 0x89,
    0xe1, 0x3f, 0x00, 0x00, 0x00, 0x00, 0x00, 0x00, 0xcc, 0x88, 0x50, 0x6f,
    0x09, 0xcc, 0xbc, 0x8c, 0xd7, 0x3f, 0x00, 0x00, 0x00, 0x00, 0x00, 0x00,
    0x9c, 0x75, 0x00, 0x88, 0x3c, 0xe4, 0x37, 0x7e, 0x00, 0x00, 0x00, 0x00,
    0x00, 0x00, 0x00, 0x00, 0x00, 0x00, 0x00, 0x00, 0x00, 0x00, 0x00, 0xc8,
    0x05, 0x40, 0x00, 0x00, 0x00, 0x00, 0x00, 0x00, 0x00, 0x00, 0x00, 0x00,
    0x00, 0x00, 0x00, 0x00, 0x00, 0x00, 0x00, 0x00, 0x00, 0x00, 0x00, 0x00,
    0x00, 0x00, 0x00, 0x00, 0x00, 0x00, 0x00, 0x00, 0x00, 0x00, 0x00, 0x00,
    0x00, 0x00, 0x00, 0x00, 0x00, 0x00, 0x7e, 0x81, 0xa5, 0x81, 0x81, 0xbd,
    0x99, 0x81, 0x81, 0x7e, 0x00, 0x00, 0x00, 0x00, 0x00, 0x00, 0x7e, 0xff,
    0xdb, 0xff, 0xff, 0xc3, 0xe7, 0xff, 0xff, 0x7e, 0x00, 0x00, 0x00, 0x00,
    0x00, 0x00, 0x00, 0x00, 0x6c, 0xfe, 0xfe, 0xfe, 0xfe, 0x7c, 0x38, 0x10,
    0x00, 0x00, 0x00, 0x00, 0x00, 0x00, 0x00, 0x00, 0x10, 0x38, 0x7c, 0xfe,
    0x7c, 0x38, 0x10, 0x00, 0x00, 0x00, 0x00, 0x00, 0x00, 0x00, 0x00, 0x18,
    0x3c, 0x3c, 0xe7, 0xe7, 0xe7, 0x18, 0x18, 0x3c, 0x00, 0x00, 0x00, 0x00,
    0x00, 0x00, 0x00, 0x18, 0x3c, 0x7e, 0xff, 0xff, 0x7e, 0x18, 0x18, 0x3c,
    0x00, 0x00, 0x00, 0x00, 0x00, 0x00, 0x00, 0x00, 0x00, 0x00, 0x18, 0x3c,
    0x3c, 0x18, 0x00, 0x00, 0x00, 0x00, 0x00, 0x00, 0xff, 0xff, 0xff, 0xff,
    0xff, 0xff, 0xe7, 0xc3, 0xc3, 0xe7, 0xff, 0xff, 0xff, 0xff, 0xff, 0xff,
    0x00, 0x00, 0x00, 0x00, 0x00, 0x3c, 0x66, 0x42, 0x42, 0x66, 0x3c, 0x00,
    0x00, 0x00, 0x00, 0x00, 0xff, 0xff, 0xff, 0xff, 0xff, 0xc3, 0x99, 0xbd,
    0xbd, 0x99, 0xc3, 0xff, 0xff, 0xff, 0xff, 0xff, 0x00, 0x00, 0x1e, 0x0e,
    0x1a, 0x32, 0x78, 0xcc, 0xcc, 0xcc, 0xcc, 0x78, 0x00, 0x00, 0x00, 0x00,
    0x00, 0x00, 0x3c, 0x66, 0x66, 0x66, 0x66, 0x3c, 0x18, 0x7e, 0x18, 0x18,
    0x00, 0x00, 0x00, 0x00, 0x00, 0x00, 0x3f, 0x33, 0x3f, 0x30, 0x30, 0x30,
    0x30, 0x70, 0xf0, 0xe0, 0x00, 0x00, 0x00, 0x00, 0x00, 0x00, 0x7f, 0x63,
    0x7f, 0x63, 0x63, 0x63, 0x63, 0x67, 0xe7, 0xe6, 0xc0, 0x00, 0x00, 0x00,
    0x00, 0x00, 0x00, 0x18, 0x18, 0xdb, 0x3c, 0xe7, 0x3c, 0xdb, 0x18, 0x18,
    0x00, 0x00, 0x00, 0x00, 0x00, 0x80, 0xc0, 0xe0, 0xf0, 0xf8, 0xfe, 0xf8,
    0xf0, 0xe0, 0xc0, 0x80, 0x00, 0x00, 0x00, 0x00, 0x00, 0x02, 0x06, 0x0e,
    0x1e, 0x3e, 0xfe, 0x3e, 0x1e, 0x0e, 0x06, 0x02, 0x00, 0x00, 0x00, 0x00,
    0x00, 0x00, 0x18, 0x3c, 0x7e, 0x18, 0x18, 0x18, 0x7e, 0x3c, 0x18, 0x00,
    0x00, 0x00, 0x00, 0x00, 0x00, 0x00, 0x66, 0x66, 0x66, 0x66, 0x66, 0x66,
    0x66, 0x00, 0x66, 0x66, 0x00, 0x00, 0x00, 0x00, 0x00, 0x00, 0x7f, 0xdb,
    0xdb, 0xdb, 0x7b, 0x1b, 0x1b, 0x1b, 0x1b, 0x1b, 0x00, 0x00, 0x00, 0x00,
    0x00, 0x7c, 0xc6, 0x60, 0x38, 0x6c, 0xc6, 0xc6, 0x6c, 0x38, 0x0c, 0xc6,
    0x7c, 0x00, 0x00, 0x00, 0x00, 0x00, 0x00, 0x00, 0x00, 0x00, 0x00, 0x00,
    0xfe, 0xfe, 0xfe, 0xfe, 0x00, 0x00, 0x00, 0x00, 0x00, 0x00, 0x18, 0x3c,
    0x7e, 0x18, 0x18, 0x18, 0x7e, 0x3c, 0x18, 0x7e, 0x00, 0x00, 0x00, 0x00,
    0x00, 0x00, 0x18, 0x3c, 0x7e, 0x18, 0x18, 0x18, 0x18, 0x18, 0x18, 0x18,
    0x00, 0x00, 0x00, 0x00, 0x00, 0x00, 0x18, 0x18, 0x18, 0x18, 0x18, 0x18,
    0x18, 0x7e, 0x3c, 0x18, 0x00, 0x00, 0x00, 0x00, 0x00, 0x00, 0x00, 0x00,
    0x00, 0x18, 0x0c, 0xfe, 0x0c, 0x18, 0x00, 0x00, 0x00, 0x00, 0x00, 0x00,
    0x00, 0x00, 0x00, 0x00, 0x00, 0x30, 0x60, 0xfe, 0x60, 0x30, 0x00, 0x00,
    0x00, 0x00, 0x00, 0x00, 0x00, 0x00, 0x00, 0x00, 0x00, 0x00, 0xc0, 0xc0,
    0xc0, 0xfe, 0x00, 0x00, 0x00, 0x00, 0x00, 0x00, 0x00, 0x00, 0x00, 0x00,
    0x00, 0x24, 0x66, 0xff, 0x66, 0x24, 0x00, 0x00, 0x00, 0x00, 0x00, 0x00,
    0x00, 0x00, 0x00, 0x00, 0x10, 0x38, 0x38, 0x7c, 0x7c, 0xfe, 0xfe, 0x00,
    0x00, 0x00, 0x00, 0x00, 0x00, 0x00, 0x00, 0x00, 0xfe, 0xfe, 0x7c, 0x7c,
    0x38, 0x38, 0x10, 0x00, 0x00, 0x00, 0x00, 0x00, 0x00, 0x00, 0x00, 0x00,
    0x00, 0x00, 0x00, 0x00, 0x00, 0x00, 0x00, 0x00, 0x00, 0x00, 0x00, 0x00,
    0x00, 0x00, 0x18, 0x3c, 0x3c, 0x3c, 0x18, 0x18, 0x18, 0x00, 0x18, 0x18,
    0x00, 0x00, 0x00, 0x00, 0x00, 0x66, 0x66, 0x66, 0x24, 0x00, 0x00, 0x00,
    0x00, 0x00, 0x00, 0x00, 0x00, 0x00, 0x00, 0x00, 0x00, 0x00, 0x00, 0x6c,
    0x6c, 0xfe, 0x6c, 0x6c, 0x6c, 0xfe, 0x6c, 0x6c, 0x00, 0x00, 0x00, 0x00,
    0x18, 0x18, 0x7c, 0xc6, 0xc2, 0xc0, 0x7c, 0x06, 0x06, 0x86, 0xc6, 0x7c,
    0x18, 0x18, 0x00, 0x00, 0x00, 0x00, 0x00, 0x00, 0xc2, 0xc6, 0x0c, 0x18,
    0x30, 0x60, 0xc6, 0x86, 0x00, 0x00, 0x00, 0x00, 0x00, 0x00, 0x38, 0x6c,
    0x6c, 0x38, 0x76, 0xdc, 0xcc, 0xcc, 0xcc, 0x76, 0x00, 0x00, 0x00, 0x00,
    0x00, 0x30, 0x30, 0x30, 0x60, 0x00, 0x00, 0x00, 0x00, 0x00, 0x00, 0x00,
    0x00, 0x00, 0x00, 0x00, 0x00, 0x00, 0x0c, 0x18, 0x30, 0x30, 0x30, 0x30,
    0x30, 0x30, 0x18, 0x0c, 0x00, 0x00, 0x00, 0x00, 0x00, 0x00, 0x30, 0x18,
    0x0c, 0x0c, 0x0c, 0x0c, 0x0c, 0x0c, 0x18, 0x30, 0x00, 0x00, 0x00, 0x00,
    0x00, 0x00, 0x00, 0x00, 0x00, 0x66, 0x3c, 0xff, 0x3c, 0x66, 0x00, 0x00,
    0x00, 0x00, 0x00, 0x00, 0x00, 0x00, 0x00, 0x00, 0x00, 0x18, 0x18, 0x7e,
    0x18, 0x18, 0x00, 0x00, 0x00, 0x00, 0x00, 0x00, 0x00, 0x00, 0x00, 0x00,
    0x00, 0x00, 0x00, 0x00, 0x00, 0x18, 0x18, 0x18, 0x30, 0x00, 0x00, 0x00,
    0x00, 0x00, 0x00, 0x00, 0x00, 0x00, 0x00, 0x7e, 0x00, 0x00, 0x00, 0x00,
    0x00, 0x00, 0x00, 0x00, 0x00, 0x00, 0x00, 0x00, 0x00, 0x00, 0x00, 0x00,
    0x00, 0x00, 0x18, 0x18, 0x00, 0x00, 0x00, 0x00, 0x00, 0x00, 0x00, 0x00,
    0x02, 0x06, 0x0c, 0x18, 0x30, 0x60, 0xc0, 0x80, 0x00, 0x00, 0x00, 0x00,
    0x00, 0x00, 0x7c, 0xc6, 0xc6, 0xce, 0xde, 0xf6, 0xe6, 0xc6, 0xc6, 0x7c,
    0x00, 0x00, 0x00, 0x00, 0x00, 0x00, 0x18, 0x38, 0x78, 0x18, 0x18, 0x18,
    0x18, 0x18, 0x18, 0x7e, 0x00, 0x00, 0x00, 0x00, 0x00, 0x00, 0x7c, 0xc6,
    0x06, 0x0c, 0x18, 0x30, 0x60, 0xc0, 0xc6, 0xfe, 0x00, 0x00, 0x00, 0x00,
    0x00, 0x00, 0x7c, 0xc6, 0x06, 0x06, 0x3c, 0x06, 0x06, 0x06, 0xc6, 0x7c,
    0x00, 0x00, 0x00, 0x00, 0x00, 0x00, 0x0c, 0x1c, 0x3c, 0x6c, 0xcc, 0xfe,
    0x0c, 0x0c, 0x0c, 0x1e, 0x00, 0x00, 0x00, 0x00, 0x00, 0x00, 0xfe, 0xc0,
    0xc0, 0xc0, 0xfc, 0x06, 0x06, 0x06, 0xc6, 0x7c, 0x00, 0x00, 0x00, 0x00,
    0x00, 0x00, 0x38, 0x60, 0xc0, 0xc0, 0xfc, 0xc6, 0xc6, 0xc6, 0xc6, 0x7c,
    0x00, 0x00, 0x00, 0x00, 0x00, 0x00, 0xfe, 0xc6, 0x06, 0x06, 0x0c, 0x18,
    0x30, 0x30, 0x30, 0x30, 0x00, 0x00, 0x00, 0x00, 0x00, 0x00, 0x7c, 0xc6,
    0xc6, 0xc6, 0x7c, 0xc6, 0xc6, 0xc6, 0xc6, 0x7c, 0x00, 0x00, 0x00, 0x00,
    0x00, 0x00, 0x7c, 0xc6, 0xc6, 0xc6, 0x7e, 0x06, 0x06, 0x06, 0x0c, 0x78,
    0x00, 0x00, 0x00, 0x00, 0x00, 0x00, 0x00, 0x00, 0x18, 0x18, 0x00, 0x00,
    0x00, 0x18, 0x18, 0x00, 0x00, 0x00, 0x00, 0x00, 0x00, 0x00, 0x00, 0x00,
    0x18, 0x18, 0x00, 0x00, 0x00, 0x18, 0x18, 0x30, 0x00, 0x00, 0x00, 0x00,
    0x00, 0x00, 0x00, 0x06, 0x0c, 0x18, 0x30, 0x60, 0x30, 0x18, 0x0c, 0x06,
    0x00, 0x00, 0x00, 0x00, 0x00, 0x00, 0x00, 0x00, 0x00, 0x7e, 0x00, 0x00,
    0x7e, 0x00, 0x00, 0x00, 0x00, 0x00, 0x00, 0x00, 0x00, 0x00, 0x00, 0x60,
    0x30, 0x18, 0x0c, 0x06, 0x0c, 0x18, 0x30, 0x60, 0x00, 0x00, 0x00, 0x00,
    0x00, 0x00, 0x7c, 0xc6, 0xc6, 0x0c, 0x18, 0x18, 0x18, 0x00, 0x18, 0x18,
    0x00, 0x00, 0x00, 0x00, 0x00, 0x00, 0x7c, 0xc6, 0xc6, 0xc6, 0xde, 0xde,
    0xde, 0xdc, 0xc0, 0x7c, 0x00, 0x00, 0x00, 0x00, 0x00, 0x00, 0x10, 0x38,
    0x6c, 0xc6, 0xc6, 0xfe, 0xc6, 0xc6, 0xc6, 0xc6, 0x00, 0x00, 0x00, 0x00,
    0x00, 0x00, 0xfc, 0x66, 0x66, 0x66, 0x7c, 0x66, 0x66, 0x66, 0x66, 0xfc,
    0x00, 0x00, 0x00, 0x00, 0x00, 0x00, 0x3c, 0x66, 0xc2, 0xc0, 0xc0, 0xc0,
    0xc0, 0xc2, 0x66, 0x3c, 0x00, 0x00, 0x00, 0x00, 0x00, 0x00, 0xf8, 0x6c,
    0x66, 0x66, 0x66, 0x66, 0x66, 0x66, 0x6c, 0xf8, 0x00, 0x00, 0x00, 0x00,
    0x00, 0x00, 0xfe, 0x66, 0x62, 0x68, 0x78, 0x68, 0x60, 0x62, 0x66, 0xfe,
    0x00, 0x00, 0x00, 0x00, 0x00, 0x00, 0xfe, 0x66, 0x62, 0x68, 0x78, 0x68,
    0x60, 0x60, 0x60, 0xf0, 0x00, 0x00, 0x00, 0x00, 0x00, 0x00, 0x3c, 0x66,
    0xc2, 0xc0, 0xc0, 0xde, 0xc6, 0xc6, 0x66, 0x3a, 0x00, 0x00, 0x00, 0x00,
    0x00, 0x00, 0xc6, 0xc6, 0xc6, 0xc6, 0xfe, 0xc6, 0xc6, 0xc6, 0xc6, 0xc6,
    0x00, 0x00, 0x00, 0x00, 0x00, 0x00, 0x3c, 0x18, 0x18, 0x18, 0x18, 0x18,
    0x18, 0x18, 0x18, 0x3c, 0x00, 0x00, 0x00, 0x00, 0x00, 0x00, 0x1e, 0x0c,
    0x0c, 0x0c, 0x0c, 0x0c, 0xcc, 0xcc, 0xcc, 0x78, 0x00, 0x00, 0x00, 0x00,
    0x00, 0x00, 0xe6, 0x66, 0x66, 0x6c, 0x78, 0x78, 0x6c, 0x66, 0x66, 0xe6,
    0x00, 0x00, 0x00, 0x00, 0x00, 0x00, 0xf0, 0x60, 0x60, 0x60, 0x60, 0x60,
    0x60, 0x62, 0x66, 0xfe, 0x00, 0x00, 0x00, 0x00, 0x00, 0x00, 0xc3, 0xe7,
    0xff, 0xff, 0xdb, 0xc3, 0xc3, 0xc3, 0xc3, 0xc3, 0x00, 0x00, 0x00, 0x00,
    0x00, 0x00, 0xc6, 0xe6, 0xf6, 0xfe, 0xde, 0xce, 0xc6, 0xc6, 0xc6, 0xc6,
    0x00, 0x00, 0x00, 0x00, 0x00, 0x00, 0x7c, 0xc6, 0xc6, 0xc6, 0xc6, 0xc6,
    0xc6, 0xc6, 0xc6, 0x7c, 0x00, 0x00, 0x00, 0x00, 0x00, 0x00, 0xfc, 0x66,
    0x66, 0x66, 0x7c, 0x60, 0x60, 0x60, 0x60, 0xf0, 0x00, 0x00, 0x00, 0x00,
    0x00, 0x00, 0x7c, 0xc6, 0xc6, 0xc6, 0xc6, 0xc6, 0xc6, 0xd6, 0xde, 0x7c,
    0x0c, 0x0e, 0x00, 0x00, 0x00, 0x00, 0xfc, 0x66, 0x66, 0x66, 0x7c, 0x6c,
    0x66, 0x66, 0x66, 0xe6, 0x00, 0x00, 0x00, 0x00, 0x00, 0x00, 0x7c, 0xc6,
    0xc6, 0x60, 0x38, 0x0c, 0x06, 0xc6, 0xc6, 0x7c, 0x00, 0x00, 0x00, 0x00,
    0x00, 0x00, 0xff, 0xdb, 0x99, 0x18, 0x18, 0x18, 0x18, 0x18, 0x18, 0x3c,
    0x00, 0x00, 0x00, 0x00, 0x00, 0x00, 0xc6, 0xc6, 0xc6, 0xc6, 0xc6, 0xc6,
    0xc6, 0xc6, 0xc6, 0x7c, 0x00, 0x00, 0x00, 0x00, 0x00, 0x00, 0xc3, 0xc3,
    0xc3, 0xc3, 0xc3, 0xc3, 0xc3, 0x66, 0x3c, 0x18, 0x00, 0x00, 0x00, 0x00,
    0x00, 0x00, 0xc3, 0xc3, 0xc3, 0xc3, 0xc3, 0xdb, 0xdb, 0xff, 0x66, 0x66,
    0x00, 0x00, 0x00, 0x00, 0x00, 0x00, 0xc3, 0xc3, 0x66, 0x3c, 0x18, 0x18,
    0x3c, 0x66, 0xc3, 0xc3, 0x00, 0x00, 0x00, 0x00, 0x00, 0x00, 0xc3, 0xc3,
    0xc3, 0x66, 0x3c, 0x18, 0x18, 0x18, 0x18, 0x3c, 0x00, 0x00, 0x00, 0x00,
    0x00, 0x00, 0xff, 0xc3, 0x86, 0x0c, 0x18, 0x30, 0x60, 0xc1, 0xc3, 0xff,
    0x00, 0x00, 0x00, 0x00, 0x00, 0x00, 0x3c, 0x30, 0x30, 0x30, 0x30, 0x30,
    0x30, 0x30, 0x30, 0x3c, 0x00, 0x00, 0x00, 0x00, 0x00, 0x00, 0x00, 0x80,
    0xc0, 0xe0, 0x70, 0x38, 0x1c, 0x0e, 0x06, 0x02, 0x00, 0x00, 0x00, 0x00,
    0x00, 0x00, 0x3c, 0x0c, 0x0c, 0x0c, 0x0c, 0x0c, 0x0c, 0x0c, 0x0c, 0x3c,
    0x00, 0x00, 0x00, 0x00, 0x10, 0x38, 0x6c, 0xc6, 0x00, 0x00, 0x00, 0x00,
    0x00, 0x00, 0x00, 0x00, 0x00, 0x00, 0x00, 0x00, 0x00, 0x00, 0x00, 0x00,
    0x00, 0x00, 0x00, 0x00, 0x00, 0x00, 0x00, 0x00, 0x00, 0xff, 0x00, 0x00,
    0x30, 0x30, 0x18, 0x00, 0x00, 0x00, 0x00, 0x00, 0x00, 0x00, 0x00, 0x00,
    0x00, 0x00, 0x00, 0x00, 0x00, 0x00, 0x00, 0x00, 0x00, 0x78, 0x0c, 0x7c,
    0xcc, 0xcc, 0xcc, 0x76, 0x00, 0x00, 0x00, 0x00, 0x00, 0x00, 0xe0, 0x60,
    0x60, 0x78, 0x6c, 0x66, 0x66, 0x66, 0x66, 0x7c, 0x00, 0x00, 0x00, 0x00,
    0x00, 0x00, 0x00, 0x00, 0x00, 0x7c, 0xc6, 0xc0, 0xc0, 0xc0, 0xc6, 0x7c,
    0x00, 0x00, 0x00, 0x00, 0x00, 0x00, 0x1c, 0x0c, 0x0c, 0x3c, 0x6c, 0xcc,
    0xcc, 0xcc, 0xcc, 0x76, 0x00, 0x00, 0x00, 0x00, 0x00, 0x00, 0x00, 0x00,
    0x00, 0x7c, 0xc6, 0xfe, 0xc0, 0xc0, 0xc6, 0x7c, 0x00, 0x00, 0x00, 0x00,
    0x00, 0x00, 0x38, 0x6c, 0x64, 0x60, 0xf0, 0x60, 0x60, 0x60, 0x60, 0xf0,
    0x00, 0x00, 0x00, 0x00, 0x00, 0x00, 0x00, 0x00, 0x00, 0x76, 0xcc, 0xcc,
    0xcc, 0xcc, 0xcc, 0x7c, 0x0c, 0xcc, 0x78, 0x00, 0x00, 0x00, 0xe0, 0x60,
    0x60, 0x6c, 0x76, 0x66, 0x66, 0x66, 0x66, 0xe6, 0x00, 0x00, 0x00, 0x00,
    0x00, 0x00, 0x18, 0x18, 0x00, 0x38, 0x18, 0x18, 0x18, 0x18, 0x18, 0x3c,
    0x00, 0x00, 0x00, 0x00, 0x00, 0x00, 0x06, 0x06, 0x00, 0x0e, 0x06, 0x06,
    0x06, 0x06, 0x06, 0x06, 0x66, 0x66, 0x3c, 0x00, 0x00, 0x00, 0xe0, 0x60,
    0x60, 0x66, 0x6c, 0x78, 0x78, 0x6c, 0x66, 0xe6, 0x00, 0x00, 0x00, 0x00,
    0x00, 0x00, 0x38, 0x18, 0x18, 0x18, 0x18, 0x18, 0x18, 0x18, 0x18, 0x3c,
    0x00, 0x00, 0x00, 0x00, 0x00, 0x00, 0x00, 0x00, 0x00, 0xe6, 0xff, 0xdb,
    0xdb, 0xdb, 0xdb, 0xdb, 0x00, 0x00, 0x00, 0x00, 0x00, 0x00, 0x00, 0x00,
    0x00, 0xdc, 0x66, 0x66, 0x66, 0x66, 0x66, 0x66, 0x00, 0x00, 0x00, 0x00,
    0x00, 0x00, 0x00, 0x00, 0x00, 0x7c, 0xc6, 0xc6, 0xc6, 0xc6, 0xc6, 0x7c,
    0x00, 0x00, 0x00, 0x00, 0x00, 0x00, 0x00, 0x00, 0x00, 0xdc, 0x66, 0x66,
    0x66, 0x66, 0x66, 0x7c, 0x60, 0x60, 0xf0, 0x00, 0x00, 0x00, 0x00, 0x00,
    0x00, 0x76, 0xcc, 0xcc, 0xcc, 0xcc, 0xcc, 0x7c, 0x0c, 0x0c, 0x1e, 0x00,
    0x00, 0x00, 0x00, 0x00, 0x00, 0xdc, 0x76, 0x66, 0x60, 0x60, 0x60, 0xf0,
    0x00, 0x00, 0x00, 0x00, 0x00, 0x00, 0x00, 0x00, 0x00, 0x7c, 0xc6, 0x60,
    0x38, 0x0c, 0xc6, 0x7c, 0x00, 0x00, 0x00, 0x00, 0x00, 0x00, 0x10, 0x30,
    0x30, 0xfc, 0x30, 0x30, 0x30, 0x30, 0x36, 0x1c, 0x00, 0x00, 0x00, 0x00,
    0x00, 0x00, 0x00, 0x00, 0x00, 0xcc, 0xcc, 0xcc, 0xcc, 0xcc, 0xcc, 0x76,
    0x00, 0x00, 0x00, 0x00, 0x00, 0x00, 0x00, 0x00, 0x00, 0xc3, 0xc3, 0xc3,
    0xc3, 0x66, 0x3c, 0x18, 0x00, 0x00, 0x00, 0x00, 0x00, 0x00, 0x00, 0x00,
    0x00, 0xc3, 0xc3, 0xc3, 0xdb, 0xdb, 0xff, 0x66, 0x00, 0x00, 0x00, 0x00,
    0x00, 0x00, 0x00, 0x00, 0x00, 0xc3, 0x66, 0x3c, 0x18, 0x3c, 0x66, 0xc3,
    0x00, 0x00, 0x00, 0x00, 0x00, 0x00, 0x00, 0x00, 0x00, 0xc6, 0xc6, 0xc6,
    0xc6, 0xc6, 0xc6, 0x7e, 0x06, 0x0c, 0xf8, 0x00, 0x00, 0x00, 0x00, 0x00,
    0x00, 0xfe, 0xcc, 0x18, 0x30, 0x60, 0xc6, 0xfe, 0x00, 0x00, 0x00, 0x00,
    0x00, 0x00, 0x0e, 0x18, 0x18, 0x18, 0x70, 0x18, 0x18, 0x18, 0x18, 0x0e,
    0x00, 0x00, 0x00, 0x00, 0x00, 0x00, 0x18, 0x18, 0x18, 0x18, 0x00, 0x18,
    0x18, 0x18, 0x18, 0x18, 0x00, 0x00, 0x00, 0x00, 0x00, 0x00, 0x70, 0x18,
    0x18, 0x18, 0x0e, 0x18, 0x18, 0x18, 0x18, 0x70, 0x00, 0x00, 0x00, 0x00,
    0x00, 0x00, 0x76, 0xdc, 0x00, 0x00, 0x00, 0x00, 0x00, 0x00, 0x00, 0x00,
    0x00, 0x00, 0x00, 0x00, 0x00, 0x00, 0x00, 0x00, 0x10, 0x38, 0x6c, 0xc6,
    0xc6, 0xc6, 0xfe, 0x00, 0x00, 0x00, 0x00, 0x00, 0x00, 0x00, 0x3c, 0x66,
    0xc2, 0xc0, 0xc0, 0xc0, 0xc2, 0x66, 0x3c, 0x0c, 0x06, 0x7c, 0x00, 0x00,
    0x00, 0x00, 0xcc, 0x00, 0x00, 0xcc, 0xcc, 0xcc, 0xcc, 0xcc, 0xcc, 0x76,
    0x00, 0x00, 0x00, 0x00, 0x00, 0x0c, 0x18, 0x30, 0x00, 0x7c, 0xc6, 0xfe,
    0xc0, 0xc0, 0xc6, 0x7c, 0x00, 0x00, 0x00, 0x00, 0x00, 0x10, 0x38, 0x6c,
    0x00, 0x78, 0x0c, 0x7c, 0xcc, 0xcc, 0xcc, 0x76, 0x00, 0x00, 0x00, 0x00,
    0x00, 0x00, 0xcc, 0x00, 0x00, 0x78, 0x0c, 0x7c, 0xcc, 0xcc, 0xcc, 0x76,
    0x00, 0x00, 0x00, 0x00, 0x00, 0x60, 0x30, 0x18, 0x00, 0x78, 0x0c, 0x7c,
    0xcc, 0xcc, 0xcc, 0x76, 0x00, 0x00, 0x00, 0x00, 0x00, 0x38, 0x6c, 0x38,
    0x00, 0x78, 0x0c, 0x7c, 0xcc, 0xcc, 0xcc, 0x76, 0x00, 0x00, 0x00, 0x00,
    0x00, 0x00, 0x00, 0x00, 0x3c, 0x66, 0x60, 0x60, 0x66, 0x3c, 0x0c, 0x06,
    0x3c, 0x00, 0x00, 0x00, 0x00, 0x10, 0x38, 0x6c, 0x00, 0x7c, 0xc6, 0xfe,
    0xc0, 0xc0, 0xc6, 0x7c, 0x00, 0x00, 0x00, 0x00, 0x00, 0x00, 0xc6, 0x00,
    0x00, 0x7c, 0xc6, 0xfe, 0xc0, 0xc0, 0xc6, 0x7c, 0x00, 0x00, 0x00, 0x00,
    0x00, 0x60, 0x30, 0x18, 0x00, 0x7c, 0xc6, 0xfe, 0xc0, 0xc0, 0xc6, 0x7c,
    0x00, 0x00, 0x00, 0x00, 0x00, 0x00, 0x66, 0x00, 0x00, 0x38, 0x18, 0x18,
    0x18, 0x18, 0x18, 0x3c, 0x00, 0x00, 0x00, 0x00, 0x00, 0x18, 0x3c, 0x66,
    0x00, 0x38, 0x18, 0x18, 0x18, 0x18, 0x18, 0x3c, 0x00, 0x00, 0x00, 0x00,
    0x00, 0x60, 0x30, 0x18, 0x00, 0x38, 0x18, 0x18, 0x18, 0x18, 0x18, 0x3c,
    0x00, 0x00, 0x00, 0x00, 0x00, 0xc6, 0x00, 0x10, 0x38, 0x6c, 0xc6, 0xc6,
    0xfe, 0xc6, 0xc6, 0xc6, 0x00, 0x00, 0x00, 0x00, 0x38, 0x6c, 0x38, 0x00,
    0x38, 0x6c, 0xc6, 0xc6, 0xfe, 0xc6, 0xc6, 0xc6, 0x00, 0x00, 0x00, 0x00,
    0x18, 0x30, 0x60, 0x00, 0xfe, 0x66, 0x60, 0x7c, 0x60, 0x60, 0x66, 0xfe,
    0x00, 0x00, 0x00, 0x00, 0x00, 0x00, 0x00, 0x00, 0x00, 0x6e, 0x3b, 0x1b,
    0x7e, 0xd8, 0xdc, 0x77, 0x00, 0x00, 0x00, 0x00, 0x00, 0x00, 0x3e, 0x6c,
    0xcc, 0xcc, 0xfe, 0xcc, 0xcc, 0xcc, 0xcc, 0xce, 0x00, 0x00, 0x00, 0x00,
    0x00, 0x10, 0x38, 0x6c, 0x00, 0x7c, 0xc6, 0xc6, 0xc6, 0xc6, 0xc6, 0x7c,
    0x00, 0x00, 0x00, 0x00, 0x00, 0x00, 0xc6, 0x00, 0x00, 0x7c, 0xc6, 0xc6,
    0xc6, 0xc6, 0xc6, 0x7c, 0x00, 0x00, 0x00, 0x00, 0x00, 0x60, 0x30, 0x18,
    0x00, 0x7c, 0xc6, 0xc6, 0xc6, 0xc6, 0xc6, 0x7c, 0x00, 0x00, 0x00, 0x00,
    0x00, 0x30, 0x78, 0xcc, 0x00, 0xcc, 0xcc, 0xcc, 0xcc, 0xcc, 0xcc, 0x76,
    0x00, 0x00, 0x00, 0x00, 0x00, 0x60, 0x30, 0x18, 0x00, 0xcc, 0xcc, 0xcc,
    0xcc, 0xcc, 0xcc, 0x76, 0x00, 0x00, 0x00, 0x00, 0x00, 0x00, 0xc6, 0x00,
    0x00, 0xc6, 0xc6, 0xc6, 0xc6, 0xc6, 0xc6, 0x7e, 0x06, 0x0c, 0x78, 0x00,
    0x00, 0xc6, 0x00, 0x7c, 0xc6, 0xc6, 0xc6, 0xc6, 0xc6, 0xc6, 0xc6, 0x7c,
    0x00, 0x00, 0x00, 0x00, 0x00, 0xc6, 0x00, 0xc6, 0xc6, 0xc6, 0xc6, 0xc6,
    0xc6, 0xc6, 0xc6, 0x7c, 0x00, 0x00, 0x00, 0x00, 0x00, 0x18, 0x18, 0x7e,
    0xc3, 0xc0, 0xc0, 0xc0, 0xc3, 0x7e, 0x18, 0x18, 0x00, 0x00, 0x00, 0x00,
    0x00, 0x38, 0x6c, 0x64, 0x60, 0xf0, 0x60, 0x60, 0x60, 0x60, 0xe6, 0xfc,
    0x00, 0x00, 0x00, 0x00, 0x00, 0x00, 0xc3, 0x66, 0x3c, 0x18, 0xff, 0x18,
    0xff, 0x18, 0x18, 0x18, 0x00, 0x00, 0x00, 0x00, 0x00, 0xfc, 0x66, 0x66,
    0x7c, 0x62, 0x66, 0x6f, 0x66, 0x66, 0x66, 0xf3, 0x00, 0x00, 0x00, 0x00,
    0x00, 0x0e, 0x1b, 0x18, 0x18, 0x18, 0x7e, 0x18, 0x18, 0x18, 0x18, 0x18,
    0xd8, 0x70, 0x00, 0x00, 0x00, 0x18, 0x30, 0x60, 0x00, 0x78, 0x0c, 0x7c,
    0xcc, 0xcc, 0xcc, 0x76, 0x00, 0x00, 0x00, 0x00, 0x00, 0x0c, 0x18, 0x30,
    0x00, 0x38, 0x18, 0x18, 0x18, 0x18, 0x18, 0x3c, 0x00, 0x00, 0x00, 0x00,
    0x00, 0x18, 0x30, 0x60, 0x00, 0x7c, 0xc6, 0xc6, 0xc6, 0xc6, 0xc6, 0x7c,
    0x00, 0x00, 0x00, 0x00, 0x00, 0x18, 0x30, 0x60, 0x00, 0xcc, 0xcc, 0xcc,
    0xcc, 0xcc, 0xcc, 0x76, 0x00, 0x00, 0x00, 0x00, 0x00, 0x00, 0x76, 0xdc,
    0x00, 0xdc, 0x66, 0x66, 0x66, 0x66, 0x66, 0x66, 0x00, 0x00, 0x00, 0x00,
    0x76, 0xdc, 0x00, 0xc6, 0xe6, 0xf6, 0xfe, 0xde, 0xce, 0xc6, 0xc6, 0xc6,
    0x00, 0x00, 0x00, 0x00, 0x00, 0x3c, 0x6c, 0x6c, 0x3e, 0x00, 0x7e, 0x00,
    0x00, 0x00, 0x00, 0x00, 0x00, 0x00, 0x00, 0x00, 0x00, 0x38, 0x6c, 0x6c,
    0x38, 0x00, 0x7c, 0x00, 0x00, 0x00, 0x00, 0x00, 0x00, 0x00, 0x00, 0x00,
    0x00, 0x00, 0x30, 0x30, 0x00, 0x30, 0x30, 0x60, 0xc0, 0xc6, 0xc6, 0x7c,
    0x00, 0x00, 0x00, 0x00, 0x00, 0x00, 0x00, 0x00, 0x00, 0x00, 0xfe, 0xc0,
    0xc0, 0xc0, 0xc0, 0x00, 0x00, 0x00, 0x00, 0x00, 0x00, 0x00, 0x00, 0x00,
    0x00, 0x00, 0xfe, 0x06, 0x06, 0x06, 0x06, 0x00, 0x00, 0x00, 0x00, 0x00,
    0x00, 0xc0, 0xc0, 0xc2, 0xc6, 0xcc, 0x18, 0x30, 0x60, 0xce, 0x9b, 0x06,
    0x0c, 0x1f, 0x00, 0x00, 0x00, 0xc0, 0xc0, 0xc2, 0xc6, 0xcc, 0x18, 0x30,
    0x66, 0xce, 0x96, 0x3e, 0x06, 0x06, 0x00, 0x00, 0x00, 0x00, 0x18, 0x18,
    0x00, 0x18, 0x18, 0x18, 0x3c, 0x3c, 0x3c, 0x18, 0x00, 0x00, 0x00, 0x00,
    0x00, 0x00, 0x00, 0x00, 0x00, 0x36, 0x6c, 0xd8, 0x6c, 0x36, 0x00, 0x00,
    0x00, 0x00, 0x00, 0x00, 0x00, 0x00, 0x00, 0x00, 0x00, 0xd8, 0x6c, 0x36,
    0x6c, 0xd8, 0x00, 0x00, 0x00, 0x00, 0x00, 0x00, 0x11, 0x44, 0x11, 0x44,
    0x11, 0x44, 0x11, 0x44, 0x11, 0x44, 0x11, 0x44, 0x11, 0x44, 0x11, 0x44,
    0x55, 0xaa, 0x55, 0xaa, 0x55, 0xaa, 0x55, 0xaa, 0x55, 0xaa, 0x55, 0xaa,
    0x55, 0xaa, 0x55, 0xaa, 0xdd, 0x77, 0xdd, 0x77, 0xdd, 0x77, 0xdd, 0x77,
    0xdd, 0x77, 0xdd, 0x77, 0xdd, 0x77, 0xdd, 0x77, 0x18, 0x18, 0x18, 0x18,
    0x18, 0x18, 0x18, 0x18, 0x18, 0x18, 0x18, 0x18, 0x18, 0x18, 0x18, 0x18,
    0x18, 0x18, 0x18, 0x18, 0x18, 0x18, 0x18, 0xf8, 0x18, 0x18, 0x18, 0x18,
    0x18, 0x18, 0x18, 0x18, 0x18, 0x18, 0x18, 0x18, 0x18, 0xf8, 0x18, 0xf8,
    0x18, 0x18, 0x18, 0x18, 0x18, 0x18, 0x18, 0x18, 0x36, 0x36, 0x36, 0x36,
    0x36, 0x36, 0x36, 0xf6, 0x36, 0x36, 0x36, 0x36, 0x36, 0x36, 0x36, 0x36,
    0x00, 0x00, 0x00, 0x00, 0x00, 0x00, 0x00, 0xfe, 0x36, 0x36, 0x36, 0x36,
    0x36, 0x36, 0x36, 0x36, 0x00, 0x00, 0x00, 0x00, 0x00, 0xf8, 0x18, 0xf8,
    0x18, 0x18, 0x18, 0x18, 0x18, 0x18, 0x18, 0x18, 0x36, 0x36, 0x36, 0x36,
    0x36, 0xf6, 0x06, 0xf6, 0x36, 0x36, 0x36, 0x36, 0x36, 0x36, 0x36, 0x36,
    0x36, 0x36, 0x36, 0x36, 0x36, 0x36, 0x36, 0x36, 0x36, 0x36, 0x36, 0x36,
    0x36, 0x36, 0x36, 0x36, 0x00, 0x00, 0x00, 0x00, 0x00, 0xfe, 0x06, 0xf6,
    0x36, 0x36, 0x36, 0x36, 0x36, 0x36, 0x36, 0x36, 0x36, 0x36, 0x36, 0x36,
    0x36, 0xf6, 0x06, 0xfe, 0x00, 0x00, 0x00, 0x00, 0x00, 0x00, 0x00, 0x00,
    0x36, 0x36, 0x36, 0x36, 0x36, 0x36, 0x36, 0xfe, 0x00, 0x00, 0x00, 0x00,
    0x00, 0x00, 0x00, 0x00, 0x18, 0x18, 0x18, 0x18, 0x18, 0xf8, 0x18, 0xf8,
    0x00, 0x00, 0x00, 0x00, 0x00, 0x00, 0x00, 0x00, 0x00, 0x00, 0x00, 0x00,
    0x00, 0x00, 0x00, 0xf8, 0x18, 0x18, 0x18, 0x18, 0x18, 0x18, 0x18, 0x18,
    0x18, 0x18, 0x18, 0x18, 0x18, 0x18, 0x18, 0x1f, 0x00, 0x00, 0x00, 0x00,
    0x00, 0x00, 0x00, 0x00, 0x18, 0x18, 0x18, 0x18, 0x18, 0x18, 0x18, 0xff,
    0x00, 0x00, 0x00, 0x00, 0x00, 0x00, 0x00, 0x00, 0x00, 0x00, 0x00, 0x00,
    0x00, 0x00, 0x00, 0xff, 0x18, 0x18, 0x18, 0x18, 0x18, 0x18, 0x18, 0x18,
    0x18, 0x18, 0x18, 0x18, 0x18, 0x18, 0x18, 0x1f, 0x18, 0x18, 0x18, 0x18,
    0x18, 0x18, 0x18, 0x18, 0x00, 0x00, 0x00, 0x00, 0x00, 0x00, 0x00, 0xff,
    0x00, 0x00, 0x00, 0x00, 0x00, 0x00, 0x00, 0x00, 0x18, 0x18, 0x18, 0x18,
    0x18, 0x18, 0x18, 0xff, 0x18, 0x18, 0x18, 0x18, 0x18, 0x18, 0x18, 0x18,
    0x18, 0x18, 0x18, 0x18, 0x18, 0x1f, 0x18, 0x1f, 0x18, 0x18, 0x18, 0x18,
    0x18, 0x18, 0x18, 0x18, 0x36, 0x36, 0x36, 0x36, 0x36, 0x36, 0x36, 0x37,
    0x36, 0x36, 0x36, 0x36, 0x36, 0x36, 0x36, 0x36, 0x36, 0x36, 0x36, 0x36,
    0x36, 0x37, 0x30, 0x3f, 0x00, 0x00, 0x00, 0x00, 0x00, 0x00, 0x00, 0x00,
    0x00, 0x00, 0x00, 0x00, 0x00, 0x3f, 0x30, 0x37, 0x36, 0x36, 0x36, 0x36,
    0x36, 0x36, 0x36, 0x36, 0x36, 0x36, 0x36, 0x36, 0x36, 0xf7, 0x00, 0xff,
    0x00, 0x00, 0x00, 0x00, 0x00, 0x00, 0x00, 0x00, 0x00, 0x00, 0x00, 0x00,
    0x00, 0xff, 0x00, 0xf7, 0x36, 0x36, 0x36, 0x36, 0x36, 0x36, 0x36, 0x36,
    0x36, 0x36, 0x36, 0x36, 0x36, 0x37, 0x30, 0x37, 0x36, 0x36, 0x36, 0x36,
    0x36, 0x36, 0x36, 0x36, 0x00, 0x00, 0x00, 0x00, 0x00, 0xff, 0x00, 0xff,
    0x00, 0x00, 0x00, 0x00, 0x00, 0x00, 0x00, 0x00, 0x36, 0x36, 0x36, 0x36,
    0x36, 0xf7, 0x00, 0xf7, 0x36, 0x36, 0x36, 0x36, 0x36, 0x36, 0x36, 0x36,
    0x18, 0x18, 0x18, 0x18, 0x18, 0xff, 0x00, 0xff, 0x00, 0x00, 0x00, 0x00,
    0x00, 0x00, 0x00, 0x00, 0x36, 0x36, 0x36, 0x36, 0x36, 0x36, 0x36, 0xff,
    0x00, 0x00, 0x00, 0x00, 0x00, 0x00, 0x00, 0x00, 0x00, 0x00, 0x00, 0x00,
    0x00, 0xff, 0x00, 0xff, 0x18, 0x18, 0x18, 0x18, 0x18, 0x18, 0x18, 0x18,
    0x00, 0x00, 0x00, 0x00, 0x00, 0x00, 0x00, 0xff, 0x36, 0x36, 0x36, 0x36,
    0x36, 0x36, 0x36, 0x36, 0x36, 0x36, 0x36, 0x36, 0x36, 0x36, 0x36, 0x3f,
    0x00, 0x00, 0x00, 0x00, 0x00, 0x00, 0x00, 0x00, 0x18, 0x18, 0x18, 0x18,
    0x18, 0x1f, 0x18, 0x1f, 0x00, 0x00, 0x00, 0x00, 0x00, 0x00, 0x00, 0x00,
    0x00, 0x00, 0x00, 0x00, 0x00, 0x1f, 0x18, 0x1f, 0x18, 0x18, 0x18, 0x18,
    0x18, 0x18, 0x18, 0x18, 0x00, 0x00, 0x00, 0x00, 0x00, 0x00, 0x00, 0x3f,
    0x36, 0x36, 0x36, 0x36, 0x36, 0x36, 0x36, 0x36, 0x36, 0x36, 0x36, 0x36,
    0x36, 0x36, 0x36, 0xff, 0x36, 0x36, 0x36, 0x36, 0x36, 0x36, 0x36, 0x36,
    0x18, 0x18, 0x18, 0x18, 0x18, 0xff, 0x18, 0xff, 0x18, 0x18, 0x18, 0x18,
    0x18, 0x18, 0x18, 0x18, 0x18, 0x18, 0x18, 0x18, 0x18, 0x18, 0x18, 0xf8,
    0x00, 0x00, 0x00, 0x00, 0x00, 0x00, 0x00, 0x00, 0x00, 0x00, 0x00, 0x00,
    0x00, 0x00, 0x00, 0x1f, 0x18, 0x18, 0x18, 0x18, 0x18, 0x18, 0x18, 0x18,
    0xff, 0xff, 0xff, 0xff, 0xff, 0xff, 0xff, 0xff, 0xff, 0xff, 0xff, 0xff,
    0xff, 0xff, 0xff, 0xff, 0x00, 0x00, 0x00, 0x00, 0x00, 0x00, 0x00, 0xff,
    0xff, 0xff, 0xff, 0xff, 0xff, 0xff, 0xff, 0xff, 0xf0, 0xf0, 0xf0, 0xf0,
    0xf0, 0xf0, 0xf0, 0xf0, 0xf0, 0xf0, 0xf0, 0xf0, 0xf0, 0xf0, 0xf0, 0xf0,
    0x0f, 0x0f, 0x0f, 0x0f, 0x0f, 0x0f, 0x0f, 0x0f, 0x0f, 0x0f, 0x0f, 0x0f,
    0x0f, 0x0f, 0x0f, 0x0f, 0xff, 0xff, 0xff, 0xff, 0xff, 0xff, 0xff, 0x00,
    0x00, 0x00, 0x00, 0x00, 0x00, 0x00, 0x00, 0x00, 0x00, 0x00, 0x00, 0x00,
    0x00, 0x76, 0xdc, 0xd8, 0xd8, 0xd8, 0xdc, 0x76, 0x00, 0x00, 0x00, 0x00,
    0x00, 0x00, 0x78, 0xcc, 0xcc, 0xcc, 0xd8, 0xcc, 0xc6, 0xc6, 0xc6, 0xcc,
    0x00, 0x00, 0x00, 0x00, 0x00, 0x00, 0xfe, 0xc6, 0xc6, 0xc0, 0xc0, 0xc0,
    0xc0, 0xc0, 0xc0, 0xc0, 0x00, 0x00, 0x00, 0x00, 0x00, 0x00, 0x00, 0x00,
    0xfe, 0x6c, 0x6c, 0x6c, 0x6c, 0x6c, 0x6c, 0x6c, 0x00, 0x00, 0x00, 0x00,
    0x00, 0x00, 0x00, 0xfe, 0xc6, 0x60, 0x30, 0x18, 0x30, 0x60, 0xc6, 0xfe,
    0x00, 0x00, 0x00, 0x00, 0x00, 0x00, 0x00, 0x00, 0x00, 0x7e, 0xd8, 0xd8,
    0xd8, 0xd8, 0xd8, 0x70, 0x00, 0x00, 0x00, 0x00, 0x00, 0x00, 0x00, 0x00,
    0x66, 0x66, 0x66, 0x66, 0x66, 0x7c, 0x60, 0x60, 0xc0, 0x00, 0x00, 0x00,
    0x00, 0x00, 0x00, 0x00, 0x76, 0xdc, 0x18, 0x18, 0x18, 0x18, 0x18, 0x18,
    0x00, 0x00, 0x00, 0x00, 0x00, 0x00, 0x00, 0x7e, 0x18, 0x3c, 0x66, 0x66,
    0x66, 0x3c, 0x18, 0x7e, 0x00, 0x00, 0x00, 0x00, 0x00, 0x00, 0x00, 0x38,
    0x6c, 0xc6, 0xc6, 0xfe, 0xc6, 0xc6, 0x6c, 0x38, 0x00, 0x00, 0x00, 0x00,
    0x00, 0x00, 0x38, 0x6c, 0xc6, 0xc6, 0xc6, 0x6c, 0x6c, 0x6c, 0x6c, 0xee,
    0x00, 0x00, 0x00, 0x00, 0x00, 0x00, 0x1e, 0x30, 0x18, 0x0c, 0x3e, 0x66,
    0x66, 0x66, 0x66, 0x3c, 0x00, 0x00, 0x00, 0x00, 0x00, 0x00, 0x00, 0x00,
    0x00, 0x7e, 0xdb, 0xdb, 0xdb, 0x7e, 0x00, 0x00, 0x00, 0x00, 0x00, 0x00,
    0x00, 0x00, 0x00, 0x03, 0x06, 0x7e, 0xdb, 0xdb, 0xf3, 0x7e, 0x60, 0xc0,
    0x00, 0x00, 0x00, 0x00, 0x00, 0x00, 0x1c, 0x30, 0x60, 0x60, 0x7c, 0x60,
    0x60, 0x60, 0x30, 0x1c, 0x00, 0x00, 0x00, 0x00, 0x00, 0x00, 0x00, 0x7c,
    0xc6, 0xc6, 0xc6, 0xc6, 0xc6, 0xc6, 0xc6, 0xc6, 0x00, 0x00, 0x00, 0x00,
    0x00, 0x00, 0x00, 0x00, 0xfe, 0x00, 0x00, 0xfe, 0x00, 0x00, 0xfe, 0x00,
    0x00, 0x00, 0x00, 0x00, 0x00, 0x00, 0x00, 0x00, 0x18, 0x18, 0x7e, 0x18,
    0x18, 0x00, 0x00, 0xff, 0x00, 0x00, 0x00, 0x00, 0x00, 0x00, 0x00, 0x30,
    0x18, 0x0c, 0x06, 0x0c, 0x18, 0x30, 0x00, 0x7e, 0x00, 0x00, 0x00, 0x00,
    0x00, 0x00, 0x00, 0x0c, 0x18, 0x30, 0x60, 0x30, 0x18, 0x0c, 0x00, 0x7e,
    0x00, 0x00, 0x00, 0x00, 0x00, 0x00, 0x0e, 0x1b, 0x1b, 0x1b, 0x18, 0x18,
    0x18, 0x18, 0x18, 0x18, 0x18, 0x18, 0x18, 0x18, 0x18, 0x18, 0x18, 0x18,
    0x18, 0x18, 0x18, 0x18, 0xd8, 0xd8, 0xd8, 0x70, 0x00, 0x00, 0x00, 0x00,
    0x00, 0x00, 0x00, 0x00, 0x18, 0x18, 0x00, 0x7e, 0x00, 0x18, 0x18, 0x00,
    0x00, 0x00, 0x00, 0x00, 0x00, 0x00, 0x00, 0x00, 0x00, 0x76, 0xdc, 0x00,
    0x76, 0xdc, 0x00, 0x00, 0x00, 0x00, 0x00, 0x00, 0x00, 0x38, 0x6c, 0x6c,
    0x38, 0x00, 0x00, 0x00, 0x00, 0x00, 0x00, 0x00, 0x00, 0x00, 0x00, 0x00,
    0x00, 0x00, 0x00, 0x00, 0x00, 0x00, 0x00, 0x18, 0x18, 0x00, 0x00, 0x00,
    0x00, 0x00, 0x00, 0x00, 0x00, 0x00, 0x00, 0x00, 0x00, 0x00, 0x00, 0x00,
    0x18, 0x00, 0x00, 0x00, 0x00, 0x00, 0x00, 0x00, 0x00, 0x0f, 0x0c, 0x0c,
    0x0c, 0x0c, 0x0c, 0xec, 0x6c, 0x6c, 0x3c, 0x1c, 0x00, 0x00, 0x00, 0x00,
    0x00, 0xd8, 0x6c, 0x6c, 0x6c, 0x6c, 0x6c, 0x00, 0x00, 0x00, 0x00, 0x00,
    0x00, 0x00, 0x00, 0x00, 0x00, 0x70, 0xd8, 0x30, 0x60, 0xc8, 0xf8, 0x00,
    0x00, 0x00, 0x00, 0x00, 0x00, 0x00, 0x00, 0x00, 0x00, 0x00, 0x00, 0x00,
    0x7c, 0x7c, 0x7c, 0x7c, 0x7c, 0x7c, 0x7c, 0x00, 0x00, 0x00, 0x00, 0x00,
    0x00, 0x00, 0x00, 0x00, 0x00, 0x00, 0x00, 0x00, 0x00, 0x00, 0x00, 0x00,
    0x00, 0x00, 0x00, 0x00, 0x74, 0x18, 0x40, 0x00, 0x77, 0x18, 0x40, 0x00,
    0x7a, 0x18, 0x40, 0x00, 0x7c, 0x18, 0x40, 0x00, 0x7e, 0x18, 0x40, 0x00,
    0x80, 0x18, 0x40, 0x00, 0x82, 0x18, 0x40, 0x00, 0x84, 0x18, 0x40, 0x00,
    0x86, 0x18, 0x40, 0x00, 0x88, 0x18, 0x40, 0x00, 0x8a, 0x18, 0x40, 0x00,
    0x8c, 0x18, 0x40, 0x00, 0x8e, 0x18, 0x40, 0x00, 0x90, 0x18, 0x40, 0x00,
    0x92, 0x18, 0x40, 0x00, 0x94, 0x18, 0x40, 0x00, 0x96, 0x18, 0x40, 0x00,
    0x98, 0x18, 0x40, 0x00, 0x9a, 0x18, 0x40, 0x00, 0x9c, 0x18, 0x40, 0x00,
    0x01, 0x00, 0x00, 0x00, 0xff, 0xff, 0xff, 0xff, 0x00, 0x00, 0x00, 0x00,
    0x00, 0x00, 0x00, 0x00, 0x00, 0x00, 0x00, 0x00, 0x00, 0x00, 0x00, 0x00,
    0x01, 0x00, 0x00, 0x00, 0x00, 0x00, 0x00, 0x00, 0x00, 0x00, 0x00, 0x00,
    0x04, 0x00, 0xf1, 0xff, 0x0c, 0x00, 0x00, 0x00, 0x00, 0x00, 0x00, 0x00,
    0x00, 0x00, 0x00, 0x00, 0x04, 0x00, 0xf1, 0xff, 0x13, 0x00, 0x00, 0x00,
    0x60, 0x18, 0x40, 0x00, 0x14, 0x00, 0x00, 0x00, 0x01, 0x00, 0x02, 0x00,
    0x18, 0x00, 0x00, 0x00, 0xa0, 0x29, 0x40, 0x00, 0x50, 0x00, 0x00, 0x00,
    0x01, 0x00, 0x03, 0x00, 0x1f, 0x00, 0x00, 0x00, 0x00, 0x2a, 0x40, 0x00,
    0x08, 0x00, 0x00, 0x00, 0x01, 0x00, 0x04, 0x00, 0x23, 0x00, 0x00, 0x00,
    0x08, 0x2a, 0x40, 0x00, 0x01, 0x00, 0x00, 0x00, 0x01, 0x00, 0x04, 0x00,
    0x2f, 0x00, 0x00, 0x00, 0x0c, 0x2a, 0x40, 0x00, 0x18, 0x00, 0x00, 0x00,
    0x01, 0x00, 0x04, 0x00, 0x5f, 0x00, 0x00, 0x00, 0x24, 0x2a, 0x40, 0x00,
    0x18, 0x00, 0x00, 0x00, 0x01, 0x00, 0x04, 0x00, 0x2b, 0x00, 0x00, 0x00,
    0xf0, 0x29, 0x40, 0x00, 0x04, 0x00, 0x00, 0x00, 0x01, 0x00, 0x03, 0x00,
    0x35, 0x00, 0x00, 0x00, 0x3c, 0x2a, 0x40, 0x00, 0x04, 0x00, 0x00, 0x00,
    0x01, 0x00, 0x04, 0x00, 0x3b, 0x00, 0x00, 0x00, 0xf4, 0x29, 0x40, 0x00,
    0x04, 0x00, 0x00, 0x00, 0x01, 0x00, 0x03, 0x00, 0x41, 0x00, 0x00, 0x00,
    0x94, 0x00, 0x40, 0x00, 0xe7, 0x00, 0x00, 0x00, 0x02, 0x00, 0x01, 0x00,
    0x4b, 0x00, 0x00, 0x00, 0xa0, 0x18, 0x40, 0x00, 0x58, 0x00, 0x00, 0x00,
    0x01, 0x00, 0x02, 0x00, 0x51, 0x00, 0x00, 0x00, 0x7b, 0x01, 0x40, 0x00,
    0xa1, 0x01, 0x00, 0x00, 0x02, 0x00, 0x01, 0x00, 0x57, 0x00, 0x00, 0x00,
    0x1c, 0x03, 0x40, 0x00, 0x99, 0x01, 0x00, 0x00, 0x02, 0x00, 0x01, 0x00,
    0x5b, 0x00, 0x00, 0x00, 0xb5, 0x04, 0x40, 0x00, 0x4c, 0x00, 0x00, 0x00,
    0x02, 0x00, 0x01, 0x00, 0x64, 0x00, 0x00, 0x00, 0x01, 0x05, 0x40, 0x00,
    0x14, 0x00, 0x00, 0x00, 0x02, 0x00, 0x01, 0x00, 0x6f, 0x00, 0x00, 0x00,
    0x15, 0x05, 0x40, 0x00, 0x3b, 0x00, 0x00, 0x00, 0x02, 0x00, 0x01, 0x00,
    0x79, 0x00, 0x00, 0x00, 0x50, 0x05, 0x40, 0x00, 0x80, 0x00, 0x00, 0x00,
    0x02, 0x00, 0x01, 0x00, 0x84, 0x00, 0x00, 0x00, 0xd0, 0x05, 0x40, 0x00,
    0xce, 0x00, 0x00, 0x00, 0x02, 0x00, 0x01, 0x00, 0x8a, 0x00, 0x00, 0x00,
    0x9e, 0x06, 0x40, 0x00, 0xbc, 0x00, 0x00, 0x00, 0x02, 0x00, 0x01, 0x00,
    0x97, 0x00, 0x00, 0x00, 0x5a, 0x07, 0x40, 0x00, 0xbf, 0x00, 0x00, 0x00,
    0x02, 0x00, 0x01, 0x00, 0xa2, 0x00, 0x00, 0x00, 0x19, 0x08, 0x40, 0x00,
    0x18, 0x01, 0x00, 0x00, 0x02, 0x00, 0x01, 0x00, 0xac, 0x00, 0x00, 0x00,
    0x31, 0x09, 0x40, 0x00, 0x80, 0x00, 0x00, 0x00, 0x02, 0x00, 0x01, 0x00,
    0xb9, 0x00, 0x00, 0x00, 0xb1, 0x09, 0x40, 0x00, 0x49, 0x00, 0x00, 0x00,
    0x02, 0x00, 0x01, 0x00, 0xc8, 0x00, 0x00, 0x00, 0xfa, 0x09, 0x40, 0x00,
    0x0f, 0x01, 0x00, 0x00, 0x02, 0x00, 0x01, 0x00, 0xd6, 0x00, 0x00, 0x00,
    0x09, 0x0b, 0x40, 0x00, 0x5c, 0x00, 0x00, 0x00, 0x02, 0x00, 0x01, 0x00,
    0xe7, 0x00, 0x00, 0x00, 0x65, 0x0b, 0x40, 0x00, 0xaf, 0x00, 0x00, 0x00,
    0x02, 0x00, 0x01, 0x00, 0xf2, 0x00, 0x00, 0x00, 0x14, 0x0c, 0x40, 0x00,
    0x23, 0x01, 0x00, 0x00, 0x02, 0x00, 0x01, 0x00, 0xfe, 0x00, 0x00, 0x00,
    0x37, 0x0d, 0x40, 0x00, 0x59, 0x01, 0x00, 0x00, 0x02, 0x00, 0x01, 0x00,
    0x03, 0x01, 0x00, 0x00, 0x90, 0x0e, 0x40, 0x00, 0xb5, 0x00, 0x00, 0x00,
    0x02, 0x00, 0x01, 0x00, 0x0e, 0x01, 0x00, 0x00, 0x45, 0x0f, 0x40, 0x00,
    0x2c, 0x00, 0x00, 0x00, 0x02, 0x00, 0x01, 0x00, 0x17, 0x01, 0x00, 0x00,
    0x71, 0x0f, 0x40, 0x00, 0xb9, 0x00, 0x00, 0x00, 0x02, 0x00, 0x01, 0x00,
    0x22, 0x01, 0x00, 0x00, 0x00, 0x00, 0x00, 0x00, 0x00, 0x00, 0x00, 0x00,
    0x04, 0x00, 0xf1, 0xff, 0x29, 0x01, 0x00, 0x00, 0x00, 0x00, 0x00, 0x00,
    0x00, 0x00, 0x00, 0x00, 0x04, 0x00, 0xf1, 0xff, 0x30, 0x01, 0x00, 0x00,
    0xa0, 0x19, 0x40, 0x00, 0x00, 0x10, 0x00, 0x00, 0x01, 0x00, 0x02, 0x00,
    0x3a, 0x01, 0x00, 0x00, 0x40, 0x2a, 0x40, 0x00, 0x60, 0x9f, 0x00, 0x00,
    0x01, 0x00, 0x04, 0x00, 0x4f, 0x01, 0x00, 0x00, 0xa0, 0xc9, 0x40, 0x00,
    0x00, 0x08, 0x00, 0x00, 0x01, 0x00, 0x04, 0x00, 0x3d, 0x01, 0x00, 0x00,
    0xa0, 0xd1, 0x40, 0x00, 0x04, 0x00, 0x00, 0x00, 0x01, 0x00, 0x04, 0x00,
    0x49, 0x01, 0x00, 0x00, 0x49, 0x13, 0x40, 0x00, 0x8e, 0x00, 0x00, 0x00,
    0x02, 0x00, 0x01, 0x00, 0x55, 0x01, 0x00, 0x00, 0x00, 0x00, 0x00, 0x00,
    0x00, 0x00, 0x00, 0x00, 0x04, 0x00, 0xf1, 0xff, 0x5e, 0x01, 0x00, 0x00,
    0x00, 0x00, 0x00, 0x00, 0x00, 0x00, 0x00, 0x00, 0x04, 0x00, 0xf1, 0xff,
    0x67, 0x01, 0x00, 0x00, 0x00, 0x00, 0x00, 0x00, 0x00, 0x00, 0x00, 0x00,
    0x04, 0x00, 0xf1, 0xff, 0x71, 0x01, 0x00, 0x00, 0x00, 0x00, 0x00, 0x00,
    0x00, 0x00, 0x00, 0x00, 0x04, 0x00, 0xf1, 0xff, 0x79, 0x01, 0x00, 0x00,
    0x00, 0x00, 0x00, 0x00, 0x00, 0x00, 0x00, 0x00, 0x04, 0x00, 0xf1, 0xff,
    0x80, 0x01, 0x00, 0x00, 0x00, 0x00, 0x00, 0x00, 0x00, 0x00, 0x00, 0x00,
    0x04, 0x00, 0xf1, 0xff, 0x88, 0x01, 0x00, 0x00, 0x5c, 0x17, 0x40, 0x00,
    0x30, 0x00, 0x00, 0x00, 0x12, 0x00, 0x01, 0x00, 0x8f, 0x01, 0x00, 0x00,
    0x8c, 0x17, 0x40, 0x00, 0x77, 0x00, 0x00, 0x00, 0x12, 0x00, 0x01, 0x00,
    0x97, 0x01, 0x00, 0x00, 0x61, 0x14, 0x40, 0x00, 0x3b, 0x00, 0x00, 0x00,
    0x12, 0x00, 0x01, 0x00, 0xa1, 0x01, 0x00, 0x00, 0x9c, 0x14, 0x40, 0x00,
    0x30, 0x00, 0x00, 0x00, 0x12, 0x00, 0x01, 0x00, 0xb2, 0x01, 0x00, 0x00,
    0x39, 0x18, 0x40, 0x00, 0x1b, 0x00, 0x00, 0x00, 0x12, 0x00, 0x01, 0x00,
    0xb8, 0x01, 0x00, 0x00, 0x33, 0x11, 0x40, 0x00, 0x2f, 0x00, 0x00, 0x00,
    0x12, 0x00, 0x01, 0x00, 0xc3, 0x01, 0x00, 0x00, 0x5c, 0x12, 0x40, 0x00,
    0x68, 0x00, 0x00, 0x00, 0x12, 0x00, 0x01, 0x00, 0xcd, 0x01, 0x00, 0x00,
    0x03, 0x18, 0x40, 0x00, 0x1b, 0x00, 0x00, 0x00, 0x12, 0x00, 0x01, 0x00,
    0xd3, 0x01, 0x00, 0x00, 0x37, 0x15, 0x40, 0x00, 0x3c, 0x00, 0x00, 0x00,
    0x12, 0x00, 0x01, 0x00, 0xde, 0x01, 0x00, 0x00, 0x26, 0x12, 0x40, 0x00,
    0x36, 0x00, 0x00, 0x00, 0x12, 0x00, 0x01, 0x00, 0xe9, 0x01, 0x00, 0x00,
    0x00, 0x00, 0x40, 0x00, 0x00, 0x00, 0x00, 0x00, 0x10, 0x00, 0x01, 0x00,
    0xf0, 0x01, 0x00, 0x00, 0x13, 0x00, 0x40, 0x00, 0x81, 0x00, 0x00, 0x00,
    0x12, 0x00, 0x01, 0x00, 0xf9, 0x01, 0x00, 0x00, 0x1e, 0x18, 0x40, 0x00,
    0x1b, 0x00, 0x00, 0x00, 0x12, 0x00, 0x01, 0x00, 0xfe, 0x01, 0x00, 0x00,
    0x9f, 0x11, 0x40, 0x00, 0x51, 0x00, 0x00, 0x00, 0x12, 0x00, 0x01, 0x00,
    0x0d, 0x02, 0x00, 0x00, 0x62, 0x11, 0x40, 0x00, 0x3d, 0x00, 0x00, 0x00,
    0x12, 0x00, 0x01, 0x00, 0x1c, 0x02, 0x00, 0x00, 0xd7, 0x13, 0x40, 0x00,
    0x8a, 0x00, 0x00, 0x00, 0x12, 0x00, 0x01, 0x00, 0x27, 0x02, 0x00, 0x00,
    0x2a, 0x10, 0x40, 0x00, 0xf0, 0x00, 0x00, 0x00, 0x12, 0x00, 0x01, 0x00,
    0x2c, 0x02, 0x00, 0x00, 0x07, 0x15, 0x40, 0x00, 0x30, 0x00, 0x00, 0x00,
    0x12, 0x00, 0x01, 0x00, 0x3c, 0x02, 0x00, 0x00, 0xcc, 0x14, 0x40, 0x00,
    0x3b, 0x00, 0x00, 0x00, 0x12, 0x00, 0x01, 0x00, 0x45, 0x02, 0x00, 0x00,
    0xc4, 0x12, 0x40, 0x00, 0x85, 0x00, 0x00, 0x00, 0x12, 0x00, 0x01, 0x00,
    0x4f, 0x02, 0x00, 0x00, 0x73, 0x15, 0x40, 0x00, 0xc2, 0x01, 0x00, 0x00,
    0x12, 0x00, 0x01, 0x00, 0x59, 0x02, 0x00, 0x00, 0xf0, 0x11, 0x40, 0x00,
    0x36, 0x00, 0x00, 0x00, 0x12, 0x00, 0x01, 0x00, 0x64, 0x02, 0x00, 0x00,
    0x1a, 0x11, 0x40, 0x00, 0x19, 0x00, 0x00, 0x00, 0x12, 0x00, 0x01, 0x00,
    0x69, 0x02, 0x00, 0x00, 0x35, 0x17, 0x40, 0x00, 0x27, 0x00, 0x00, 0x00,
    0x12, 0x00, 0x01, 0x00, 0x00, 0x63, 0x72, 0x74, 0x30, 0x5f, 0x76, 0x6e,
    0x75, 0x2e, 0x63, 0x00, 0x63, 0x61, 0x6c, 0x63, 0x2e, 0x63, 0x00, 0x6b,
    0x65, 0x79, 0x73, 0x00, 0x6c, 0x61, 0x62, 0x65, 0x6c, 0x73, 0x00, 0x61,
    0x63, 0x63, 0x00, 0x70, 0x65, 0x6e, 0x64, 0x69, 0x6e, 0x67, 0x00, 0x6e,
    0x65, 0x77, 0x5f, 0x65, 0x6e, 0x74, 0x72, 0x79, 0x00, 0x65, 0x72, 0x72,
    0x6f, 0x72, 0x00, 0x68, 0x6f, 0x76, 0x65, 0x72, 0x00, 0x70, 0x61, 0x72,
    0x73, 0x65, 0x5f, 0x6e, 0x75, 0x6d, 0x00, 0x70, 0x6f, 0x77, 0x31, 0x30,
    0x00, 0x66, 0x6d, 0x74, 0x5f, 0x70, 0x00, 0x66, 0x6d, 0x74, 0x00, 0x73,
    0x65, 0x74, 0x5f, 0x64, 0x69, 0x73, 0x70, 0x00, 0x65, 0x6e, 0x74, 0x72,
    0x79, 0x5f, 0x69, 0x6e, 0x69, 0x74, 0x00, 0x72, 0x65, 0x73, 0x65, 0x74,
    0x5f, 0x61, 0x6c, 0x6c, 0x00, 0x73, 0x65, 0x74, 0x5f, 0x72, 0x65, 0x73,
    0x75, 0x6c, 0x74, 0x00, 0x61, 0x70, 0x70, 0x6c, 0x79, 0x00, 0x68, 0x61,
    0x6e, 0x64, 0x6c, 0x65, 0x5f, 0x64, 0x69, 0x67, 0x69, 0x74, 0x00, 0x68,
    0x61, 0x6e, 0x64, 0x6c, 0x65, 0x5f, 0x64, 0x6f, 0x74, 0x00, 0x68, 0x61,
    0x6e, 0x64, 0x6c, 0x65, 0x5f, 0x6f, 0x70, 0x00, 0x68, 0x61, 0x6e, 0x64,
    0x6c, 0x65, 0x5f, 0x65, 0x71, 0x75, 0x61, 0x6c, 0x00, 0x68, 0x61, 0x6e,
    0x64, 0x6c, 0x65, 0x5f, 0x70, 0x65, 0x72, 0x63, 0x65, 0x6e, 0x74, 0x00,
    0x68, 0x61, 0x6e, 0x64, 0x6c, 0x65, 0x5f, 0x6e, 0x65, 0x67, 0x61, 0x74,
    0x65, 0x00, 0x68, 0x61, 0x6e, 0x64, 0x6c, 0x65, 0x5f, 0x62, 0x61, 0x63,
    0x6b, 0x73, 0x70, 0x61, 0x63, 0x65, 0x00, 0x68, 0x61, 0x6e, 0x64, 0x6c,
    0x65, 0x5f, 0x6b, 0x65, 0x79, 0x00, 0x64, 0x72, 0x61, 0x77, 0x5f, 0x62,
    0x75, 0x74, 0x74, 0x6f, 0x6e, 0x00, 0x64, 0x72, 0x61, 0x77, 0x00, 0x68,
    0x69, 0x74, 0x5f, 0x62, 0x75, 0x74, 0x74, 0x6f, 0x6e, 0x00, 0x70, 0x72,
    0x65, 0x73, 0x73, 0x5f, 0x61, 0x74, 0x00, 0x72, 0x65, 0x6c, 0x65, 0x61,
    0x73, 0x65, 0x5f, 0x61, 0x74, 0x00, 0x65, 0x78, 0x69, 0x74, 0x2e, 0x63,
    0x00, 0x76, 0x67, 0x66, 0x78, 0x2e, 0x63, 0x00, 0x56, 0x47, 0x46, 0x58,
    0x5f, 0x46, 0x4f, 0x4e, 0x54, 0x00, 0x66, 0x62, 0x00, 0x66, 0x6f, 0x6e,
    0x74, 0x38, 0x5f, 0x62, 0x75, 0x69, 0x6c, 0x74, 0x00, 0x62, 0x75, 0x69,
    0x6c, 0x64, 0x5f, 0x66, 0x6f, 0x6e, 0x74, 0x38, 0x00, 0x73, 0x74, 0x72,
    0x6c, 0x65, 0x6e, 0x2e, 0x63, 0x00, 0x73, 0x74, 0x72, 0x63, 0x70, 0x79,
    0x2e, 0x63, 0x00, 0x73, 0x79, 0x73, 0x63, 0x61, 0x6c, 0x6c, 0x2e, 0x63,
    0x00, 0x77, 0x72, 0x69, 0x74, 0x65, 0x2e, 0x63, 0x00, 0x72, 0x65, 0x61,
    0x64, 0x2e, 0x63, 0x00, 0x6c, 0x73, 0x65, 0x65, 0x6b, 0x2e, 0x63, 0x00,
    0x73, 0x74, 0x72, 0x63, 0x70, 0x79, 0x00, 0x73, 0x79, 0x73, 0x63, 0x61,
    0x6c, 0x6c, 0x00, 0x76, 0x67, 0x66, 0x78, 0x5f, 0x73, 0x74, 0x72, 0x38,
    0x00, 0x76, 0x67, 0x66, 0x78, 0x5f, 0x74, 0x65, 0x78, 0x74, 0x5f, 0x77,
    0x69, 0x64, 0x74, 0x68, 0x38, 0x00, 0x6c, 0x73, 0x65, 0x65, 0x6b, 0x00,
    0x76, 0x67, 0x66, 0x78, 0x5f, 0x63, 0x6c, 0x65, 0x61, 0x72, 0x00, 0x76,
    0x67, 0x66, 0x78, 0x5f, 0x72, 0x65, 0x63, 0x74, 0x00, 0x77, 0x72, 0x69,
    0x74, 0x65, 0x00, 0x76, 0x67, 0x66, 0x78, 0x5f, 0x66, 0x6c, 0x75, 0x73,
    0x68, 0x00, 0x76, 0x67, 0x66, 0x78, 0x5f, 0x76, 0x6c, 0x69, 0x6e, 0x65,
    0x00, 0x5f, 0x73, 0x74, 0x61, 0x72, 0x74, 0x00, 0x5f, 0x73, 0x74, 0x61,
    0x72, 0x74, 0x5f, 0x63, 0x00, 0x72, 0x65, 0x61, 0x64, 0x00, 0x76, 0x67,
    0x66, 0x78, 0x5f, 0x66, 0x69, 0x6c, 0x6c, 0x5f, 0x72, 0x65, 0x63, 0x74,
    0x00, 0x76, 0x67, 0x66, 0x78, 0x5f, 0x70, 0x75, 0x74, 0x5f, 0x70, 0x69,
    0x78, 0x65, 0x6c, 0x00, 0x76, 0x67, 0x66, 0x78, 0x5f, 0x63, 0x68, 0x61,
    0x72, 0x38, 0x00, 0x6d, 0x61, 0x69, 0x6e, 0x00, 0x76, 0x67, 0x66, 0x78,
    0x5f, 0x74, 0x65, 0x78, 0x74, 0x5f, 0x77, 0x69, 0x64, 0x74, 0x68, 0x00,
    0x76, 0x67, 0x66, 0x78, 0x5f, 0x73, 0x74, 0x72, 0x00, 0x76, 0x67, 0x66,
    0x78, 0x5f, 0x63, 0x68, 0x61, 0x72, 0x00, 0x76, 0x67, 0x66, 0x78, 0x5f,
    0x70, 0x6f, 0x6c, 0x6c, 0x00, 0x76, 0x67, 0x66, 0x78, 0x5f, 0x68, 0x6c,
    0x69, 0x6e, 0x65, 0x00, 0x65, 0x78, 0x69, 0x74, 0x00, 0x73, 0x74, 0x72,
    0x6c, 0x65, 0x6e, 0x00, 0x00, 0x2e, 0x73, 0x79, 0x6d, 0x74, 0x61, 0x62,
    0x00, 0x2e, 0x73, 0x74, 0x72, 0x74, 0x61, 0x62, 0x00, 0x2e, 0x73, 0x68,
    0x73, 0x74, 0x72, 0x74, 0x61, 0x62, 0x00, 0x2e, 0x74, 0x65, 0x78, 0x74,
    0x00, 0x2e, 0x72, 0x6f, 0x64, 0x61, 0x74, 0x61, 0x00, 0x2e, 0x64, 0x61,
    0x74, 0x61, 0x00, 0x2e, 0x62, 0x73, 0x73, 0x00, 0x00, 0x00, 0x00, 0x00,
    0x00, 0x00, 0x00, 0x00, 0x00, 0x00, 0x00, 0x00, 0x00, 0x00, 0x00, 0x00,
    0x00, 0x00, 0x00, 0x00, 0x00, 0x00, 0x00, 0x00, 0x00, 0x00, 0x00, 0x00,
    0x00, 0x00, 0x00, 0x00, 0x00, 0x00, 0x00, 0x00, 0x00, 0x00, 0x00, 0x00,
    0x1b, 0x00, 0x00, 0x00, 0x01, 0x00, 0x00, 0x00, 0x06, 0x00, 0x00, 0x00,
    0x00, 0x00, 0x40, 0x00, 0x00, 0x10, 0x00, 0x00, 0x54, 0x18, 0x00, 0x00,
    0x00, 0x00, 0x00, 0x00, 0x00, 0x00, 0x00, 0x00, 0x01, 0x00, 0x00, 0x00,
    0x00, 0x00, 0x00, 0x00, 0x21, 0x00, 0x00, 0x00, 0x01, 0x00, 0x00, 0x00,
    0x02, 0x00, 0x00, 0x00, 0x60, 0x18, 0x40, 0x00, 0x60, 0x28, 0x00, 0x00,
    0x40, 0x11, 0x00, 0x00, 0x00, 0x00, 0x00, 0x00, 0x00, 0x00, 0x00, 0x00,
    0x20, 0x00, 0x00, 0x00, 0x00, 0x00, 0x00, 0x00, 0x29, 0x00, 0x00, 0x00,
    0x01, 0x00, 0x00, 0x00, 0x03, 0x00, 0x00, 0x00, 0xa0, 0x29, 0x40, 0x00,
    0xa0, 0x39, 0x00, 0x00, 0x58, 0x00, 0x00, 0x00, 0x00, 0x00, 0x00, 0x00,
    0x00, 0x00, 0x00, 0x00, 0x20, 0x00, 0x00, 0x00, 0x00, 0x00, 0x00, 0x00,
    0x2f, 0x00, 0x00, 0x00, 0x08, 0x00, 0x00, 0x00, 0x03, 0x00, 0x00, 0x00,
    0x00, 0x2a, 0x40, 0x00, 0xf8, 0x39, 0x00, 0x00, 0xa4, 0xa7, 0x00, 0x00,
    0x00, 0x00, 0x00, 0x00, 0x00, 0x00, 0x00, 0x00, 0x20, 0x00, 0x00, 0x00,
    0x00, 0x00, 0x00, 0x00, 0x01, 0x00, 0x00, 0x00, 0x02, 0x00, 0x00, 0x00,
    0x00, 0x00, 0x00, 0x00, 0x00, 0x00, 0x00, 0x00, 0xf8, 0x39, 0x00, 0x00,
    0x70, 0x04, 0x00, 0x00, 0x06, 0x00, 0x00, 0x00, 0x2f, 0x00, 0x00, 0x00,
    0x04, 0x00, 0x00, 0x00, 0x10, 0x00, 0x00, 0x00, 0x09, 0x00, 0x00, 0x00,
    0x03, 0x00, 0x00, 0x00, 0x00, 0x00, 0x00, 0x00, 0x00, 0x00, 0x00, 0x00,
    0x68, 0x3e, 0x00, 0x00, 0x70, 0x02, 0x00, 0x00, 0x00, 0x00, 0x00, 0x00,
    0x00, 0x00, 0x00, 0x00, 0x01, 0x00, 0x00, 0x00, 0x00, 0x00, 0x00, 0x00,
    0x11, 0x00, 0x00, 0x00, 0x03, 0x00, 0x00, 0x00, 0x00, 0x00, 0x00, 0x00,
    0x00, 0x00, 0x00, 0x00, 0xd8, 0x40, 0x00, 0x00, 0x34, 0x00, 0x00, 0x00,
    0x00, 0x00, 0x00, 0x00, 0x00, 0x00, 0x00, 0x00, 0x01, 0x00, 0x00, 0x00,
    0x00, 0x00, 0x00, 0x00,
};
static const uint32_t embedded_calc_elf_size = 16972;
